{"display":{"thirdperson_righthand":{"rotation":[90.0,0.0,0.0],"translation":[0.0,-2.0,-1.0],"scale":[0.7,0.7,0.7]},"thirdperson_lefthand":{"rotation":[90.0,0.0,0.0],"translation":[0.0,-2.0,-1.0],"scale":[0.7,0.7,0.7]},"firstperson_righthand":{"rotation":[160.0,60.0,160.0],"translation":[0.25,3.75,2.25],"scale":[0.5,0.5,0.5]},"firstperson_lefthand":{"rotation":[160.0,60.0,160.0],"translation":[0.25,3.75,2.25],"scale":[0.5,0.5,0.5]},"ground":{"scale":[0.6,0.6,0.6]},"gui":{"rotation":[-160.0,-35.0,-180.0],"translation":[0.0,1.0,0.0]},"head":{"translation":[0.0,3.75,0.0],"scale":[1.81,1.81,1.81]},"fixed":{"rotation":[-90.0,0.0,0.0],"translation":[0.0,0.0,-6.0],"scale":[2.0,2.0,2.0]}},"elements":[{"from":[3.9,-0.6,3.9],"to":[12.1,10.6,12.1],"faces":{"north":{"uv":[10.0,2.0,12.0,4.75],"texture":"#14"},"east":{"uv":[8.0,2.0,10.0,4.75],"texture":"#14"},"south":{"uv":[14.0,2.0,16.0,4.75],"texture":"#14"},"west":{"uv":[12.0,2.0,14.0,4.75],"texture":"#14"},"up":{"uv":[10.0,2.0,12.0,0.0],"texture":"#14"},"down":{"uv":[8.0,0.0,10.0,2.0],"texture":"#14"}}}],"textures":{"14":"entity/illager/illusioner"},"gui_light":"front"}