{"display":{"fixed":{"rotation":[-90.0,0.0,0.0],"translation":[0.0,0.0,-8.0]}},"elements":[{"from":[7.0,1.0,7.0],"to":[9.0,3.0,9.0],"faces":{"down":{"uv":[9.0,10.0,8.0,11.0],"texture":"#1"},"up":{"uv":[11.0,8.0,10.0,7.0],"texture":"#1"},"north":{"uv":[10.0,5.0,11.0,6.0],"texture":"#1"},"south":{"uv":[10.0,6.0,11.0,7.0],"texture":"#1"},"west":{"uv":[7.0,10.0,8.0,11.0],"texture":"#1"},"east":{"uv":[6.0,10.0,7.0,11.0],"texture":"#1"}}},{"from":[6.975,6.475,5.975],"to":[9.025,8.525,10.025],"faces":{"down":{"uv":[4.0,9.5,3.0,11.5],"texture":"#1"},"up":{"uv":[3.0,11.5,2.0,9.5],"texture":"#1"},"north":{"uv":[7.0,5.0,8.0,6.0],"texture":"#1"},"south":{"uv":[5.0,10.0,6.0,11.0],"texture":"#1"},"west":{"uv":[0.0,9.5,2.0,10.5],"texture":"#1"},"east":{"uv":[8.0,9.0,10.0,10.0],"texture":"#1"}}},{"from":[6.0,0.0,6.0],"to":[10.0,1.0,10.0],"faces":{"down":{"uv":[9.0,0.0,7.0,2.0],"texture":"#1"},"up":{"uv":[8.0,8.0,6.0,6.0],"texture":"#1"},"north":{"uv":[10.0,8.0,12.0,8.5],"texture":"#1"},"south":{"uv":[9.0,10.0,11.0,10.5],"texture":"#1"},"west":{"uv":[10.0,9.0,12.0,9.5],"texture":"#1"},"east":{"uv":[10.0,8.5,12.0,9.0],"texture":"#1"}}},{"from":[7.0,6.0,7.0],"to":[9.0,7.0,9.0],"faces":{"down":{"uv":[2.0,10.5,1.0,11.5],"texture":"#1"},"up":{"uv":[1.0,11.5,0.0,10.5],"texture":"#1"},"north":{"uv":[11.0,6.5,12.0,7.0],"texture":"#1"},"south":{"uv":[11.0,7.5,12.0,8.0],"texture":"#1"},"west":{"uv":[8.0,11.0,9.0,11.5],"texture":"#1"},"east":{"uv":[11.0,7.0,12.0,7.5],"texture":"#1"}}},{"from":[1.4,6.9,7.0],"to":[5.4,6.901,14.0],"rotation":{"origin":[0.0,0.0,0.0],"axis":"y","angle":22.5},"faces":{"down":{"uv":[2.0,6.0,0.0,9.5],"texture":"#1"},"up":{"uv":[7.0,3.5,5.0,0.0],"texture":"#1"},"north":{"uv":[0.0,0.0,2.0,0.0],"texture":"#1"},"south":{"uv":[0.0,0.0,2.0,0.0],"texture":"#1"},"west":{"uv":[0.0,0.0,3.5,0.0],"texture":"#1"},"east":{"uv":[0.0,0.0,3.5,0.0],"texture":"#1"}}},{"from":[0.0,5.4,9.0],"to":[2.0,6.4,12.0],"rotation":{"origin":[0.0,0.0,0.0],"axis":"y","angle":22.5},"faces":{"down":{"uv":[11.0,2.0,10.0,3.5],"texture":"#1"},"up":{"uv":[11.0,2.0,10.0,0.5],"texture":"#1"},"north":{"uv":[9.0,11.0,10.0,11.5],"texture":"#1"},"south":{"uv":[10.0,11.0,11.0,11.5],"texture":"#1"},"west":{"uv":[11.0,4.0,12.5,4.5],"texture":"#1"},"east":{"uv":[11.0,3.5,12.5,4.0],"texture":"#1"}}},{"from":[-1.0,5.4,9.5],"to":[0.0,6.4,11.5],"rotation":{"origin":[0.0,0.0,0.0],"axis":"y","angle":22.5},"faces":{"down":{"uv":[0.5,11.5,0.0,12.5],"texture":"#1"},"up":{"uv":[11.5,12.0,11.0,11.0],"texture":"#1"},"north":{"uv":[7.5,9.5,8.0,10.0],"texture":"#1"},"south":{"uv":[5.5,11.5,6.0,12.0],"texture":"#1"},"west":{"uv":[11.0,10.5,12.0,11.0],"texture":"#1"},"east":{"uv":[11.0,10.0,12.0,10.5],"texture":"#1"}}},{"from":[-2.6,5.9,7.0],"to":[1.4,5.901,14.0],"rotation":{"origin":[0.0,0.0,0.0],"axis":"y","angle":22.5},"faces":{"down":{"uv":[6.0,6.0,4.0,9.5],"texture":"#1"},"up":{"uv":[4.0,9.5,2.0,6.0],"texture":"#1"},"north":{"uv":[0.0,0.0,2.0,0.0],"texture":"#1"},"south":{"uv":[0.0,0.0,2.0,0.0],"texture":"#1"},"west":{"uv":[0.0,0.0,3.5,0.0],"texture":"#1"},"east":{"uv":[0.0,0.0,3.5,0.0],"texture":"#1"}}},{"from":[1.4,5.9,7.0],"to":[1.401,6.9,14.0],"rotation":{"origin":[0.0,0.0,0.0],"axis":"y","angle":22.5},"faces":{"down":{"uv":[0.0,0.0,0.0,3.5],"texture":"#1"},"up":{"uv":[0.0,3.5,0.0,0.0],"texture":"#1"},"north":{"uv":[0.0,0.0,0.0,0.5],"texture":"#1"},"south":{"uv":[0.0,0.0,0.0,0.5],"texture":"#1"},"west":{"uv":[10.0,0.0,13.5,0.5],"texture":"#1"},"east":{"uv":[4.0,9.5,7.5,10.0],"texture":"#1"}}},{"from":[1.0,6.4,9.0],"to":[5.0,7.4,12.0],"rotation":{"origin":[0.0,0.0,0.0],"axis":"y","angle":22.5},"faces":{"down":{"uv":[9.0,3.5,7.0,5.0],"texture":"#1"},"up":{"uv":[9.0,3.5,7.0,2.0],"texture":"#1"},"north":{"uv":[10.0,9.5,12.0,10.0],"texture":"#1"},"south":{"uv":[9.0,10.5,11.0,11.0],"texture":"#1"},"west":{"uv":[5.0,11.0,6.5,11.5],"texture":"#1"},"east":{"uv":[11.0,4.5,12.5,5.0],"texture":"#1"}}},{"from":[11.0,6.575,6.5],"to":[15.0,7.575,9.5],"rotation":{"origin":[10.0,-1.4,-2.5],"axis":"z","angle":22.5},"faces":{"down":{"uv":[8.0,8.0,6.0,9.5],"texture":"#1"},"up":{"uv":[10.0,6.5,8.0,5.0],"texture":"#1"},"north":{"uv":[11.0,0.5,13.0,1.0],"texture":"#1"},"south":{"uv":[11.0,1.0,13.0,1.5],"texture":"#1"},"west":{"uv":[11.0,5.5,12.5,6.0],"texture":"#1"},"east":{"uv":[11.0,5.0,12.5,5.5],"texture":"#1"}}},{"from":[9.5,7.075,4.5],"to":[14.5,7.076,11.5],"rotation":{"origin":[9.5,-1.4,-2.5],"axis":"z","angle":22.5},"faces":{"down":{"uv":[5.0,0.0,2.5,3.5],"texture":"#1"},"up":{"uv":[2.5,3.5,0.0,0.0],"texture":"#1"},"north":{"uv":[0.0,0.0,2.5,0.0],"texture":"#1"},"south":{"uv":[0.0,0.0,2.5,0.0],"texture":"#1"},"west":{"uv":[0.0,0.0,3.5,0.0],"texture":"#1"},"east":{"uv":[0.0,0.0,3.5,0.0],"texture":"#1"}}},{"from":[4.2102,6.9793,6.525],"to":[6.2102,7.9793,9.525],"rotation":{"origin":[8.61016,0.00434,-2.5],"axis":"z","angle":-45.0},"faces":{"down":{"uv":[5.0,10.0,4.0,11.5],"texture":"#1"},"up":{"uv":[11.0,5.0,10.0,3.5],"texture":"#1"},"north":{"uv":[0.5,11.5,1.5,12.0],"texture":"#1"},"south":{"uv":[1.5,11.5,2.5,12.0],"texture":"#1"},"west":{"uv":[6.5,11.0,8.0,11.5],"texture":"#1"},"east":{"uv":[11.0,6.0,12.5,6.5],"texture":"#1"}}},{"from":[18.5038,-0.124,4.5],"to":[18.5048,4.876,11.5],"rotation":{"origin":[10.50383,-2.59896,-2.5],"axis":"z","angle":45.0},"faces":{"down":{"uv":[0.0,0.0,0.0,3.5],"texture":"#1"},"up":{"uv":[0.0,3.5,0.0,0.0],"texture":"#1"},"north":{"uv":[0.0,0.0,0.0,2.5],"texture":"#1"},"south":{"uv":[0.0,0.0,0.0,2.5],"texture":"#1"},"west":{"uv":[3.5,3.5,7.0,6.0],"texture":"#1"},"east":{"uv":[0.0,3.5,3.5,6.0],"texture":"#1"}}},{"from":[6.2102,6.9793,7.025],"to":[7.2102,7.9793,9.025],"rotation":{"origin":[8.61016,0.00434,-2.5],"axis":"z","angle":-45.0},"faces":{"down":{"uv":[5.5,11.5,5.0,12.5],"texture":"#1"},"up":{"uv":[5.0,12.5,4.5,11.5],"texture":"#1"},"north":{"uv":[6.0,11.5,6.5,12.0],"texture":"#1"},"south":{"uv":[6.5,11.5,7.0,12.0],"texture":"#1"},"west":{"uv":[3.5,11.5,4.5,12.0],"texture":"#1"},"east":{"uv":[2.5,11.5,3.5,12.0],"texture":"#1"}}},{"from":[7.3,2.8,7.3],"to":[8.699999,7.2,8.699999],"faces":{"down":{"uv":[12.0,2.5,11.0,3.5],"texture":"#1"},"up":{"uv":[12.0,2.5,11.0,1.5],"texture":"#1"},"north":{"uv":[8.0,6.5,9.0,9.0],"texture":"#1"},"south":{"uv":[9.0,2.5,10.0,5.0],"texture":"#1"},"west":{"uv":[9.0,6.5,10.0,9.0],"texture":"#1"},"east":{"uv":[9.0,0.0,10.0,2.5],"texture":"#1"}}}],"textures":{"1":"3cf5c2df-07b0-4aa5-b948-e8dd546eba36"}}