{"display":{"thirdperson_righthand":{"translation":[0.0,3.25,1.0]},"thirdperson_lefthand":{"translation":[0.0,3.25,1.0]},"firstperson_righthand":{"rotation":[-10.0,0.0,0.0],"translation":[0.0,2.5,0.0]},"firstperson_lefthand":{"rotation":[-10.0,0.0,0.0],"translation":[0.0,2.5,0.0]},"ground":{"rotation":[-45.0,0.0,0.0],"translation":[0.0,10.75,0.0]},"gui":{"rotation":[-90.0,45.0,90.0],"translation":[1.75,-0.25,0.0],"scale":[0.67773,0.67773,0.67773]},"head":{"rotation":[-90.0,90.0,90.0]},"fixed":{"rotation":[90.0,-90.0,90.0],"translation":[0.0,-4.0,-1.25],"scale":[1.5,1.5,1.5]}},"elements":[{"from":[7.395,-1.105,7.395],"to":[8.605,0.105,8.605],"rotation":{"origin":[8.0,-0.5,8.0],"axis":"x","angle":-45.0},"faces":{"north":{"uv":[12.66667,7.33333,13.5,8.16667],"texture":"#3"},"east":{"uv":[10.66667,12.66667,11.5,13.5],"texture":"#3"},"south":{"uv":[12.0,12.66667,12.83333,13.5],"texture":"#3"},"west":{"uv":[0.0,13.33333,0.83333,14.16667],"texture":"#3"},"up":{"uv":[2.83333,14.16667,2.0,13.33333],"texture":"#3"},"down":{"uv":[4.16667,13.33333,3.33333,14.16667],"texture":"#3"}}},{"from":[7.195,-0.905,7.595],"to":[8.805,-0.095,8.405],"rotation":{"origin":[8.0,-0.5,8.0],"axis":"x","angle":-45.0},"faces":{"north":{"uv":[14.0,0.0,15.0,0.5],"texture":"#3"},"east":{"uv":[14.66667,13.33333,15.16667,13.83333],"texture":"#3"},"south":{"uv":[14.0,0.66667,15.0,1.16667],"texture":"#3"},"west":{"uv":[14.0,14.66667,14.5,15.16667],"texture":"#3"},"up":{"uv":[15.0,1.83333,14.0,1.33333],"texture":"#3"},"down":{"uv":[15.0,2.0,14.0,2.5],"texture":"#3"}}},{"from":[7.75,-1.25,6.525],"to":[8.25,-0.25,8.025],"rotation":{"origin":[8.0,-0.75,7.025],"axis":"x","angle":-22.5},"faces":{"east":{"uv":[13.33333,6.66667,14.33333,7.33333],"texture":"#3"},"west":{"uv":[13.33333,11.33333,14.33333,12.0],"texture":"#3"},"up":{"uv":[15.0,13.0,14.66667,12.0],"texture":"#3"},"down":{"uv":[13.0,14.66667,12.66667,15.66667],"texture":"#3"}}},{"from":[7.5,-1.5,5.4],"to":[8.5,-0.5,7.4],"rotation":{"origin":[8.0,-1.0,6.4],"axis":"x","angle":22.5},"faces":{"north":{"uv":[5.33333,7.33333,6.0,8.0],"texture":"#3"},"east":{"uv":[11.33333,5.33333,12.66667,6.0],"texture":"#3"},"south":{"uv":[10.0,9.33333,10.66667,10.0],"texture":"#3"},"west":{"uv":[9.33333,11.33333,10.66667,12.0],"texture":"#3"},"up":{"uv":[12.0,12.0,11.33333,10.66667],"texture":"#3"},"down":{"uv":[0.66667,12.0,0.0,13.33333],"texture":"#3"}}},{"from":[7.5015,-1.5,4.93492],"to":[8.4985,-0.5,5.93492],"rotation":{"origin":[8.0015,-1.0,4.93492],"axis":"x","angle":-22.5},"faces":{"north":{"uv":[10.66667,1.33333,11.33333,2.0],"texture":"#3"},"east":{"uv":[10.66667,7.33333,11.33333,8.0],"texture":"#3"},"west":{"uv":[12.66667,5.33333,13.33333,6.0],"texture":"#3"},"up":{"uv":[2.0,14.66667,1.33333,14.0],"texture":"#3"},"down":{"uv":[6.66667,14.0,6.0,14.66667],"texture":"#3"}}},{"from":[7.5,-0.25,7.5],"to":[8.5,0.75,8.5],"rotation":{"origin":[7.5,-0.25,7.5],"axis":"y","angle":0.0},"faces":{"north":{"uv":[14.0,7.33333,14.66667,8.0],"texture":"#3"},"east":{"uv":[14.0,8.0,14.66667,8.66667],"texture":"#3"},"south":{"uv":[10.66667,14.0,11.33333,14.66667],"texture":"#3"},"west":{"uv":[11.33333,14.0,12.0,14.66667],"texture":"#3"},"up":{"uv":[12.66667,14.66667,12.0,14.0],"texture":"#3"},"down":{"uv":[14.66667,12.0,14.0,12.66667],"texture":"#3"}}},{"from":[7.5,3.55,7.5],"to":[8.5,5.55,8.5],"rotation":{"origin":[7.5,3.55,7.5],"axis":"y","angle":0.0},"faces":{"north":{"uv":[12.0,0.0,12.66667,1.33333],"texture":"#3"},"east":{"uv":[0.66667,12.0,1.33333,13.33333],"texture":"#3"},"south":{"uv":[12.0,1.33333,12.66667,2.66667],"texture":"#3"},"west":{"uv":[12.0,2.66667,12.66667,4.0],"texture":"#3"},"down":{"uv":[13.33333,14.0,12.66667,14.66667],"texture":"#3"}}},{"from":[7.6,0.75,7.6],"to":[8.4,3.55,8.4],"rotation":{"origin":[7.5,1.65,7.5],"axis":"y","angle":0.0},"faces":{"north":{"uv":[5.33333,11.33333,5.83333,13.16667],"texture":"#3"},"east":{"uv":[8.0,11.33333,8.5,13.16667],"texture":"#3"},"south":{"uv":[8.66667,11.33333,9.16667,13.16667],"texture":"#3"},"west":{"uv":[11.33333,8.66667,11.83333,10.5],"texture":"#3"}}},{"from":[7.4,5.0,7.0],"to":[8.6,7.0,9.0],"rotation":{"origin":[8.0,6.0,8.0],"axis":"x","angle":45.0},"faces":{"north":{"uv":[9.33333,6.0,10.16667,7.33333],"texture":"#3"},"east":{"uv":[5.33333,8.0,6.66667,9.33333],"texture":"#3"},"south":{"uv":[10.0,2.0,10.83333,3.33333],"texture":"#3"},"west":{"uv":[6.66667,8.0,8.0,9.33333],"texture":"#3"},"up":{"uv":[10.83333,4.66667,10.0,3.33333],"texture":"#3"},"down":{"uv":[5.5,10.0,4.66667,11.33333],"texture":"#3"}}},{"from":[7.2,5.2,7.2],"to":[8.8,6.8,8.8],"rotation":{"origin":[8.0,6.0,8.0],"axis":"x","angle":45.0},"faces":{"north":{"uv":[10.66667,6.0,11.66667,7.0],"texture":"#3"},"east":{"uv":[2.0,11.33333,3.0,12.33333],"texture":"#3"},"south":{"uv":[4.0,11.33333,5.0,12.33333],"texture":"#3"},"west":{"uv":[11.33333,4.0,12.33333,5.0],"texture":"#3"},"up":{"uv":[7.66667,12.33333,6.66667,11.33333],"texture":"#3"},"down":{"uv":[12.33333,7.33333,11.33333,8.33333],"texture":"#3"}}},{"from":[7.0,5.25,6.25],"to":[9.0,8.25,7.25],"rotation":{"origin":[7.0,0.0,7.25],"axis":"y","angle":0.0},"faces":{"north":{"uv":[7.33333,2.0,8.66667,4.0],"texture":"#3"},"east":{"uv":[9.33333,0.0,10.0,2.0],"texture":"#3"},"south":{"uv":[4.0,7.33333,5.33333,9.33333],"texture":"#3"},"west":{"uv":[9.33333,2.0,10.0,4.0],"texture":"#3"},"up":{"uv":[13.33333,6.66667,12.0,6.0],"texture":"#3"},"down":{"uv":[13.33333,6.66667,12.0,7.33333],"texture":"#3"}}},{"from":[7.001,7.75,6.45711],"to":[8.999,8.75,7.45711],"rotation":{"origin":[8.001,8.25,6.95711],"axis":"x","angle":45.0},"faces":{"north":{"uv":[12.0,8.66667,13.33333,9.33333],"texture":"#3"},"east":{"uv":[14.0,12.66667,14.66667,13.33333],"texture":"#3"},"south":{"uv":[9.33333,12.0,10.66667,12.66667],"texture":"#3"},"west":{"uv":[13.33333,14.0,14.0,14.66667],"texture":"#3"},"up":{"uv":[13.33333,10.0,12.0,9.33333],"texture":"#3"}}},{"from":[7.001,4.75,6.04289],"to":[8.999,5.75,7.04289],"rotation":{"origin":[8.001,5.25,6.54289],"axis":"x","angle":45.0},"faces":{"north":{"uv":[12.0,10.0,13.33333,10.66667],"texture":"#3"},"east":{"uv":[14.0,13.33333,14.66667,14.0],"texture":"#3"},"south":{"uv":[10.66667,12.0,12.0,12.66667],"texture":"#3"},"west":{"uv":[14.0,14.0,14.66667,14.66667],"texture":"#3"},"down":{"uv":[13.33333,10.66667,12.0,11.33333],"texture":"#3"}}},{"from":[7.001,7.75,8.54289],"to":[8.999,8.75,9.54289],"rotation":{"origin":[8.001,8.25,9.04289],"axis":"x","angle":-45.0},"faces":{"north":{"uv":[12.0,11.33333,13.33333,12.0],"texture":"#3"},"east":{"uv":[0.0,14.66667,0.66667,15.33333],"texture":"#3"},"south":{"uv":[12.0,12.0,13.33333,12.66667],"texture":"#3"},"west":{"uv":[0.66667,14.66667,1.33333,15.33333],"texture":"#3"},"up":{"uv":[14.0,0.66667,12.66667,0.0],"texture":"#3"}}},{"from":[7.0,5.25,8.75],"to":[9.0,8.25,9.75],"rotation":{"origin":[7.0,0.0,8.75],"axis":"y","angle":0.0},"faces":{"north":{"uv":[7.33333,4.0,8.66667,6.0],"texture":"#3"},"east":{"uv":[4.0,9.33333,4.66667,11.33333],"texture":"#3"},"south":{"uv":[7.33333,6.0,8.66667,8.0],"texture":"#3"},"west":{"uv":[9.33333,4.0,10.0,6.0],"texture":"#3"},"up":{"uv":[14.0,1.33333,12.66667,0.66667],"texture":"#3"},"down":{"uv":[14.0,1.33333,12.66667,2.0],"texture":"#3"}}},{"from":[7.001,4.75,8.95711],"to":[8.999,5.75,9.95711],"rotation":{"origin":[8.001,5.25,9.45711],"axis":"x","angle":-45.0},"faces":{"north":{"uv":[2.0,12.66667,3.33333,13.33333],"texture":"#3"},"east":{"uv":[1.33333,14.66667,2.0,15.33333],"texture":"#3"},"south":{"uv":[12.66667,2.0,14.0,2.66667],"texture":"#3"},"west":{"uv":[2.0,14.66667,2.66667,15.33333],"texture":"#3"},"down":{"uv":[14.0,2.66667,12.66667,3.33333],"texture":"#3"}}},{"from":[7.5,6.15101,8.52646],"to":[8.5,7.15101,10.52646],"rotation":{"origin":[8.0,7.54475,10.28774],"axis":"x","angle":-45.0},"faces":{"north":{"uv":[4.0,14.66667,3.33333,15.33333],"texture":"#3"},"east":{"uv":[14.0,3.33333,12.66667,4.0],"texture":"#3"},"south":{"uv":[3.33333,14.66667,2.66667,15.33333],"texture":"#3"},"west":{"uv":[5.33333,12.66667,4.0,13.33333],"texture":"#3"},"up":{"uv":[13.33333,4.0,12.66667,5.33333],"texture":"#3"},"down":{"uv":[6.66667,14.0,6.0,12.66667],"texture":"#3"}}},{"from":[7.501,6.72803,10.44206],"to":[8.499,9.72803,11.44206],"rotation":{"origin":[8.0,7.54475,10.28774],"axis":"x","angle":0.0},"faces":{"north":{"uv":[6.66667,11.33333,7.33333,9.33333],"texture":"#3"},"east":{"uv":[8.66667,8.0,10.66667,7.33333],"texture":"#3","rotation":270},"south":{"uv":[7.33333,9.33333,8.0,11.33333],"texture":"#3","rotation":180},"west":{"uv":[4.66667,10.0,6.66667,9.33333],"texture":"#3","rotation":90},"up":{"uv":[4.0,15.33333,4.66667,14.66667],"texture":"#3","rotation":180}}},{"from":[7.75,7.47803,9.44206],"to":[8.25,7.97803,10.44206],"rotation":{"origin":[8.0,7.54475,10.28774],"axis":"x","angle":0.0},"faces":{"north":{"uv":[15.33333,11.66667,15.66667,11.33333],"texture":"#3"},"east":{"uv":[15.33333,4.0,15.66667,3.33333],"texture":"#3","rotation":270},"west":{"uv":[15.33333,4.66667,15.66667,4.0],"texture":"#3","rotation":90},"up":{"uv":[3.33333,16.0,3.66667,15.33333],"texture":"#3","rotation":180},"down":{"uv":[4.0,16.0,4.33333,15.33333],"texture":"#3"}}},{"from":[7.751,7.72411,9.99613],"to":[8.249,8.44911,11.42113],"rotation":{"origin":[8.0,7.54475,10.28774],"axis":"x","angle":-45.0},"faces":{"east":{"uv":[15.0,2.66667,14.0,3.16667],"texture":"#3"},"south":{"uv":[11.66667,15.33333,11.33333,15.83333],"texture":"#3"},"west":{"uv":[15.0,3.33333,14.0,3.83333],"texture":"#3"},"up":{"uv":[13.66667,14.66667,13.33333,15.66667],"texture":"#3"}}},{"from":[7.5,6.0,6.5],"to":[8.5,9.0,9.5],"rotation":{"origin":[8.0,7.5,8.0],"axis":"x","angle":-45.0},"faces":{"north":{"uv":[8.0,9.33333,8.66667,11.33333],"texture":"#3"},"east":{"uv":[4.0,3.33333,6.0,5.33333],"texture":"#3"},"south":{"uv":[9.33333,8.0,10.0,10.0],"texture":"#3"},"west":{"uv":[4.0,5.33333,6.0,7.33333],"texture":"#3"},"up":{"uv":[9.33333,11.33333,8.66667,9.33333],"texture":"#3"},"down":{"uv":[0.66667,10.0,0.0,12.0],"texture":"#3"}}},{"from":[7.4,9.0,6.5],"to":[8.6,11.0,8.5],"rotation":{"origin":[8.0,10.5,8.0],"axis":"x","angle":-45.0},"faces":{"north":{"uv":[10.0,4.66667,10.83333,6.0],"texture":"#3"},"east":{"uv":[8.0,8.0,9.33333,9.33333],"texture":"#3"},"south":{"uv":[10.0,8.0,10.83333,9.33333],"texture":"#3"},"west":{"uv":[0.0,8.66667,1.33333,10.0],"texture":"#3"},"up":{"uv":[10.16667,11.33333,9.33333,10.0],"texture":"#3"},"down":{"uv":[11.5,0.0,10.66667,1.33333],"texture":"#3"}}},{"from":[7.751,15.0,8.29289],"to":[8.249,16.0,9.29289],"rotation":{"origin":[8.001,15.5,8.79289],"axis":"x","angle":-45.0},"faces":{"north":{"uv":[4.66667,15.33333,5.0,16.0],"texture":"#3"},"east":{"uv":[14.66667,4.0,15.33333,4.66667],"texture":"#3"},"south":{"uv":[15.33333,4.66667,15.66667,5.33333],"texture":"#3"},"west":{"uv":[4.66667,14.66667,5.33333,15.33333],"texture":"#3"},"up":{"uv":[5.66667,16.0,5.33333,15.33333],"texture":"#3"}}},{"from":[7.75,8.5,8.5],"to":[8.25,15.5,9.5],"rotation":{"origin":[7.25,0.0,16.0],"axis":"y","angle":0.0},"faces":{"north":{"uv":[8.66667,2.66667,9.0,7.33333],"texture":"#3"},"east":{"uv":[6.0,3.33333,6.66667,8.0],"texture":"#3"},"south":{"uv":[3.33333,8.66667,3.66667,13.33333],"texture":"#3"},"west":{"uv":[6.66667,3.33333,7.33333,8.0],"texture":"#3"},"up":{"uv":[15.66667,6.0,15.33333,5.33333],"texture":"#3"},"down":{"uv":[6.33333,15.33333,6.0,16.0],"texture":"#3"}}},{"from":[7.751,13.29289,9.0],"to":[8.249,14.29289,10.0],"rotation":{"origin":[8.001,13.79289,9.5],"axis":"x","angle":-45.0},"faces":{"east":{"uv":[14.66667,4.66667,15.33333,5.33333],"texture":"#3"},"south":{"uv":[15.33333,6.0,15.66667,6.66667],"texture":"#3"},"west":{"uv":[5.33333,14.66667,6.0,15.33333],"texture":"#3"},"down":{"uv":[7.0,15.33333,6.66667,16.0],"texture":"#3"}}},{"from":[7.752,10.79289,9.20711],"to":[8.248,13.79289,10.20711],"rotation":{"origin":[7.252,-1.70711,16.70711],"axis":"y","angle":0.0},"faces":{"east":{"uv":[10.0,0.0,10.66667,2.0],"texture":"#3"},"south":{"uv":[13.33333,12.0,13.66667,14.0],"texture":"#3"},"west":{"uv":[0.66667,10.0,1.33333,12.0],"texture":"#3"}}},{"from":[7.751,10.29289,9.0],"to":[8.249,11.29289,10.0],"rotation":{"origin":[8.001,10.79289,9.5],"axis":"x","angle":-45.0},"faces":{"east":{"uv":[14.66667,5.33333,15.33333,6.0],"texture":"#3"},"south":{"uv":[15.33333,6.66667,15.66667,7.33333],"texture":"#3"},"west":{"uv":[6.0,14.66667,6.66667,15.33333],"texture":"#3"},"down":{"uv":[7.66667,15.33333,7.33333,16.0],"texture":"#3"}}},{"from":[7.975,-1.5,2.5],"to":[8.025,0.5,7.5],"rotation":{"origin":[7.975,-1.5,5.5],"axis":"x","angle":22.5},"faces":{"east":{"uv":[7.33333,2.0,4.0,3.33333],"texture":"#3"},"west":{"uv":[4.0,2.0,7.33333,3.33333],"texture":"#3"}}},{"from":[7.975,5.46503,8.69408],"to":[8.025,11.96503,11.69408],"rotation":{"origin":[8.0,7.54475,10.28774],"axis":"x","angle":0.0},"faces":{"east":{"uv":[8.33333,2.0,4.0,0.0],"texture":"#3","rotation":270},"west":{"uv":[4.0,2.0,8.33333,0.0],"texture":"#3","rotation":90}}},{"from":[7.5,12.25,1.5],"to":[7.5,21.25,4.5],"rotation":{"origin":[0.0,3.75,13.5],"axis":"y","angle":0.0},"faces":{"west":{"uv":[9.33333,0.0,5.33333,12.0],"texture":"#1"}}},{"from":[7.725,8.5,10.0],"to":[7.725,13.0,12.25],"rotation":{"origin":[7.725,10.5,11.125],"axis":"x","angle":-22.5},"faces":{"west":{"uv":[12.33333,0.0,15.33333,6.0],"texture":"#1"}}},{"from":[6.9,3.5,5.5],"to":[6.9,8.5,10.5],"rotation":{"origin":[6.75,6.0,8.0],"axis":"x","angle":0.0},"faces":{"west":{"uv":[0.0,0.0,10.0,10.0],"texture":"#2"}}},{"from":[7.75,-2.5,-0.25],"to":[7.75,2.0,2.0],"rotation":{"origin":[7.75,7.5,1.625],"axis":"x","angle":-22.5},"faces":{"west":{"uv":[9.33333,0.0,12.33333,6.0],"texture":"#1"}}},{"from":[8.25,-2.5,-0.25],"to":[8.25,2.0,2.0],"rotation":{"origin":[8.25,7.5,1.625],"axis":"x","angle":-22.5},"faces":{"east":{"uv":[12.33333,0.0,9.33333,6.0],"texture":"#1"}}},{"from":[7.4,10.5,4.25],"to":[7.4,21.5,8.25],"rotation":{"origin":[-0.1,-7.5,12.0],"axis":"y","angle":0.0},"faces":{"west":{"uv":[5.33333,0.0,0.0,14.66667],"texture":"#1"}}},{"from":[9.1,3.5,5.5],"to":[9.1,8.5,10.5],"rotation":{"origin":[9.25,6.0,8.0],"axis":"x","angle":0.0},"faces":{"east":{"uv":[10.0,0.0,0.0,10.0],"texture":"#2"}}},{"from":[8.275,8.5,10.0],"to":[8.275,13.0,12.25],"rotation":{"origin":[8.275,10.5,11.125],"axis":"x","angle":-22.5},"faces":{"east":{"uv":[15.33333,0.0,12.33333,6.0],"texture":"#1"}}},{"from":[8.6,10.5,4.25],"to":[8.6,21.5,8.25],"rotation":{"origin":[16.1,-7.5,12.0],"axis":"y","angle":0.0},"faces":{"east":{"uv":[0.0,0.0,5.33333,14.66667],"texture":"#1"}}},{"from":[8.5,12.25,1.5],"to":[8.5,21.25,4.5],"rotation":{"origin":[16.0,3.75,13.5],"axis":"y","angle":0.0},"faces":{"east":{"uv":[5.33333,0.0,9.33333,12.0],"texture":"#1"}}},{"from":[7.5,10.5,7.5],"to":[8.5,14.5,8.5],"rotation":{"origin":[7.5,10.5,7.5],"axis":"y","angle":0.0},"faces":{"north":{"uv":[8.66667,0.0,9.33333,2.66667],"texture":"#3"},"east":{"uv":[1.33333,8.66667,2.0,11.33333],"texture":"#3"},"south":{"uv":[2.0,8.66667,2.66667,11.33333],"texture":"#3"},"west":{"uv":[2.66667,8.66667,3.33333,11.33333],"texture":"#3"}}},{"from":[7.59,15.16,7.59],"to":[8.41,18.44,8.41],"rotation":{"origin":[7.59,15.16,7.59],"axis":"y","angle":0.0},"faces":{"north":{"uv":[6.0,10.0,6.5,12.16667],"texture":"#3"},"east":{"uv":[10.66667,9.33333,11.16667,11.5],"texture":"#3"},"south":{"uv":[1.33333,11.33333,1.83333,13.5],"texture":"#3"},"west":{"uv":[11.33333,1.33333,11.83333,3.5],"texture":"#3"}}},{"from":[7.38,14.13,7.38],"to":[8.62,15.37,8.62],"rotation":{"origin":[8.0,14.75,8.0],"axis":"x","angle":-45.0},"faces":{"north":{"uv":[13.33333,4.0,14.16667,4.83333],"texture":"#3"},"east":{"uv":[4.66667,13.33333,5.5,14.16667],"texture":"#3"},"south":{"uv":[13.33333,5.33333,14.16667,6.16667],"texture":"#3"},"west":{"uv":[8.0,13.33333,8.83333,14.16667],"texture":"#3"},"up":{"uv":[14.16667,9.5,13.33333,8.66667],"texture":"#3"},"down":{"uv":[14.16667,10.0,13.33333,10.83333],"texture":"#3"}}},{"from":[7.504,18.154,7.504],"to":[8.496,19.146,8.496],"rotation":{"origin":[8.0,18.65,8.0],"axis":"x","angle":-45.0},"faces":{"north":{"uv":[14.66667,6.0,15.33333,6.66667],"texture":"#3"},"east":{"uv":[6.66667,14.66667,7.33333,15.33333],"texture":"#3"},"south":{"uv":[14.66667,6.66667,15.33333,7.33333],"texture":"#3"},"west":{"uv":[7.33333,14.66667,8.0,15.33333],"texture":"#3"},"up":{"uv":[15.33333,8.0,14.66667,7.33333],"texture":"#3"},"down":{"uv":[8.66667,14.66667,8.0,15.33333],"texture":"#3"}}},{"from":[7.6761,18.94865,7.6761],"to":[8.3239,21.53985,8.3239],"rotation":{"origin":[7.6761,18.94865,7.6761],"axis":"y","angle":0.0},"faces":{"north":{"uv":[6.66667,12.66667,7.16667,14.33333],"texture":"#3"},"east":{"uv":[7.33333,12.66667,7.83333,14.33333],"texture":"#3"},"south":{"uv":[9.33333,12.66667,9.83333,14.33333],"texture":"#3"},"west":{"uv":[10.0,12.66667,10.5,14.33333],"texture":"#3"}}},{"from":[7.60816,21.31391,7.60816],"to":[8.39184,22.09759,8.39184],"rotation":{"origin":[8.0,21.70575,8.0],"axis":"x","angle":-45.0},"faces":{"north":{"uv":[14.66667,14.0,15.16667,14.5],"texture":"#3"},"east":{"uv":[14.66667,14.66667,15.16667,15.16667],"texture":"#3"},"south":{"uv":[0.0,15.33333,0.5,15.83333],"texture":"#3"},"west":{"uv":[15.33333,0.0,15.83333,0.5],"texture":"#3"},"up":{"uv":[1.16667,15.83333,0.66667,15.33333],"texture":"#3"},"down":{"uv":[15.83333,0.66667,15.33333,1.16667],"texture":"#3"}}},{"from":[7.0,12.5,5.75],"to":[7.5,13.0,7.75],"rotation":{"origin":[7.0,12.5,5.75],"axis":"y","angle":0.0},"faces":{"north":{"uv":[15.33333,12.0,15.66667,12.33333],"texture":"#3"},"east":{"uv":[14.66667,8.0,16.0,8.33333],"texture":"#3"},"south":{"uv":[15.33333,12.66667,15.66667,13.0],"texture":"#3"},"west":{"uv":[8.66667,14.66667,10.0,15.0],"texture":"#3"},"up":{"uv":[15.0,10.0,14.66667,8.66667],"texture":"#3"},"down":{"uv":[10.33333,14.66667,10.0,16.0],"texture":"#3"}}},{"from":[8.5,12.5,5.75],"to":[9.0,13.0,7.75],"rotation":{"origin":[8.5,12.5,5.75],"axis":"y","angle":0.0},"faces":{"north":{"uv":[15.33333,13.33333,15.66667,13.66667],"texture":"#3"},"east":{"uv":[14.66667,10.0,16.0,10.33333],"texture":"#3"},"south":{"uv":[14.0,15.33333,14.33333,15.66667],"texture":"#3"},"west":{"uv":[10.66667,14.66667,12.0,15.0],"texture":"#3"},"up":{"uv":[15.0,12.0,14.66667,10.66667],"texture":"#3"},"down":{"uv":[12.33333,14.66667,12.0,16.0],"texture":"#3"}}},{"from":[7.5,12.5,7.25],"to":[8.5,13.0,7.75],"rotation":{"origin":[8.0,12.5,5.75],"axis":"y","angle":0.0},"faces":{"north":{"uv":[15.33333,7.33333,16.0,7.66667],"texture":"#3"},"south":{"uv":[8.0,15.33333,8.66667,15.66667],"texture":"#3"},"up":{"uv":[9.33333,15.66667,8.66667,15.33333],"texture":"#3"},"down":{"uv":[16.0,8.66667,15.33333,9.0],"texture":"#3"}}},{"from":[7.5,12.5,5.75],"to":[8.5,13.0,6.25],"rotation":{"origin":[8.0,12.5,4.25],"axis":"y","angle":0.0},"faces":{"north":{"uv":[9.33333,15.33333,10.0,15.66667],"texture":"#3"},"south":{"uv":[15.33333,9.33333,16.0,9.66667],"texture":"#3"},"up":{"uv":[11.33333,15.66667,10.66667,15.33333],"texture":"#3"},"down":{"uv":[16.0,10.66667,15.33333,11.0],"texture":"#3"}}},{"from":[7.0,16.75,5.75],"to":[7.5,17.25,7.75],"rotation":{"origin":[7.0,16.75,5.75],"axis":"y","angle":0.0},"faces":{"north":{"uv":[15.33333,12.0,15.66667,12.33333],"texture":"#3"},"east":{"uv":[14.66667,8.0,16.0,8.33333],"texture":"#3"},"south":{"uv":[15.33333,12.66667,15.66667,13.0],"texture":"#3"},"west":{"uv":[8.66667,14.66667,10.0,15.0],"texture":"#3"},"up":{"uv":[15.0,10.0,14.66667,8.66667],"texture":"#3"},"down":{"uv":[10.33333,14.66667,10.0,16.0],"texture":"#3"}}},{"from":[8.5,16.75,5.75],"to":[9.0,17.25,7.75],"rotation":{"origin":[8.5,16.75,5.75],"axis":"y","angle":0.0},"faces":{"north":{"uv":[15.33333,13.33333,15.66667,13.66667],"texture":"#3"},"east":{"uv":[14.66667,10.0,16.0,10.33333],"texture":"#3"},"south":{"uv":[14.0,15.33333,14.33333,15.66667],"texture":"#3"},"west":{"uv":[10.66667,14.66667,12.0,15.0],"texture":"#3"},"up":{"uv":[15.0,12.0,14.66667,10.66667],"texture":"#3"},"down":{"uv":[12.33333,14.66667,12.0,16.0],"texture":"#3"}}},{"from":[7.5,16.75,7.25],"to":[8.5,17.25,7.75],"rotation":{"origin":[8.0,16.75,5.75],"axis":"y","angle":0.0},"faces":{"north":{"uv":[15.33333,7.33333,16.0,7.66667],"texture":"#3"},"south":{"uv":[8.0,15.33333,8.66667,15.66667],"texture":"#3"},"up":{"uv":[9.33333,15.66667,8.66667,15.33333],"texture":"#3"},"down":{"uv":[16.0,8.66667,15.33333,9.0],"texture":"#3"}}},{"from":[7.5,16.75,5.75],"to":[8.5,17.25,6.25],"rotation":{"origin":[8.0,16.75,4.25],"axis":"y","angle":0.0},"faces":{"north":{"uv":[9.33333,15.33333,10.0,15.66667],"texture":"#3"},"south":{"uv":[15.33333,9.33333,16.0,9.66667],"texture":"#3"},"up":{"uv":[11.33333,15.66667,10.66667,15.33333],"texture":"#3"},"down":{"uv":[16.0,10.66667,15.33333,11.0],"texture":"#3"}}},{"from":[7.0,20.25,5.75],"to":[7.5,20.75,7.75],"rotation":{"origin":[7.0,20.25,5.75],"axis":"y","angle":0.0},"faces":{"north":{"uv":[15.33333,12.0,15.66667,12.33333],"texture":"#3"},"east":{"uv":[14.66667,8.0,16.0,8.33333],"texture":"#3"},"south":{"uv":[15.33333,12.66667,15.66667,13.0],"texture":"#3"},"west":{"uv":[8.66667,14.66667,10.0,15.0],"texture":"#3"},"up":{"uv":[15.0,10.0,14.66667,8.66667],"texture":"#3"},"down":{"uv":[10.33333,14.66667,10.0,16.0],"texture":"#3"}}},{"from":[8.5,20.25,5.75],"to":[9.0,20.75,7.75],"rotation":{"origin":[8.5,20.25,5.75],"axis":"y","angle":0.0},"faces":{"north":{"uv":[15.33333,13.33333,15.66667,13.66667],"texture":"#3"},"east":{"uv":[14.66667,10.0,16.0,10.33333],"texture":"#3"},"south":{"uv":[14.0,15.33333,14.33333,15.66667],"texture":"#3"},"west":{"uv":[10.66667,14.66667,12.0,15.0],"texture":"#3"},"up":{"uv":[15.0,12.0,14.66667,10.66667],"texture":"#3"},"down":{"uv":[12.33333,14.66667,12.0,16.0],"texture":"#3"}}},{"from":[7.5,20.25,7.25],"to":[8.5,20.75,7.75],"rotation":{"origin":[8.0,20.25,5.75],"axis":"y","angle":0.0},"faces":{"north":{"uv":[15.33333,7.33333,16.0,7.66667],"texture":"#3"},"south":{"uv":[8.0,15.33333,8.66667,15.66667],"texture":"#3"},"up":{"uv":[9.33333,15.66667,8.66667,15.33333],"texture":"#3"},"down":{"uv":[16.0,8.66667,15.33333,9.0],"texture":"#3"}}},{"from":[7.5,20.25,5.75],"to":[8.5,20.75,6.25],"rotation":{"origin":[8.0,20.25,4.25],"axis":"y","angle":0.0},"faces":{"north":{"uv":[9.33333,15.33333,10.0,15.66667],"texture":"#3"},"south":{"uv":[15.33333,9.33333,16.0,9.66667],"texture":"#3"},"up":{"uv":[11.33333,15.66667,10.66667,15.33333],"texture":"#3"},"down":{"uv":[16.0,10.66667,15.33333,11.0],"texture":"#3"}}},{"from":[7.975,9.0,2.0],"to":[8.025,22.0,8.0],"rotation":{"origin":[7.975,9.0,2.0],"axis":"y","angle":0.0},"faces":{"east":{"uv":[4.0,0.0,0.0,8.66667],"texture":"#3"},"west":{"uv":[0.0,0.0,4.0,8.66667],"texture":"#3"}}},{"from":[7.635,13.535,3.135],"to":[8.365,14.265,3.865],"rotation":{"origin":[7.635,13.535,3.135],"axis":"y","angle":0.0},"faces":{"north":{"uv":[1.33333,15.33333,1.83333,15.83333],"texture":"#3"},"east":{"uv":[15.33333,1.33333,15.83333,1.83333],"texture":"#3"},"south":{"uv":[2.0,15.33333,2.5,15.83333],"texture":"#3"},"west":{"uv":[15.33333,2.0,15.83333,2.5],"texture":"#3"},"up":{"uv":[3.16667,15.83333,2.66667,15.33333],"texture":"#3"},"down":{"uv":[15.83333,2.66667,15.33333,3.16667],"texture":"#3"}}}],"textures":{"1":"616f916e-ade8-4a16-b3c9-3e41a1c7900f","2":"84aca5ed-571a-4490-b66a-b487c04cb5ed","3":"fb272600-c45d-4f3f-9870-68e3363afe5c"},"gui_light":"front"}