{"display":{"thirdperson_righthand":{"translation":[0.0,3.25,1.5]},"thirdperson_lefthand":{"translation":[0.0,3.25,1.5]},"firstperson_righthand":{"rotation":[-5.69,16.22,1.54],"translation":[2.25,0.75,0.0]},"firstperson_lefthand":{"rotation":[-5.69,16.22,1.54],"translation":[2.25,0.75,0.0]},"ground":{"rotation":[0.0,0.0,-80.0],"translation":[-0.25,-1.0,-0.25],"scale":[0.68164,0.68164,0.68164]},"gui":{"rotation":[90.0,50.25,-90.0],"translation":[0.0,-1.0,0.0],"scale":[0.63086,0.63086,0.63086]},"head":{"rotation":[-90.0,57.5,90.0],"translation":[0.25,17.5,0.0],"scale":[0.89648,0.89648,0.89648]},"fixed":{"rotation":[0.0,90.0,0.0],"translation":[1.25,0.75,-2.0],"scale":[1.9043,1.9043,1.9043]}},"elements":[{"from":[7.25,-3.4166,6.59863],"to":[8.75,11.5834,8.09863],"rotation":{"origin":[8.0,8.0,8.0],"axis":"y","angle":0.0},"faces":{"north":{"uv":[1.0,0.0,1.75,7.5],"texture":"#0"},"east":{"uv":[2.0,0.0,2.75,7.5],"texture":"#0"},"south":{"uv":[3.0,0.0,3.75,7.5],"texture":"#0"},"west":{"uv":[0.0,0.0,0.75,7.5],"texture":"#0"},"up":{"uv":[5.75,11.75,5.0,11.0],"texture":"#0","rotation":270},"down":{"uv":[12.25,3.0,11.5,3.75],"texture":"#0","rotation":90}}},{"from":[7.0,9.5834,6.34863],"to":[9.0,11.5834,8.34863],"rotation":{"origin":[8.0,8.0,8.0],"axis":"y","angle":0.0},"faces":{"north":{"uv":[10.0,2.0,11.0,3.0],"texture":"#0"},"east":{"uv":[3.0,10.0,4.0,11.0],"texture":"#0"},"south":{"uv":[10.0,3.0,11.0,4.0],"texture":"#0"},"west":{"uv":[2.0,10.0,3.0,11.0],"texture":"#0"},"up":{"uv":[11.0,5.0,10.0,4.0],"texture":"#0","rotation":270},"down":{"uv":[11.0,5.0,10.0,6.0],"texture":"#0","rotation":90}}},{"from":[6.751,11.16901,8.6076],"to":[9.249,12.66901,12.1076],"rotation":{"origin":[8.0,8.0,8.0],"axis":"x","angle":-22.5},"faces":{"north":{"uv":[10.0,9.5,11.25,10.25],"texture":"#0"},"east":{"uv":[7.0,8.5,8.75,9.25],"texture":"#0"},"south":{"uv":[6.0,10.5,7.25,11.25],"texture":"#0"},"west":{"uv":[8.5,6.5,10.25,7.25],"texture":"#0"},"up":{"uv":[5.75,1.25,4.0,0.0],"texture":"#0","rotation":270},"down":{"uv":[5.75,1.5,4.0,2.75],"texture":"#0","rotation":90}}},{"from":[6.75,10.67047,3.43881],"to":[9.25,12.17047,6.18881],"rotation":{"origin":[8.0,8.0,8.0],"axis":"x","angle":22.5},"faces":{"north":{"uv":[10.5,6.0,11.75,6.75],"texture":"#0"},"east":{"uv":[9.5,1.0,11.0,1.75],"texture":"#0"},"south":{"uv":[10.5,7.0,11.75,7.75],"texture":"#0"},"west":{"uv":[9.0,8.5,10.5,9.25],"texture":"#0"},"up":{"uv":[8.5,8.25,7.0,7.0],"texture":"#0","rotation":270},"down":{"uv":[1.5,7.5,0.0,8.75],"texture":"#0","rotation":90}}},{"from":[6.753,13.64388,13.08247],"to":[9.247,17.14388,14.58247],"rotation":{"origin":[8.0,8.0,8.0],"axis":"x","angle":-22.5},"faces":{"north":{"uv":[6.0,3.0,7.25,4.75],"texture":"#0"},"east":{"uv":[4.0,9.0,4.75,10.75],"texture":"#0"},"south":{"uv":[4.0,6.0,5.25,7.75],"texture":"#0"},"west":{"uv":[9.0,2.5,9.75,4.25],"texture":"#0"},"up":{"uv":[0.75,12.25,0.0,11.0],"texture":"#0","rotation":270},"down":{"uv":[11.75,0.0,11.0,1.25],"texture":"#0","rotation":90}}},{"from":[6.752,13.14534,7.16368],"to":[9.248,16.64534,8.66368],"rotation":{"origin":[8.0,8.0,8.0],"axis":"x","angle":22.5},"faces":{"north":{"uv":[6.0,5.0,7.25,6.75],"texture":"#0"},"east":{"uv":[5.0,9.0,5.75,10.75],"texture":"#0"},"south":{"uv":[5.5,7.0,6.75,8.75],"texture":"#0"},"west":{"uv":[9.0,4.5,9.75,6.25],"texture":"#0"},"up":{"uv":[1.75,12.25,1.0,11.0],"texture":"#0","rotation":270},"down":{"uv":[11.75,1.5,11.0,2.75],"texture":"#0","rotation":90}}},{"from":[6.755,18.11876,8.6076],"to":[9.245,19.61876,12.1076],"rotation":{"origin":[8.0,8.0,8.0],"axis":"x","angle":-22.5},"faces":{"north":{"uv":[9.0,10.5,10.25,11.25],"texture":"#0"},"east":{"uv":[2.0,9.0,3.75,9.75],"texture":"#0"},"south":{"uv":[10.5,10.5,11.75,11.25],"texture":"#0"},"west":{"uv":[9.0,0.0,10.75,0.75],"texture":"#0"},"up":{"uv":[7.75,1.25,6.0,0.0],"texture":"#0","rotation":270},"down":{"uv":[7.75,1.5,6.0,2.75],"texture":"#0","rotation":90}}},{"from":[6.756,18.96685,4.11505],"to":[9.244,19.96685,6.61505],"rotation":{"origin":[8.0,8.0,8.0],"axis":"z","angle":0.0},"faces":{"north":{"uv":[11.0,5.0,12.25,5.5],"texture":"#0"},"east":{"uv":[11.0,5.5,12.25,6.0],"texture":"#0"},"south":{"uv":[3.0,11.5,4.25,12.0],"texture":"#0"},"west":{"uv":[11.0,4.5,12.25,5.0],"texture":"#0"},"up":{"uv":[2.75,8.75,1.5,7.5],"texture":"#0","rotation":270},"down":{"uv":[8.75,3.0,7.5,4.25],"texture":"#0","rotation":90}}},{"from":[6.754,17.62022,2.68881],"to":[9.246,19.12022,6.18881],"rotation":{"origin":[8.0,8.0,8.0],"axis":"x","angle":22.5},"faces":{"north":{"uv":[7.5,10.5,8.75,11.25],"texture":"#0"},"east":{"uv":[0.0,9.0,1.75,9.75],"texture":"#0"},"south":{"uv":[10.5,8.0,11.75,8.75],"texture":"#0"},"west":{"uv":[8.5,7.5,10.25,8.25],"texture":"#0"},"up":{"uv":[5.75,4.25,4.0,3.0],"texture":"#0","rotation":270},"down":{"uv":[5.75,4.5,4.0,5.75],"texture":"#0","rotation":90}}},{"from":[6.5,10.32047,3.93881],"to":[9.5,12.32047,4.93881],"rotation":{"origin":[8.0,8.0,8.0],"axis":"x","angle":22.5},"faces":{"north":{"uv":[7.5,4.5,9.0,5.5],"texture":"#0"},"east":{"uv":[6.0,11.5,6.5,12.5],"texture":"#0"},"south":{"uv":[7.5,5.5,9.0,6.5],"texture":"#0"},"west":{"uv":[5.5,6.0,6.0,7.0],"texture":"#0"},"up":{"uv":[2.5,12.5,2.0,11.0],"texture":"#0","rotation":270},"down":{"uv":[3.0,11.0,2.5,12.5],"texture":"#0","rotation":90}}},{"from":[6.5,17.47022,3.93881],"to":[9.5,19.47022,4.93881],"rotation":{"origin":[8.0,8.0,8.0],"axis":"x","angle":22.5},"faces":{"north":{"uv":[8.0,1.5,9.5,2.5],"texture":"#0"},"east":{"uv":[7.0,11.5,7.5,12.5],"texture":"#0"},"south":{"uv":[4.0,8.0,5.5,9.0],"texture":"#0"},"west":{"uv":[6.5,11.5,7.0,12.5],"texture":"#0"},"up":{"uv":[11.5,4.5,11.0,3.0],"texture":"#0","rotation":270},"down":{"uv":[5.0,11.0,4.5,12.5],"texture":"#0","rotation":90}}},{"from":[6.5,14.39534,7.01368],"to":[9.5,15.39534,9.01368],"rotation":{"origin":[8.0,8.0,8.0],"axis":"x","angle":22.5},"faces":{"north":{"uv":[10.5,9.0,12.0,9.5],"texture":"#0"},"east":{"uv":[8.0,2.5,9.0,3.0],"texture":"#0"},"south":{"uv":[3.0,11.0,4.5,11.5],"texture":"#0"},"west":{"uv":[7.5,6.5,8.5,7.0],"texture":"#0"},"up":{"uv":[4.0,9.0,3.0,7.5],"texture":"#0","rotation":270},"down":{"uv":[9.0,0.0,8.0,1.5],"texture":"#0","rotation":90}}},{"from":[7.0,-1.56888,14.6477],"to":[9.0,0.43112,16.6477],"rotation":{"origin":[8.0,8.0,8.0],"axis":"x","angle":45.0},"faces":{"north":{"uv":[7.0,9.5,8.0,10.5],"texture":"#0"},"east":{"uv":[8.0,9.5,9.0,10.5],"texture":"#0"},"south":{"uv":[9.0,9.5,10.0,10.5],"texture":"#0"},"west":{"uv":[6.0,9.0,7.0,10.0],"texture":"#0"},"up":{"uv":[1.0,11.0,0.0,10.0],"texture":"#0","rotation":270},"down":{"uv":[2.0,10.0,1.0,11.0],"texture":"#0","rotation":90}}},{"from":[7.25,14.0084,4.59863],"to":[8.75,17.5084,6.09863],"rotation":{"origin":[8.0,8.0,8.0],"axis":"z","angle":0.0},"faces":{"north":{"uv":[0.0,0.0,1.5,3.5],"texture":"#1"},"east":{"uv":[0.0,0.0,1.5,3.5],"texture":"#1"},"south":{"uv":[0.0,0.0,1.5,3.5],"texture":"#1"},"west":{"uv":[0.0,0.0,1.5,3.5],"texture":"#1"},"up":{"uv":[3.5,1.5,2.0,0.0],"texture":"#1","rotation":270},"down":{"uv":[3.5,2.0,2.0,3.5],"texture":"#1","rotation":90}}},{"from":[6.23536,14.0084,4.80045],"to":[7.73536,17.5084,6.30045],"rotation":{"origin":[8.0,8.0,8.0],"axis":"y","angle":-22.5},"faces":{"north":{"uv":[4.0,0.0,5.5,3.5],"texture":"#1"},"east":{"uv":[4.0,0.0,5.5,3.5],"texture":"#1"},"south":{"uv":[4.0,0.0,5.5,3.5],"texture":"#1"},"west":{"uv":[4.0,0.0,5.5,3.5],"texture":"#1"},"up":{"uv":[7.5,1.5,6.0,0.0],"texture":"#1","rotation":270},"down":{"uv":[7.5,2.0,6.0,3.5],"texture":"#1","rotation":90}}},{"from":[5.3752,14.0084,5.3752],"to":[6.8752,17.5084,6.8752],"rotation":{"origin":[8.0,8.0,8.0],"axis":"y","angle":-45.0},"faces":{"north":{"uv":[8.0,0.0,9.5,3.5],"texture":"#1"},"east":{"uv":[8.0,0.0,9.5,3.5],"texture":"#1"},"south":{"uv":[8.0,0.0,9.5,3.5],"texture":"#1"},"west":{"uv":[8.0,0.0,9.5,3.5],"texture":"#1"},"up":{"uv":[11.5,1.5,10.0,0.0],"texture":"#1","rotation":270},"down":{"uv":[11.5,2.0,10.0,3.5],"texture":"#1","rotation":90}}},{"from":[8.26464,14.0084,4.80045],"to":[9.76464,17.5084,6.30045],"rotation":{"origin":[8.0,8.0,8.0],"axis":"y","angle":22.5},"faces":{"north":{"uv":[12.0,0.0,13.5,3.5],"texture":"#1"},"east":{"uv":[12.0,0.0,13.5,3.5],"texture":"#1"},"south":{"uv":[12.0,0.0,13.5,3.5],"texture":"#1"},"west":{"uv":[12.0,0.0,13.5,3.5],"texture":"#1"},"up":{"uv":[15.5,1.5,14.0,0.0],"texture":"#1"},"down":{"uv":[15.5,2.0,14.0,3.5],"texture":"#1"}}}],"textures":{"particle":"25321037-fb99-419b-a3a0-910e41b824f1","0":"25321037-fb99-419b-a3a0-910e41b824f1","1":"afd1e52c-3868-4e4e-b365-a0046a8de455"},"gui_light":"front"}