{"display":{"thirdperson_righthand":{"translation":[0.0,8.75,2.25],"scale":[0.8,0.8,0.8]},"thirdperson_lefthand":{"translation":[0.0,8.75,2.25],"scale":[0.8,0.8,0.8]},"firstperson_righthand":{"translation":[15.25,2.25,-13.5]},"firstperson_lefthand":{"translation":[15.25,2.25,-13.5]},"ground":{"rotation":[0.0,0.0,147.0],"translation":[2.0,9.25,0.0],"scale":[0.5,0.5,0.5]},"gui":{"rotation":[-90.0,45.0,90.0],"translation":[0.25,-0.25,0.0],"scale":[0.44,0.44,0.44]},"head":{"rotation":[-90.0,-63.5,90.0],"translation":[1.0,-15.75,9.75],"scale":[1.33,1.33,1.33]},"fixed":{"rotation":[0.0,90.0,0.0],"translation":[0.0,5.75,-0.75],"scale":[1.8,1.8,1.8]}},"elements":[{"from":[7.15,0.03648,1.98772],"to":[8.85,4.03648,5.98772],"rotation":{"origin":[8.0,6.04877,8.0],"axis":"x","angle":-45.0},"faces":{"north":{"uv":[5.5,3.75,5.9375,4.75],"texture":"#1"},"east":{"uv":[5.0,0.0,6.0,1.0],"texture":"#1"},"south":{"uv":[5.5,2.5,5.9375,3.5],"texture":"#1"},"west":{"uv":[5.0,0.0,6.0,1.0],"texture":"#1","rotation":90},"up":{"uv":[6.5,5.4375,5.5,5.0],"texture":"#1","rotation":90},"down":{"uv":[6.5,5.75,5.5,6.1875],"texture":"#1","rotation":270}}},{"from":[7.495,17.68494,-4.86617],"to":[8.505,18.91494,-3.63617],"rotation":{"origin":[8.0,6.04877,8.0],"axis":"x","angle":45.0},"faces":{"north":{"uv":[6.75,9.25,6.875,9.625],"texture":"#1"},"east":{"uv":[7.5,4.25,7.875,4.625],"texture":"#1"},"south":{"uv":[3.5,9.25,3.625,9.625],"texture":"#1"},"west":{"uv":[7.5,4.25,7.875,4.625],"texture":"#1","rotation":270},"up":{"uv":[9.625,8.125,9.25,8.0],"texture":"#1","rotation":90},"down":{"uv":[9.625,8.5,9.25,8.625],"texture":"#1","rotation":270}}},{"from":[7.5,0.37454,6.5],"to":[8.5,4.37454,9.5],"rotation":{"origin":[8.0,6.04877,8.0],"axis":"y","angle":0.0},"faces":{"north":{"uv":[8.25,8.0,8.375,9.03125],"texture":"#1"},"east":{"uv":[1.5,6.89375,2.3125,7.89375],"texture":"#1"},"south":{"uv":[6.25,8.25,6.375,9.25],"texture":"#1"},"west":{"uv":[2.3125,6.89375,1.5,7.89375],"texture":"#1"},"up":{"uv":[9.3125,7.625,8.5,7.5],"texture":"#1","rotation":90},"down":{"uv":[9.5,0.0,8.75,0.125],"texture":"#1","rotation":270}}},{"from":[7.8,0.71498,7.50901],"to":[8.2,2.31498,8.05901],"rotation":{"origin":[8.0,6.04877,8.0],"axis":"x","angle":-22.5},"faces":{"north":{"uv":[9.5,3.0,9.625,3.375],"texture":"#1"},"east":{"uv":[8.25,9.25,8.375,9.625],"texture":"#1"},"south":{"uv":[9.25,9.0,9.375,9.375],"texture":"#1"},"west":{"uv":[9.5,0.5,9.625,0.875],"texture":"#1"},"up":{"uv":[9.875,4.375,9.75,4.25],"texture":"#1","rotation":90},"down":{"uv":[9.875,6.75,9.75,6.875],"texture":"#1","rotation":270}}},{"from":[7.8,0.71498,7.94099],"to":[8.2,2.31498,8.49099],"rotation":{"origin":[8.0,6.04877,8.0],"axis":"x","angle":22.5},"faces":{"north":{"uv":[9.375,9.0,9.25,9.375],"texture":"#1"},"east":{"uv":[8.375,9.25,8.25,9.625],"texture":"#1"},"south":{"uv":[9.625,3.0,9.5,3.375],"texture":"#1"},"west":{"uv":[9.625,0.5,9.5,0.875],"texture":"#1"},"up":{"uv":[9.75,4.375,9.875,4.25],"texture":"#1","rotation":90},"down":{"uv":[9.75,6.75,9.875,6.875],"texture":"#1","rotation":270}}},{"from":[7.5,4.37454,7.125],"to":[8.5,23.37454,8.875],"rotation":{"origin":[8.0,6.04877,8.0],"axis":"y","angle":0.0},"faces":{"north":{"uv":[4.25,5.0,4.375,9.75],"texture":"#1"},"east":{"uv":[1.6875,2.14375,2.125,6.89375],"texture":"#1"},"south":{"uv":[5.0,2.5,5.125,7.25],"texture":"#1"},"west":{"uv":[2.125,2.14375,1.6875,6.89375],"texture":"#1"},"up":{"uv":[9.75,2.125,9.25,2.0],"texture":"#1","rotation":90},"down":{"uv":[2.75,9.25,2.25,9.375],"texture":"#1","rotation":270}}},{"from":[7.575,-6.05194,-1.97938],"to":[8.425,-4.05194,0.02062],"rotation":{"origin":[8.0,6.04877,8.0],"axis":"x","angle":-45.0},"faces":{"north":{"uv":[8.75,2.5,8.9375,3.0],"texture":"#1"},"east":{"uv":[5.5,6.5,6.0,7.0],"texture":"#1"},"south":{"uv":[6.75,8.5,6.9375,9.0],"texture":"#1"},"west":{"uv":[6.25,6.5,6.75,7.0],"texture":"#1"},"up":{"uv":[9.25,3.4375,8.75,3.25],"texture":"#1","rotation":90},"down":{"uv":[9.25,4.75,8.75,4.9375],"texture":"#1","rotation":270}}},{"from":[7.625,-8.45397,15.12602],"to":[8.375,-5.95397,16.12602],"rotation":{"origin":[8.0,6.04877,8.0],"axis":"x","angle":22.5},"faces":{"north":{"uv":[8.5,6.5,8.6875,7.125],"texture":"#1"},"east":{"uv":[6.25,7.25,6.5,7.875],"texture":"#1"},"south":{"uv":[8.5,5.5,8.6875,6.125],"texture":"#1"},"west":{"uv":[7.5,0.0,7.75,0.625],"texture":"#1"},"up":{"uv":[5.0,9.6875,4.75,9.5],"texture":"#1","rotation":90},"down":{"uv":[9.75,4.75,9.5,4.9375],"texture":"#1","rotation":270}}},{"from":[7.62,-1.21351,9.97392],"to":[8.38,0.28649,10.97392],"rotation":{"origin":[8.0,6.04877,8.0],"axis":"z","angle":0.0},"faces":{"north":{"uv":[1.25,9.25,1.4375,9.625],"texture":"#1"},"east":{"uv":[5.5,8.75,5.75,9.125],"texture":"#1"},"south":{"uv":[0.75,9.25,0.9375,9.625],"texture":"#1"},"west":{"uv":[7.25,8.75,7.5,9.125],"texture":"#1"},"up":{"uv":[5.5,9.6875,5.25,9.5],"texture":"#1","rotation":90},"down":{"uv":[9.75,5.25,9.5,5.4375],"texture":"#1","rotation":270}}},{"from":[7.625,-1.83325,4.00805],"to":[8.375,-0.33325,5.00805],"rotation":{"origin":[8.0,6.04877,8.0],"axis":"x","angle":-45.0},"faces":{"north":{"uv":[1.75,9.25,1.9375,9.625],"texture":"#1"},"east":{"uv":[7.75,8.75,8.0,9.125],"texture":"#1"},"south":{"uv":[9.25,1.25,9.4375,1.625],"texture":"#1"},"west":{"uv":[8.75,8.0,9.0,8.375],"texture":"#1"},"up":{"uv":[6.0,9.6875,5.75,9.5],"texture":"#1","rotation":90},"down":{"uv":[9.75,5.75,9.5,5.9375],"texture":"#1","rotation":270}}},{"from":[7.62,-2.35028,10.7478],"to":[8.38,-1.64028,11.4578],"rotation":{"origin":[8.0,6.04877,8.0],"axis":"z","angle":0.0},"faces":{"north":{"uv":[9.75,1.25,9.9375,1.4375],"texture":"#1"},"east":{"uv":[8.75,9.5,8.9375,9.6875],"texture":"#1"},"south":{"uv":[0.0,9.75,0.1875,9.9375],"texture":"#1"},"west":{"uv":[9.75,0.0,9.9375,0.1875],"texture":"#1"},"up":{"uv":[2.4375,9.9375,2.25,9.75],"texture":"#1","rotation":90},"down":{"uv":[9.9375,2.5,9.75,2.6875],"texture":"#1","rotation":270}}},{"from":[7.5,-0.71328,4.77348],"to":[8.5,1.28672,6.77348],"rotation":{"origin":[8.0,6.04877,8.0],"axis":"x","angle":-45.0},"faces":{"north":{"uv":[8.5,0.75,8.75,1.25],"texture":"#1"},"east":{"uv":[6.75,4.75,7.25,5.25],"texture":"#1"},"south":{"uv":[8.25,4.75,8.5,5.25],"texture":"#1"},"west":{"uv":[6.75,5.5,7.25,6.0],"texture":"#1"},"up":{"uv":[9.0,1.75,8.5,1.5],"texture":"#1","rotation":90},"down":{"uv":[9.0,2.0,8.5,2.25],"texture":"#1","rotation":270}}},{"from":[7.5,-0.71328,9.22652],"to":[8.5,1.28672,11.22652],"rotation":{"origin":[8.0,6.04877,8.0],"axis":"x","angle":45.0},"faces":{"north":{"uv":[8.5,4.75,8.25,5.25],"texture":"#1"},"east":{"uv":[7.25,4.75,6.75,5.25],"texture":"#1"},"south":{"uv":[8.75,0.75,8.5,1.25],"texture":"#1"},"west":{"uv":[7.25,5.5,6.75,6.0],"texture":"#1"},"up":{"uv":[8.5,1.75,9.0,1.5],"texture":"#1","rotation":90},"down":{"uv":[8.5,2.0,9.0,2.25],"texture":"#1","rotation":270}}},{"from":[7.62,-1.21351,5.02608],"to":[8.38,0.28649,6.02608],"rotation":{"origin":[8.0,6.04877,8.0],"axis":"z","angle":0.0},"faces":{"north":{"uv":[0.9375,9.25,0.75,9.625],"texture":"#1"},"east":{"uv":[5.75,8.75,5.5,9.125],"texture":"#1"},"south":{"uv":[1.4375,9.25,1.25,9.625],"texture":"#1"},"west":{"uv":[7.5,8.75,7.25,9.125],"texture":"#1"},"up":{"uv":[5.25,9.6875,5.5,9.5],"texture":"#1","rotation":90},"down":{"uv":[9.5,5.25,9.75,5.4375],"texture":"#1","rotation":270}}},{"from":[7.625,-1.83325,10.99195],"to":[8.375,-0.33325,11.99195],"rotation":{"origin":[8.0,6.04877,8.0],"axis":"x","angle":45.0},"faces":{"north":{"uv":[9.4375,1.25,9.25,1.625],"texture":"#1"},"east":{"uv":[8.0,8.75,7.75,9.125],"texture":"#1"},"south":{"uv":[1.9375,9.25,1.75,9.625],"texture":"#1"},"west":{"uv":[9.0,8.0,8.75,8.375],"texture":"#1"},"up":{"uv":[5.75,9.6875,6.0,9.5],"texture":"#1","rotation":90},"down":{"uv":[9.5,5.75,9.75,5.9375],"texture":"#1","rotation":270}}},{"from":[7.62,-2.35028,4.5422],"to":[8.38,-1.64028,5.2522],"rotation":{"origin":[8.0,6.04877,8.0],"axis":"z","angle":0.0},"faces":{"north":{"uv":[0.1875,9.75,0.0,9.9375],"texture":"#1"},"east":{"uv":[8.9375,9.5,8.75,9.6875],"texture":"#1"},"south":{"uv":[9.9375,1.25,9.75,1.4375],"texture":"#1"},"west":{"uv":[9.9375,0.0,9.75,0.1875],"texture":"#1"},"up":{"uv":[2.25,9.9375,2.4375,9.75],"texture":"#1","rotation":90},"down":{"uv":[9.75,2.5,9.9375,2.6875],"texture":"#1","rotation":270}}},{"from":[7.575,-6.05194,15.97938],"to":[8.425,-4.05194,17.97938],"rotation":{"origin":[8.0,6.04877,8.0],"axis":"x","angle":45.0},"faces":{"north":{"uv":[6.9375,8.5,6.75,9.0],"texture":"#1"},"east":{"uv":[6.0,6.5,5.5,7.0],"texture":"#1"},"south":{"uv":[8.9375,2.5,8.75,3.0],"texture":"#1"},"west":{"uv":[6.75,6.5,6.25,7.0],"texture":"#1"},"up":{"uv":[8.75,3.4375,9.25,3.25],"texture":"#1","rotation":90},"down":{"uv":[8.75,4.75,9.25,4.9375],"texture":"#1","rotation":270}}},{"from":[7.625,-8.45397,-0.12602],"to":[8.375,-5.95397,0.87398],"rotation":{"origin":[8.0,6.04877,8.0],"axis":"x","angle":-22.5},"faces":{"north":{"uv":[8.6875,5.5,8.5,6.125],"texture":"#1"},"east":{"uv":[6.5,7.25,6.25,7.875],"texture":"#1"},"south":{"uv":[8.6875,6.5,8.5,7.125],"texture":"#1"},"west":{"uv":[7.75,0.0,7.5,0.625],"texture":"#1"},"up":{"uv":[4.75,9.6875,5.0,9.5],"texture":"#1","rotation":90},"down":{"uv":[9.5,4.75,9.75,4.9375],"texture":"#1","rotation":270}}},{"from":[7.5,-6.8626,19.41137],"to":[8.5,-5.3626,20.91137],"rotation":{"origin":[8.0,6.04877,8.0],"axis":"x","angle":45.0},"faces":{"north":{"uv":[9.0,0.5,9.25,0.875],"texture":"#1"},"east":{"uv":[4.75,7.5,5.125,7.875],"texture":"#1"},"south":{"uv":[8.75,8.75,9.0,9.125],"texture":"#1"},"west":{"uv":[7.5,5.0,7.875,5.375],"texture":"#1"},"up":{"uv":[9.375,4.0,9.0,3.75],"texture":"#1","rotation":90},"down":{"uv":[9.375,4.25,9.0,4.5],"texture":"#1","rotation":270}}},{"from":[7.45,-7.777,7.45],"to":[8.55,-3.777,8.55],"rotation":{"origin":[8.0,6.04877,8.0],"axis":"y","angle":0.0},"faces":{"north":{"uv":[7.0,0.0,7.25,1.0],"texture":"#1"},"east":{"uv":[7.0,0.0,7.25,1.0],"texture":"#1"},"south":{"uv":[7.0,0.0,7.25,1.0],"texture":"#1"},"west":{"uv":[7.0,0.0,7.25,1.0],"texture":"#1"},"up":{"uv":[9.5,2.75,9.25,2.5],"texture":"#1","rotation":90},"down":{"uv":[3.25,9.25,3.0,9.5],"texture":"#1","rotation":270}}},{"from":[8.0,-3.777,0.375],"to":[8.0,32.0,15.625],"rotation":{"origin":[8.0,6.04877,8.0],"axis":"y","angle":0.0},"faces":{"east":{"uv":[0.0,0.0,3.8125,8.9375],"texture":"#1"},"west":{"uv":[3.8125,0.0,0.0,8.9375],"texture":"#1"}}},{"from":[7.8,-15.277,4.0],"to":[8.2,-7.277,12.0],"rotation":{"origin":[8.0,6.04877,8.0],"axis":"y","angle":0.0},"faces":{"east":{"uv":[0.0,16.0,16.0,0.0],"texture":"#6"},"west":{"uv":[16.0,16.0,0.0,0.0],"texture":"#6"}}},{"from":[7.425,-2.277,-0.5],"to":[8.575,14.723,16.5],"rotation":{"origin":[8.0,6.04877,8.0],"axis":"y","angle":0.0},"faces":{"east":{"uv":[0.0,16.0,16.0,0.0],"texture":"#4","rotation":180},"west":{"uv":[16.0,16.0,0.0,0.0],"texture":"#4","rotation":180}}},{"from":[7.3,2.723,-0.5],"to":[8.7,19.723,16.5],"rotation":{"origin":[8.0,6.04877,8.0],"axis":"y","angle":0.0},"faces":{"east":{"uv":[0.0,16.0,16.0,0.0],"texture":"#5","rotation":180},"west":{"uv":[16.0,16.0,0.0,0.0],"texture":"#5","rotation":180}}},{"from":[7.8,0.75775,10.24076],"to":[8.2,8.75775,18.24076],"rotation":{"origin":[8.0,6.04877,8.0],"axis":"x","angle":45.0},"faces":{"east":{"uv":[0.0,16.0,16.0,0.0],"texture":"#3","rotation":180},"west":{"uv":[0.0,0.0,16.0,16.0],"texture":"#3"}}},{"from":[7.8,0.75775,-2.24076],"to":[8.2,8.75775,5.75924],"rotation":{"origin":[8.0,6.04877,8.0],"axis":"x","angle":-45.0},"faces":{"east":{"uv":[16.0,16.0,0.0,0.0],"texture":"#3","rotation":180},"west":{"uv":[16.0,0.0,0.0,16.0],"texture":"#3"}}},{"from":[7.2,-3.777,7.2],"to":[8.8,-2.777,8.8],"rotation":{"origin":[8.0,6.04877,8.0],"axis":"y","angle":0.0},"faces":{"north":{"uv":[4.75,9.0,5.125,9.25],"texture":"#1"},"east":{"uv":[4.75,9.0,5.125,9.25],"texture":"#1"},"south":{"uv":[4.75,9.0,5.125,9.25],"texture":"#1"},"west":{"uv":[4.75,9.0,5.125,9.25],"texture":"#1"},"up":{"uv":[8.125,1.375,7.75,1.0],"texture":"#1","rotation":90},"down":{"uv":[8.125,1.75,7.75,2.125],"texture":"#1","rotation":270}}},{"from":[7.0,-0.88133,12.4301],"to":[9.0,1.61867,14.9301],"rotation":{"origin":[8.0,6.04877,8.0],"axis":"x","angle":45.0},"faces":{"north":{"uv":[6.25,2.25,6.75,2.875],"texture":"#1"},"east":{"uv":[6.0,1.25,6.625,1.875],"texture":"#1"},"south":{"uv":[6.25,0.0,6.75,0.625],"texture":"#1"},"west":{"uv":[6.0,1.25,6.625,1.875],"texture":"#1","rotation":270},"up":{"uv":[6.875,3.75,6.25,3.25],"texture":"#1","rotation":90},"down":{"uv":[6.875,4.0,6.25,4.5],"texture":"#1","rotation":270}}},{"from":[7.125,-3.0841,6.9],"to":[8.875,-0.8841,9.1],"rotation":{"origin":[8.0,6.04877,8.0],"axis":"y","angle":0.0},"faces":{"north":{"uv":[7.0,6.25,7.4375,6.75],"texture":"#1"},"east":{"uv":[7.0,1.25,7.5,1.75],"texture":"#1"},"south":{"uv":[7.0,2.0,7.4375,2.5],"texture":"#1"},"west":{"uv":[7.0,1.25,7.5,1.75],"texture":"#1"},"up":{"uv":[7.5,7.4375,7.0,7.0],"texture":"#1","rotation":90},"down":{"uv":[7.75,2.75,7.25,3.1875],"texture":"#1","rotation":270}}},{"from":[7.375,-5.08358,17.38235],"to":[8.625,-3.33358,19.13235],"rotation":{"origin":[8.0,6.04877,8.0],"axis":"x","angle":45.0},"faces":{"north":{"uv":[7.5,8.0,7.8125,8.4375],"texture":"#1"},"east":{"uv":[7.25,3.5,7.6875,3.9375],"texture":"#1"},"south":{"uv":[5.5,8.0,5.8125,8.4375],"texture":"#1"},"west":{"uv":[5.5,7.25,5.9375,7.6875],"texture":"#1"},"up":{"uv":[8.6875,4.3125,8.25,4.0],"texture":"#1","rotation":90},"down":{"uv":[5.1875,8.25,4.75,8.5625],"texture":"#1","rotation":270}}},{"from":[7.5,-9.1841,7.25],"to":[8.5,-7.6841,8.75],"rotation":{"origin":[8.0,6.04877,8.0],"axis":"y","angle":0.0},"faces":{"north":{"uv":[9.0,6.0,9.25,6.375],"texture":"#1"},"east":{"uv":[7.75,5.75,8.125,6.125],"texture":"#1"},"south":{"uv":[9.0,5.25,9.25,5.625],"texture":"#1"},"west":{"uv":[7.75,5.75,8.125,6.125],"texture":"#1"},"up":{"uv":[9.375,7.0,9.0,6.75],"texture":"#1","rotation":90},"down":{"uv":[0.375,9.25,0.0,9.5],"texture":"#1","rotation":270}}},{"from":[7.2,-4.527,7.2],"to":[8.8,-4.027,8.8],"rotation":{"origin":[8.0,6.04877,8.0],"axis":"y","angle":0.0},"faces":{"north":{"uv":[9.5,6.25,9.875,6.375],"texture":"#1"},"east":{"uv":[9.5,6.25,9.875,6.375],"texture":"#1"},"south":{"uv":[9.5,6.25,9.875,6.375],"texture":"#1"},"west":{"uv":[9.5,6.25,9.875,6.375],"texture":"#1"},"up":{"uv":[8.125,6.875,7.75,6.5],"texture":"#1","rotation":90},"down":{"uv":[7.125,7.75,6.75,8.125],"texture":"#1","rotation":270}}},{"from":[7.2,-6.777,7.2],"to":[8.8,-6.277,8.8],"rotation":{"origin":[8.0,6.04877,8.0],"axis":"y","angle":0.0},"faces":{"north":{"uv":[9.5,6.25,9.875,6.375],"texture":"#1"},"east":{"uv":[9.5,6.25,9.875,6.375],"texture":"#1"},"south":{"uv":[9.5,6.25,9.875,6.375],"texture":"#1"},"west":{"uv":[9.5,6.25,9.875,6.375],"texture":"#1"},"up":{"uv":[8.125,7.625,7.75,7.25],"texture":"#1","rotation":90},"down":{"uv":[8.375,0.0,8.0,0.375],"texture":"#1","rotation":270}}},{"from":[7.2,-8.027,7.2],"to":[8.8,-7.027,8.8],"rotation":{"origin":[8.0,6.04877,8.0],"axis":"y","angle":0.0},"faces":{"north":{"uv":[4.75,9.0,5.125,9.25],"texture":"#1"},"east":{"uv":[4.75,9.0,5.125,9.25],"texture":"#1"},"south":{"uv":[4.75,9.0,5.125,9.25],"texture":"#1"},"west":{"uv":[4.75,9.0,5.125,9.25],"texture":"#1"},"up":{"uv":[8.375,2.875,8.0,2.5],"texture":"#1","rotation":90},"down":{"uv":[8.375,3.25,8.0,3.625],"texture":"#1","rotation":270}}}],"textures":{"particle":"b7c33c60-9e1a-4e08-a526-238a1ca35224","1":"b3b908f5-4412-4a8b-bdb5-ba3d49dbdca6","3":"57e47408-2403-4b9c-85e4-06eed5094dd1","4":"812d05be-9cd1-42ec-997a-8a475e8b351a","5":"d2af7458-98d0-450d-9034-111c6f33fb11","6":"b7c33c60-9e1a-4e08-a526-238a1ca35224"},"gui_light":"front"}