{"display":{"thirdperson_righthand":{"rotation":[73.0,-79.0,53.62],"translation":[-1.75,3.75,2.5]},"firstperson_righthand":{"rotation":[-83.73,-73.21,-74.56],"translation":[1.25,2.75,-2.0]},"gui":{"rotation":[9.84,9.72,44.19],"translation":[3.25,-2.5,0.0]}},"elements":[{"from":[7.11963,0.0,6.76748],"to":[8.0,1.7043,7.82393],"rotation":{"origin":[2.36564,1.0,2.36564],"axis":"y","angle":0.0},"faces":{"north":{"uv":[0.25,0.25,0.75,0.75],"texture":"#0"},"east":{"uv":[1.25,0.25,1.75,0.75],"texture":"#0"},"south":{"uv":[2.25,0.25,2.75,0.75],"texture":"#0"},"west":{"uv":[3.25,0.25,3.75,0.75],"texture":"#0"},"up":{"uv":[4.25,0.25,4.75,0.75],"texture":"#0"},"down":{"uv":[5.25,0.25,5.75,0.75],"texture":"#0"}}},{"from":[7.29571,4.52148,6.23926],"to":[7.82393,5.57792,8.35215],"rotation":{"origin":[2.36564,1.0,2.36564],"axis":"y","angle":0.0},"faces":{"north":{"uv":[8.25,1.25,8.75,1.75],"texture":"#0"},"east":{"uv":[9.25,1.25,9.75,1.75],"texture":"#0"},"south":{"uv":[10.25,1.25,10.75,1.75],"texture":"#0"},"west":{"uv":[11.25,1.25,11.75,1.75],"texture":"#0"},"up":{"uv":[12.25,1.25,12.75,1.75],"texture":"#0"},"down":{"uv":[13.25,1.25,13.75,1.75],"texture":"#0"}}},{"from":[6.94356,4.69755,6.41534],"to":[8.17607,5.22577,8.17607],"rotation":{"origin":[2.36564,1.0,2.36564],"axis":"y","angle":0.0},"faces":{"north":{"uv":[0.25,3.25,0.75,3.75],"texture":"#0","rotation":270},"east":{"uv":[1.25,3.25,1.75,3.75],"texture":"#0","rotation":90},"south":{"uv":[2.25,3.25,2.75,3.75],"texture":"#0","rotation":90},"west":{"uv":[3.25,3.25,3.75,3.75],"texture":"#0","rotation":90},"up":{"uv":[4.25,3.25,4.75,3.75],"texture":"#0","rotation":90},"down":{"uv":[5.25,3.25,5.75,3.75],"texture":"#0","rotation":90}}},{"from":[11.16933,6.70479,6.59141],"to":[12.40184,7.16258,8.0],"rotation":{"origin":[2.36564,1.0,2.36564],"axis":"y","angle":0.0},"faces":{"north":{"uv":[12.25,3.25,12.75,3.75],"texture":"#0","rotation":270},"east":{"uv":[13.25,3.25,13.75,3.75],"texture":"#0","rotation":90},"south":{"uv":[14.25,3.25,14.75,3.75],"texture":"#0","rotation":90},"west":{"uv":[15.25,3.25,15.75,3.75],"texture":"#0","rotation":90},"up":{"uv":[0.25,4.25,0.75,4.75],"texture":"#0","rotation":90},"down":{"uv":[1.25,4.25,1.75,4.75],"texture":"#0","rotation":90}}},{"from":[11.52147,6.45829,6.73227],"to":[12.0497,7.4443,7.85914],"rotation":{"origin":[2.36564,1.0,2.36564],"axis":"y","angle":0.0},"faces":{"north":{"uv":[6.25,3.25,6.75,3.75],"texture":"#0"},"east":{"uv":[7.25,3.25,7.75,3.75],"texture":"#0"},"south":{"uv":[8.25,3.25,8.75,3.75],"texture":"#0"},"west":{"uv":[9.25,3.25,9.75,3.75],"texture":"#0"},"up":{"uv":[10.25,3.25,10.75,3.75],"texture":"#0"},"down":{"uv":[11.25,3.25,11.75,3.75],"texture":"#0"}}},{"from":[2.89386,6.70479,6.59141],"to":[4.12638,7.16258,8.0],"rotation":{"origin":[2.36564,1.0,2.36564],"axis":"y","angle":0.0},"faces":{"north":{"uv":[8.25,4.25,8.75,4.75],"texture":"#0","rotation":270},"east":{"uv":[9.25,4.25,9.75,4.75],"texture":"#0","rotation":90},"south":{"uv":[10.25,4.25,10.75,4.75],"texture":"#0","rotation":90},"west":{"uv":[11.25,4.25,11.75,4.75],"texture":"#0","rotation":90},"up":{"uv":[12.25,4.25,12.75,4.75],"texture":"#0","rotation":90},"down":{"uv":[13.25,4.25,13.75,4.75],"texture":"#0","rotation":90}}},{"from":[3.24601,6.45829,6.73227],"to":[3.77423,7.4443,7.82393],"rotation":{"origin":[2.36564,1.0,2.36564],"axis":"y","angle":0.0},"faces":{"north":{"uv":[2.25,4.25,2.75,4.75],"texture":"#0"},"east":{"uv":[3.25,4.25,3.75,4.75],"texture":"#0"},"south":{"uv":[4.25,4.25,4.75,4.75],"texture":"#0"},"west":{"uv":[5.25,4.25,5.75,4.75],"texture":"#0"},"up":{"uv":[6.25,4.25,6.75,4.75],"texture":"#0"},"down":{"uv":[7.25,4.25,7.75,4.75],"texture":"#0"}}},{"from":[6.94356,5.22577,6.73227],"to":[8.17607,6.45829,8.0],"rotation":{"origin":[2.36564,1.0,2.36564],"axis":"y","angle":0.0},"faces":{"north":{"uv":[10.25,2.25,10.75,2.75],"texture":"#0"},"east":{"uv":[11.25,2.25,11.75,2.75],"texture":"#0"},"south":{"uv":[1.25,5.25,1.75,5.75],"texture":"#0"},"west":{"uv":[13.25,2.25,13.75,2.75],"texture":"#0"},"up":{"uv":[14.25,2.25,14.75,2.75],"texture":"#0"},"down":{"uv":[15.25,2.25,15.75,2.75],"texture":"#0"}}},{"from":[6.41534,5.75399,7.11963],"to":[8.7043,20.89633,7.47178],"rotation":{"origin":[2.36564,1.0,2.36564],"axis":"y","angle":0.0},"faces":{"north":{"uv":[14.25,5.25,14.75,5.75],"texture":"#0"},"east":{"uv":[15.25,4.25,15.75,4.75],"texture":"#0"},"south":{"uv":[2.25,6.25,2.75,6.75],"texture":"#0"},"west":{"uv":[1.25,5.25,1.75,5.75],"texture":"#0"},"up":{"uv":[5.25,6.25,5.75,6.75],"texture":"#0"},"down":{"uv":[3.25,5.25,3.75,5.75],"texture":"#0"}}},{"from":[6.59141,20.54419,7.11963],"to":[8.52822,21.60063,7.47178],"rotation":{"origin":[2.36564,1.0,2.36564],"axis":"y","angle":0.0},"faces":{"north":{"uv":[4.25,6.25,4.75,6.75],"texture":"#0"},"east":{"uv":[5.25,5.25,5.75,5.75],"texture":"#0"},"south":{"uv":[5.25,5.25,5.75,5.75],"texture":"#0"},"west":{"uv":[7.25,5.25,7.75,5.75],"texture":"#0"},"up":{"uv":[8.25,5.25,8.75,5.75],"texture":"#0"},"down":{"uv":[9.25,5.25,9.75,5.75],"texture":"#0"}}},{"from":[6.94356,21.24848,7.11963],"to":[8.17607,22.30492,7.47178],"rotation":{"origin":[2.36564,1.0,2.36564],"axis":"y","angle":0.0},"faces":{"north":{"uv":[8.25,5.25,8.75,5.75],"texture":"#0"},"east":{"uv":[11.25,5.25,11.75,5.75],"texture":"#0"},"south":{"uv":[11.25,5.25,11.75,5.75],"texture":"#0"},"west":{"uv":[13.25,5.25,13.75,5.75],"texture":"#0"},"up":{"uv":[14.25,5.25,14.75,5.75],"texture":"#0"},"down":{"uv":[15.25,5.25,15.75,5.75],"texture":"#0"}}},{"from":[7.11963,21.60063,7.11963],"to":[8.0,22.65707,7.47178],"rotation":{"origin":[2.36564,1.0,2.36564],"axis":"y","angle":0.0},"faces":{"north":{"uv":[1.0,5.25,1.75,5.75],"texture":"#0"},"east":{"uv":[1.25,6.25,1.75,6.75],"texture":"#0"},"south":{"uv":[2.25,6.25,2.75,6.75],"texture":"#0"},"west":{"uv":[3.25,6.25,3.75,6.75],"texture":"#0"},"up":{"uv":[4.25,6.25,4.75,6.75],"texture":"#0"},"down":{"uv":[5.25,6.25,5.75,6.75],"texture":"#0"}}},{"from":[7.57742,21.95278,7.11963],"to":[7.7535,23.00922,7.47178],"rotation":{"origin":[2.36564,1.0,2.36564],"axis":"y","angle":0.0},"faces":{"north":{"uv":[1.25,5.25,1.75,5.75],"texture":"#0"},"east":{"uv":[1.25,6.25,1.75,6.75],"texture":"#0"},"south":{"uv":[2.25,6.25,2.75,6.75],"texture":"#0"},"west":{"uv":[3.25,6.25,3.75,6.75],"texture":"#0"},"up":{"uv":[4.25,6.25,4.75,6.75],"texture":"#0"},"down":{"uv":[5.25,6.25,5.75,6.75],"texture":"#0"}}},{"from":[7.29571,21.95278,7.11963],"to":[7.47178,23.00922,7.47178],"rotation":{"origin":[2.36564,1.0,2.36564],"axis":"y","angle":0.0},"faces":{"north":{"uv":[1.25,5.25,1.75,5.75],"texture":"#0"},"east":{"uv":[1.25,6.25,1.75,6.75],"texture":"#0"},"south":{"uv":[5.25,5.25,5.75,5.75],"texture":"#0"},"west":{"uv":[3.25,6.25,3.75,6.75],"texture":"#0"},"up":{"uv":[4.25,6.25,4.75,6.75],"texture":"#0"},"down":{"uv":[5.25,6.25,5.75,6.75],"texture":"#0"}}},{"from":[7.43656,21.95278,7.11963],"to":[7.61264,23.32615,7.47178],"rotation":{"origin":[2.36564,1.0,2.36564],"axis":"y","angle":0.0},"faces":{"north":{"uv":[1.25,5.25,1.75,5.75],"texture":"#0"},"east":{"uv":[1.25,6.25,1.75,6.75],"texture":"#0"},"south":{"uv":[2.25,6.25,2.75,6.75],"texture":"#0"},"west":{"uv":[3.25,6.25,3.75,6.75],"texture":"#0"},"up":{"uv":[4.25,6.25,4.75,6.75],"texture":"#0"},"down":{"uv":[5.25,6.25,5.75,6.75],"texture":"#0"}}},{"from":[8.0,5.93007,6.94356],"to":[8.52822,20.72026,7.64785],"rotation":{"origin":[2.36564,1.0,2.36564],"axis":"y","angle":0.0},"faces":{"north":{"uv":[14.25,4.25,14.75,4.75],"texture":"#0"},"east":{"uv":[15.25,4.25,15.75,4.75],"texture":"#0"},"south":{"uv":[0.25,5.25,0.75,5.75],"texture":"#0"},"west":{"uv":[1.25,5.25,1.75,5.75],"texture":"#0"},"up":{"uv":[2.25,6.25,2.75,6.75],"texture":"#0"},"down":{"uv":[3.25,5.25,3.75,5.75],"texture":"#0"}}},{"from":[6.59141,5.93007,6.94356],"to":[7.11963,20.72026,7.64785],"rotation":{"origin":[2.36564,1.0,2.36564],"axis":"y","angle":0.0},"faces":{"north":{"uv":[14.25,4.25,14.75,4.75],"texture":"#0"},"east":{"uv":[15.25,4.25,15.75,4.75],"texture":"#0"},"south":{"uv":[0.25,5.25,0.75,5.75],"texture":"#0"},"west":{"uv":[1.25,5.25,1.75,5.75],"texture":"#0"},"up":{"uv":[11.25,5.25,11.75,5.75],"texture":"#0"},"down":{"uv":[3.25,5.25,3.75,5.75],"texture":"#0"}}},{"from":[7.43656,19.02995,6.94356],"to":[7.68307,19.73425,7.64785],"rotation":{"origin":[2.36564,1.0,2.36564],"axis":"y","angle":0.0},"faces":{"north":{"uv":[14.25,4.25,14.75,4.75],"texture":"#0"},"east":{"uv":[12.25,5.25,12.75,5.75],"texture":"#0"},"south":{"uv":[0.25,5.25,0.75,5.75],"texture":"#0"},"west":{"uv":[1.25,5.25,1.75,5.75],"texture":"#0"},"up":{"uv":[2.25,5.25,2.75,5.75],"texture":"#0"},"down":{"uv":[3.25,5.25,3.75,5.75],"texture":"#0"}}},{"from":[7.36613,5.93007,6.94356],"to":[7.7535,19.45253,7.64785],"rotation":{"origin":[2.36564,1.0,2.36564],"axis":"y","angle":0.0},"faces":{"north":{"uv":[14.25,4.25,14.75,4.75],"texture":"#0"},"east":{"uv":[15.25,5.25,15.75,5.75],"texture":"#0"},"south":{"uv":[0.25,5.25,0.75,5.75],"texture":"#0"},"west":{"uv":[1.25,5.25,1.75,5.75],"texture":"#0"},"up":{"uv":[2.25,5.25,2.75,5.75],"texture":"#0"},"down":{"uv":[3.25,5.25,3.75,5.75],"texture":"#0"}}},{"from":[6.76748,20.72026,6.94356],"to":[8.35215,21.42456,7.64785],"rotation":{"origin":[2.36564,1.0,2.36564],"axis":"y","angle":0.0},"faces":{"north":{"uv":[4.25,5.25,4.75,5.75],"texture":"#0"},"east":{"uv":[5.25,5.25,5.75,5.75],"texture":"#0"},"south":{"uv":[6.25,5.25,6.75,5.75],"texture":"#0"},"west":{"uv":[7.25,5.25,7.75,5.75],"texture":"#0"},"up":{"uv":[8.25,5.25,8.75,5.75],"texture":"#0"},"down":{"uv":[9.25,5.25,9.75,5.75],"texture":"#0"}}},{"from":[7.7535,20.01597,6.94356],"to":[8.0,20.72026,7.64785],"rotation":{"origin":[2.36564,1.0,2.36564],"axis":"y","angle":0.0},"faces":{"north":{"uv":[4.25,5.25,4.75,5.75],"texture":"#0"},"east":{"uv":[5.25,5.25,5.75,5.75],"texture":"#0"},"south":{"uv":[6.25,5.25,6.75,5.75],"texture":"#0"},"west":{"uv":[7.25,5.25,7.75,5.75],"texture":"#0"},"up":{"uv":[8.25,5.25,8.75,5.75],"texture":"#0"},"down":{"uv":[9.25,5.25,9.75,5.75],"texture":"#0"}}},{"from":[7.11963,20.36811,6.94356],"to":[8.0,21.07241,7.64785],"rotation":{"origin":[2.36564,1.0,2.36564],"axis":"y","angle":0.0},"faces":{"north":{"uv":[4.25,5.25,4.75,5.75],"texture":"#0"},"east":{"uv":[5.25,5.25,5.75,5.75],"texture":"#0"},"south":{"uv":[6.25,5.25,6.75,5.75],"texture":"#0"},"west":{"uv":[7.25,5.25,7.75,5.75],"texture":"#0"},"up":{"uv":[8.25,5.25,8.75,5.75],"texture":"#0"},"down":{"uv":[9.25,5.25,9.75,5.75],"texture":"#0"}}},{"from":[7.11963,20.01597,6.94356],"to":[7.36613,20.72026,7.64785],"rotation":{"origin":[2.36564,1.0,2.36564],"axis":"y","angle":0.0},"faces":{"north":{"uv":[4.25,5.25,4.75,5.75],"texture":"#0"},"east":{"uv":[5.25,5.25,5.75,5.75],"texture":"#0"},"south":{"uv":[6.25,5.25,6.75,5.75],"texture":"#0"},"west":{"uv":[7.25,5.25,7.75,5.75],"texture":"#0"},"up":{"uv":[8.25,5.25,8.75,5.75],"texture":"#0"},"down":{"uv":[9.25,5.25,9.75,5.75],"texture":"#0"}}},{"from":[7.11963,21.42456,6.94356],"to":[8.0,22.12885,7.64785],"rotation":{"origin":[2.36564,1.0,2.36564],"axis":"y","angle":0.0},"faces":{"north":{"uv":[10.25,5.25,10.75,5.75],"texture":"#0"},"east":{"uv":[11.25,5.25,11.75,5.75],"texture":"#0"},"south":{"uv":[12.25,5.25,12.75,5.75],"texture":"#0"},"west":{"uv":[13.25,5.25,13.75,5.75],"texture":"#0"},"up":{"uv":[14.25,5.25,14.75,5.75],"texture":"#0"},"down":{"uv":[15.25,5.25,15.75,5.75],"texture":"#0"}}},{"from":[7.29571,21.7767,6.94356],"to":[7.82393,22.481,7.64785],"rotation":{"origin":[2.36564,1.0,2.36564],"axis":"y","angle":0.0},"faces":{"north":{"uv":[0.25,6.25,0.75,6.75],"texture":"#0"},"east":{"uv":[1.25,6.25,1.75,6.75],"texture":"#0"},"south":{"uv":[4.25,5.25,4.75,5.75],"texture":"#0"},"west":{"uv":[3.25,6.25,3.75,6.75],"texture":"#0"},"up":{"uv":[4.25,6.25,4.75,6.75],"texture":"#0"},"down":{"uv":[5.25,6.25,5.75,6.75],"texture":"#0"}}},{"from":[7.47178,22.481,6.94356],"to":[7.64785,22.83315,7.64785],"rotation":{"origin":[2.36564,1.0,2.36564],"axis":"y","angle":0.0},"faces":{"north":{"uv":[0.25,6.25,0.75,6.75],"texture":"#0"},"east":{"uv":[1.25,6.25,1.75,6.75],"texture":"#0"},"south":{"uv":[4.25,5.25,4.75,5.75],"texture":"#0"},"west":{"uv":[3.25,6.25,3.75,6.75],"texture":"#0"},"up":{"uv":[4.25,6.25,4.75,6.75],"texture":"#0"},"down":{"uv":[5.25,6.25,5.75,6.75],"texture":"#0"}}},{"from":[7.01399,1.7043,6.76748],"to":[8.10564,3.11289,7.82393],"rotation":{"origin":[2.36564,1.0,2.36564],"axis":"y","angle":0.0},"faces":{"north":{"uv":[2.25,1.25,2.75,1.75],"texture":"#0"},"east":{"uv":[11.25,0.25,11.75,0.75],"texture":"#0"},"south":{"uv":[6.25,0.25,6.75,0.75],"texture":"#0"},"west":{"uv":[5.25,1.25,5.75,1.75],"texture":"#0"},"up":{"uv":[6.25,1.25,6.75,1.75],"texture":"#0"},"down":{"uv":[7.25,1.25,7.75,1.75],"texture":"#0"}}},{"from":[1.13312,6.56393,6.83791],"to":[5.00675,7.40908,7.7535],"rotation":{"origin":[2.36564,1.0,2.36564],"axis":"z","angle":-22.5},"faces":{"north":{"uv":[14.25,1.25,14.75,1.75],"texture":"#0"},"east":{"uv":[15.25,1.25,15.75,1.75],"texture":"#0"},"south":{"uv":[0.25,2.25,0.75,2.75],"texture":"#0"},"west":{"uv":[1.25,2.25,1.75,2.75],"texture":"#0"},"up":{"uv":[2.25,2.25,2.75,2.75],"texture":"#0"},"down":{"uv":[3.25,2.25,3.75,2.75],"texture":"#0"}}},{"from":[9.23252,2.65509,6.76748],"to":[13.28221,3.35939,7.82393],"rotation":{"origin":[2.36564,1.0,2.36564],"axis":"z","angle":22.5},"faces":{"north":{"uv":[4.25,2.25,4.75,2.75],"texture":"#0"},"east":{"uv":[5.25,2.25,5.75,2.75],"texture":"#0"},"south":{"uv":[6.25,2.25,6.75,2.75],"texture":"#0"},"west":{"uv":[7.25,2.25,7.75,2.75],"texture":"#0"},"up":{"uv":[8.25,2.25,8.75,2.75],"texture":"#0"},"down":{"uv":[9.25,2.25,9.75,2.75],"texture":"#0"}}},{"from":[7.11963,3.11289,6.76748],"to":[8.0,3.81718,7.82393],"rotation":{"origin":[2.36564,1.0,2.36564],"axis":"y","angle":0.0},"faces":{"north":{"uv":[12.25,0.25,12.75,0.75],"texture":"#0"},"east":{"uv":[13.25,0.25,13.75,0.75],"texture":"#0"},"south":{"uv":[14.25,0.25,14.75,0.75],"texture":"#0"},"west":{"uv":[15.25,0.25,15.75,0.75],"texture":"#0"},"up":{"uv":[0.25,1.25,0.75,1.75],"texture":"#0"},"down":{"uv":[1.25,1.25,1.75,1.75],"texture":"#0"}}},{"from":[1.52049,6.88086,6.66184],"to":[5.25325,7.16258,7.92957],"rotation":{"origin":[2.36564,1.0,2.36564],"axis":"z","angle":-22.5},"faces":{"north":{"uv":[12.25,0.25,12.75,0.75],"texture":"#0","rotation":180},"east":{"uv":[15.25,0.25,15.75,0.75],"texture":"#0","rotation":180},"south":{"uv":[14.25,0.25,14.75,0.75],"texture":"#0","rotation":180},"west":{"uv":[13.25,0.25,13.75,0.75],"texture":"#0","rotation":180},"up":{"uv":[1.25,1.25,1.75,1.75],"texture":"#0","rotation":180},"down":{"uv":[0.25,1.25,0.75,1.75],"texture":"#0","rotation":180}}},{"from":[8.9508,2.83117,6.66184],"to":[12.82442,3.18331,7.92957],"rotation":{"origin":[2.36564,1.0,2.36564],"axis":"z","angle":22.5},"faces":{"north":{"uv":[12.25,0.25,12.75,0.75],"texture":"#0"},"east":{"uv":[13.25,0.25,13.75,0.75],"texture":"#0"},"south":{"uv":[14.25,0.25,14.75,0.75],"texture":"#0"},"west":{"uv":[15.25,0.25,15.75,0.75],"texture":"#0"},"up":{"uv":[0.25,1.25,0.75,1.75],"texture":"#0"},"down":{"uv":[1.25,1.25,1.75,1.75],"texture":"#0"}}},{"from":[7.40135,3.04246,7.15485],"to":[10.85239,3.95804,7.50699],"rotation":{"origin":[2.36564,7.33865,2.36564],"axis":"z","angle":22.5},"faces":{"north":{"uv":[0.25,1.25,0.75,1.75],"texture":"#0","rotation":180},"east":{"uv":[13.25,0.25,13.75,0.75],"texture":"#0","rotation":90},"south":{"uv":[1.25,1.25,1.75,1.75],"texture":"#0"},"west":{"uv":[15.25,0.25,15.75,0.75],"texture":"#0","rotation":270},"up":{"uv":[14.25,0.25,14.75,0.75],"texture":"#0"},"down":{"uv":[12.25,0.25,12.75,0.75],"texture":"#0","rotation":180}}},{"from":[3.63337,6.98651,7.19006],"to":[7.08442,7.97252,7.47178],"rotation":{"origin":[2.36564,7.33865,2.36564],"axis":"z","angle":-22.5},"faces":{"north":{"uv":[1.25,1.25,1.75,1.75],"texture":"#0"},"east":{"uv":[15.25,0.25,15.75,0.75],"texture":"#0","rotation":270},"south":{"uv":[0.25,1.25,0.75,1.75],"texture":"#0","rotation":180},"west":{"uv":[13.25,0.25,13.75,0.75],"texture":"#0","rotation":90},"up":{"uv":[14.25,0.25,14.75,0.75],"texture":"#0","rotation":180},"down":{"uv":[12.25,0.25,12.75,0.75],"texture":"#0"}}},{"from":[7.01399,3.81718,6.76748],"to":[8.10564,5.22577,7.82393],"rotation":{"origin":[2.36564,1.0,2.36564],"axis":"y","angle":0.0},"faces":{"north":{"uv":[6.25,0.25,6.75,0.75],"texture":"#0"},"east":{"uv":[7.25,0.25,7.75,0.75],"texture":"#0"},"south":{"uv":[7.25,0.25,7.75,0.75],"texture":"#0"},"west":{"uv":[9.25,0.25,9.75,0.75],"texture":"#0"},"up":{"uv":[10.25,0.25,10.75,0.75],"texture":"#0"},"down":{"uv":[11.25,0.25,11.75,0.75],"texture":"#0"}}},{"from":[8.0,3.11289,6.76748],"to":[8.38736,3.46503,7.82393],"rotation":{"origin":[2.36564,1.0,2.36564],"axis":"y","angle":0.0},"faces":{"north":{"uv":[6.25,0.25,6.75,0.75],"texture":"#0"},"east":{"uv":[7.25,0.25,7.75,0.75],"texture":"#0"},"south":{"uv":[8.25,0.25,8.75,0.75],"texture":"#0"},"west":{"uv":[9.25,0.25,9.75,0.75],"texture":"#0"},"up":{"uv":[10.25,0.25,10.75,0.75],"texture":"#0"},"down":{"uv":[11.25,0.25,11.75,0.75],"texture":"#0"}}},{"from":[8.35215,3.25374,6.76748],"to":[8.73951,3.60589,7.82393],"rotation":{"origin":[2.36564,1.0,2.36564],"axis":"y","angle":0.0},"faces":{"north":{"uv":[6.25,0.25,6.75,0.75],"texture":"#0"},"east":{"uv":[7.25,0.25,7.75,0.75],"texture":"#0"},"south":{"uv":[8.25,0.25,8.75,0.75],"texture":"#0"},"west":{"uv":[9.25,0.25,9.75,0.75],"texture":"#0"},"up":{"uv":[10.25,0.25,10.75,0.75],"texture":"#0"},"down":{"uv":[11.25,0.25,11.75,0.75],"texture":"#0"}}},{"from":[8.7043,3.53546,6.76748],"to":[9.09166,3.88761,7.82393],"rotation":{"origin":[2.36564,1.0,2.36564],"axis":"y","angle":0.0},"faces":{"north":{"uv":[6.25,0.25,6.75,0.75],"texture":"#0"},"east":{"uv":[7.25,0.25,7.75,0.75],"texture":"#0"},"south":{"uv":[8.25,0.25,8.75,0.75],"texture":"#0"},"west":{"uv":[9.25,0.25,9.75,0.75],"texture":"#0"},"up":{"uv":[10.25,0.25,10.75,0.75],"texture":"#0"},"down":{"uv":[11.25,0.25,11.75,0.75],"texture":"#0"}}},{"from":[9.05644,3.81718,6.76748],"to":[9.4438,4.16933,7.82393],"rotation":{"origin":[2.36564,1.0,2.36564],"axis":"y","angle":0.0},"faces":{"north":{"uv":[6.25,0.25,6.75,0.75],"texture":"#0"},"east":{"uv":[7.25,0.25,7.75,0.75],"texture":"#0"},"south":{"uv":[8.25,0.25,8.75,0.75],"texture":"#0"},"west":{"uv":[9.25,0.25,9.75,0.75],"texture":"#0"},"up":{"uv":[10.25,0.25,10.75,0.75],"texture":"#0"},"down":{"uv":[11.25,0.25,11.75,0.75],"texture":"#0"}}},{"from":[9.12687,4.16933,6.76748],"to":[9.51423,4.52147,7.82393],"rotation":{"origin":[2.36564,1.0,2.36564],"axis":"y","angle":0.0},"faces":{"north":{"uv":[6.25,0.25,6.75,0.75],"texture":"#0"},"east":{"uv":[7.25,0.25,7.75,0.75],"texture":"#0"},"south":{"uv":[8.25,0.25,8.75,0.75],"texture":"#0"},"west":{"uv":[9.25,0.25,9.75,0.75],"texture":"#0"},"up":{"uv":[10.25,0.25,10.75,0.75],"texture":"#0"},"down":{"uv":[11.25,0.25,11.75,0.75],"texture":"#0"}}},{"from":[8.91558,4.52148,6.76748],"to":[9.30295,4.87362,7.82393],"rotation":{"origin":[2.36564,1.0,2.36564],"axis":"y","angle":0.0},"faces":{"north":{"uv":[6.25,0.25,6.75,0.75],"texture":"#0"},"east":{"uv":[7.25,0.25,7.75,0.75],"texture":"#0"},"south":{"uv":[8.25,0.25,8.75,0.75],"texture":"#0"},"west":{"uv":[9.25,0.25,9.75,0.75],"texture":"#0"},"up":{"uv":[10.25,0.25,10.75,0.75],"texture":"#0"},"down":{"uv":[11.25,0.25,11.75,0.75],"texture":"#0"}}},{"from":[8.56344,4.80319,6.76748],"to":[8.9508,5.15534,7.82393],"rotation":{"origin":[2.36564,1.0,2.36564],"axis":"y","angle":0.0},"faces":{"north":{"uv":[6.25,0.25,6.75,0.75],"texture":"#0"},"east":{"uv":[7.25,0.25,7.75,0.75],"texture":"#0"},"south":{"uv":[8.25,0.25,8.75,0.75],"texture":"#0"},"west":{"uv":[9.25,0.25,9.75,0.75],"texture":"#0"},"up":{"uv":[10.25,0.25,10.75,0.75],"texture":"#0"},"down":{"uv":[11.25,0.25,11.75,0.75],"texture":"#0"}}},{"from":[8.21129,5.01448,6.76748],"to":[8.59865,5.36663,7.82393],"rotation":{"origin":[2.36564,1.0,2.36564],"axis":"y","angle":0.0},"faces":{"north":{"uv":[6.25,0.25,6.75,0.75],"texture":"#0"},"east":{"uv":[7.25,0.25,7.75,0.75],"texture":"#0"},"south":{"uv":[8.25,0.25,8.75,0.75],"texture":"#0"},"west":{"uv":[9.25,0.25,9.75,0.75],"texture":"#0"},"up":{"uv":[10.25,0.25,10.75,0.75],"texture":"#0"},"down":{"uv":[11.25,0.25,11.75,0.75],"texture":"#0"}}},{"from":[6.5562,5.01448,6.76748],"to":[6.94356,5.36663,7.82393],"rotation":{"origin":[13.63436,1.0,2.36564],"axis":"y","angle":0.0},"faces":{"north":{"uv":[6.75,0.25,6.25,0.75],"texture":"#0"},"east":{"uv":[9.75,0.25,9.25,0.75],"texture":"#0"},"south":{"uv":[8.75,0.25,8.25,0.75],"texture":"#0"},"west":{"uv":[7.75,0.25,7.25,0.75],"texture":"#0"},"up":{"uv":[10.75,0.25,10.25,0.75],"texture":"#0"},"down":{"uv":[11.75,0.25,11.25,0.75],"texture":"#0"}}},{"from":[6.20405,4.80319,6.76748],"to":[6.59141,5.15534,7.82393],"rotation":{"origin":[13.63436,1.0,2.36564],"axis":"y","angle":0.0},"faces":{"north":{"uv":[6.75,0.25,6.25,0.75],"texture":"#0"},"east":{"uv":[9.75,0.25,9.25,0.75],"texture":"#0"},"south":{"uv":[8.75,0.25,8.25,0.75],"texture":"#0"},"west":{"uv":[7.75,0.25,7.25,0.75],"texture":"#0"},"up":{"uv":[10.75,0.25,10.25,0.75],"texture":"#0"},"down":{"uv":[11.75,0.25,11.25,0.75],"texture":"#0"}}},{"from":[5.8519,4.52148,6.76748],"to":[6.23926,4.87362,7.82393],"rotation":{"origin":[13.63436,1.0,2.36564],"axis":"y","angle":0.0},"faces":{"north":{"uv":[6.75,0.25,6.25,0.75],"texture":"#0"},"east":{"uv":[9.75,0.25,9.25,0.75],"texture":"#0"},"south":{"uv":[8.75,0.25,8.25,0.75],"texture":"#0"},"west":{"uv":[7.75,0.25,7.25,0.75],"texture":"#0"},"up":{"uv":[10.75,0.25,10.25,0.75],"texture":"#0"},"down":{"uv":[11.75,0.25,11.25,0.75],"texture":"#0"}}},{"from":[5.64061,4.16933,6.76748],"to":[6.02797,4.52147,7.82393],"rotation":{"origin":[13.63436,1.0,2.36564],"axis":"y","angle":0.0},"faces":{"north":{"uv":[6.75,0.25,6.25,0.75],"texture":"#0"},"east":{"uv":[9.75,0.25,9.25,0.75],"texture":"#0"},"south":{"uv":[8.75,0.25,8.25,0.75],"texture":"#0"},"west":{"uv":[7.75,0.25,7.25,0.75],"texture":"#0"},"up":{"uv":[10.75,0.25,10.25,0.75],"texture":"#0"},"down":{"uv":[11.75,0.25,11.25,0.75],"texture":"#0"}}},{"from":[5.71104,3.81718,6.76748],"to":[6.0984,4.16933,7.82393],"rotation":{"origin":[13.63436,1.0,2.36564],"axis":"y","angle":0.0},"faces":{"north":{"uv":[6.75,0.25,6.25,0.75],"texture":"#0"},"east":{"uv":[9.75,0.25,9.25,0.75],"texture":"#0"},"south":{"uv":[8.75,0.25,8.25,0.75],"texture":"#0"},"west":{"uv":[7.75,0.25,7.25,0.75],"texture":"#0"},"up":{"uv":[10.75,0.25,10.25,0.75],"texture":"#0"},"down":{"uv":[11.75,0.25,11.25,0.75],"texture":"#0"}}},{"from":[6.06319,3.53546,6.76748],"to":[6.45055,3.88761,7.82393],"rotation":{"origin":[13.63436,1.0,2.36564],"axis":"y","angle":0.0},"faces":{"north":{"uv":[6.75,0.25,6.25,0.75],"texture":"#0"},"east":{"uv":[9.75,0.25,9.25,0.75],"texture":"#0"},"south":{"uv":[8.75,0.25,8.25,0.75],"texture":"#0"},"west":{"uv":[7.75,0.25,7.25,0.75],"texture":"#0"},"up":{"uv":[10.75,0.25,10.25,0.75],"texture":"#0"},"down":{"uv":[11.75,0.25,11.25,0.75],"texture":"#0"}}},{"from":[6.41534,3.25374,6.76748],"to":[6.8027,3.60589,7.82393],"rotation":{"origin":[13.63436,1.0,2.36564],"axis":"y","angle":0.0},"faces":{"north":{"uv":[6.75,0.25,6.25,0.75],"texture":"#0"},"east":{"uv":[9.75,0.25,9.25,0.75],"texture":"#0"},"south":{"uv":[8.75,0.25,8.25,0.75],"texture":"#0"},"west":{"uv":[7.75,0.25,7.25,0.75],"texture":"#0"},"up":{"uv":[10.75,0.25,10.25,0.75],"texture":"#0"},"down":{"uv":[11.75,0.25,11.25,0.75],"texture":"#0"}}},{"from":[6.76748,3.11289,6.76748],"to":[7.15485,3.46503,7.82393],"rotation":{"origin":[13.63436,1.0,2.36564],"axis":"y","angle":0.0},"faces":{"north":{"uv":[6.75,0.25,6.25,0.75],"texture":"#0"},"east":{"uv":[9.75,0.25,9.25,0.75],"texture":"#0"},"south":{"uv":[8.75,0.25,8.25,0.75],"texture":"#0"},"west":{"uv":[7.75,0.25,7.25,0.75],"texture":"#0"},"up":{"uv":[10.75,0.25,10.25,0.75],"texture":"#0"},"down":{"uv":[11.75,0.25,11.25,0.75],"texture":"#0"}}}],"textures":{"particle":"f4db426a-55af-45e3-97f2-280ec93412f0","0":"f4db426a-55af-45e3-97f2-280ec93412f0"}}