{"display":{"thirdperson_righthand":{"rotation":[0.0,90.0,0.0],"translation":[0.0,8.75,1.25],"scale":[1.2,1.2,1.2]},"thirdperson_lefthand":{"rotation":[0.0,90.0,0.0],"translation":[0.0,8.75,1.25],"scale":[1.2,1.2,1.2]},"firstperson_righthand":{"rotation":[-19.0,90.0,0.0],"translation":[8.25,4.75,-6.5]},"firstperson_lefthand":{"rotation":[-19.0,90.0,0.0],"translation":[8.25,4.75,-6.5]},"ground":{"rotation":[-102.0,0.0,0.0],"translation":[0.0,-1.5,0.0],"scale":[0.57,0.57,0.57]},"gui":{"rotation":[0.0,0.0,45.0],"scale":[0.63,0.63,0.63]},"head":{"rotation":[0.0,0.0,144.75],"translation":[1.75,-18.25,8.25],"scale":[1.85,1.85,1.85]},"fixed":{"translation":[0.0,0.0,-0.75]}},"elements":[{"from":[8.62008,-0.72343,7.3184],"to":[9.35608,-0.17143,8.6816],"rotation":{"origin":[7.93447,-2.04028,8.0],"axis":"z","angle":45.0},"faces":{"north":{"uv":[14.5,3.0,14.875,3.25],"texture":"#2"},"east":{"uv":[13.5,11.0,14.125,11.25],"texture":"#2"},"south":{"uv":[3.5,14.5,3.875,14.75],"texture":"#2"},"west":{"uv":[13.5,11.5,14.125,11.75],"texture":"#2"},"up":{"uv":[7.375,13.125,7.0,12.5],"texture":"#2"},"down":{"uv":[7.875,12.5,7.5,13.125],"texture":"#2"}}},{"from":[8.62008,-1.45943,7.3184],"to":[9.90808,-0.72343,8.6816],"rotation":{"origin":[7.93447,-2.04028,8.0],"axis":"z","angle":45.0},"faces":{"north":{"uv":[12.5,9.0,13.125,9.375],"texture":"#2"},"east":{"uv":[10.0,12.5,10.625,12.875],"texture":"#2"},"south":{"uv":[11.0,12.5,11.625,12.875],"texture":"#2"},"west":{"uv":[12.5,11.0,13.125,11.375],"texture":"#2"},"up":{"uv":[12.125,4.125,11.5,3.5],"texture":"#2"},"down":{"uv":[5.125,11.5,4.5,12.125],"texture":"#2"}}},{"from":[8.79956,-0.74838,7.392],"to":[9.53556,0.53962,8.608],"rotation":{"origin":[7.93447,-2.04028,8.0],"axis":"z","angle":22.5},"faces":{"north":{"uv":[8.0,12.5,8.375,13.125],"texture":"#2"},"east":{"uv":[11.5,4.5,12.125,5.125],"texture":"#2"},"south":{"uv":[9.0,12.5,9.375,13.125],"texture":"#2"},"west":{"uv":[11.5,5.5,12.125,6.125],"texture":"#2"},"up":{"uv":[12.875,12.125,12.5,11.5],"texture":"#2"},"down":{"uv":[12.375,12.5,12.0,13.125],"texture":"#2"}}},{"from":[8.33128,-1.77791,7.424],"to":[8.97128,-0.65791,8.576],"rotation":{"origin":[7.93447,-2.04028,8.0],"axis":"z","angle":22.5},"faces":{"north":{"uv":[13.0,1.5,13.375,2.0],"texture":"#2"},"east":{"uv":[11.0,11.5,11.625,12.0],"texture":"#2"},"south":{"uv":[13.0,10.5,13.375,11.0],"texture":"#2"},"west":{"uv":[12.0,0.0,12.625,0.5],"texture":"#2"},"up":{"uv":[12.875,13.125,12.5,12.5],"texture":"#2"},"down":{"uv":[13.375,0.0,13.0,0.625],"texture":"#2"}}},{"from":[7.83133,-2.91759,7.424],"to":[8.40733,-1.90959,8.576],"rotation":{"origin":[7.93447,-2.04028,8.0],"axis":"z","angle":22.5},"faces":{"north":{"uv":[6.5,14.0,6.75,14.5],"texture":"#2"},"east":{"uv":[12.0,0.5,12.625,1.0],"texture":"#2"},"south":{"uv":[14.0,6.5,14.25,7.0],"texture":"#2"},"west":{"uv":[12.0,1.0,12.625,1.5],"texture":"#2"},"up":{"uv":[12.25,14.125,12.0,13.5],"texture":"#2"},"down":{"uv":[13.75,12.0,13.5,12.625],"texture":"#2"}}},{"from":[7.87276,-1.55466,7.36],"to":[8.51276,-1.07466,8.64],"rotation":{"origin":[7.93447,-2.04028,8.0],"axis":"z","angle":45.0},"faces":{"north":{"uv":[14.5,3.5,14.875,3.75],"texture":"#2"},"east":{"uv":[12.5,13.5,13.125,13.75],"texture":"#2"},"south":{"uv":[14.5,4.0,14.875,4.25],"texture":"#2"},"west":{"uv":[13.5,13.0,14.125,13.25],"texture":"#2"},"up":{"uv":[0.875,13.625,0.5,13.0],"texture":"#2"},"down":{"uv":[1.375,13.0,1.0,13.625],"texture":"#2"}}},{"from":[7.87276,-2.19466,7.36],"to":[8.99276,-1.55466,8.64],"rotation":{"origin":[7.93447,-2.04028,8.0],"axis":"z","angle":45.0},"faces":{"north":{"uv":[0.0,13.5,0.5,13.875],"texture":"#2"},"east":{"uv":[13.0,1.0,13.625,1.375],"texture":"#2"},"south":{"uv":[13.5,0.0,14.0,0.375],"texture":"#2"},"west":{"uv":[1.5,13.0,2.125,13.375],"texture":"#2"},"up":{"uv":[2.0,12.625,1.5,12.0],"texture":"#2"},"down":{"uv":[2.5,12.0,2.0,12.625],"texture":"#2"}}},{"from":[7.0276,-2.45576,7.3664],"to":[7.6036,-2.02376,8.6336],"rotation":{"origin":[7.93447,-2.04028,8.0],"axis":"z","angle":45.0},"faces":{"north":{"uv":[8.5,14.5,8.75,14.75],"texture":"#2"},"east":{"uv":[13.5,13.5,14.125,13.75],"texture":"#2"},"south":{"uv":[14.5,8.5,14.75,8.75],"texture":"#2"},"west":{"uv":[0.0,14.0,0.625,14.25],"texture":"#2"},"up":{"uv":[14.25,0.625,14.0,0.0],"texture":"#2"},"down":{"uv":[1.25,14.0,1.0,14.625],"texture":"#2"}}},{"from":[7.0276,-3.03176,7.3664],"to":[8.0356,-2.45576,8.6336],"rotation":{"origin":[7.93447,-2.04028,8.0],"axis":"z","angle":45.0},"faces":{"north":{"uv":[14.0,7.0,14.5,7.25],"texture":"#2"},"east":{"uv":[14.0,1.0,14.625,1.25],"texture":"#2"},"south":{"uv":[7.5,14.0,8.0,14.25],"texture":"#2"},"west":{"uv":[1.5,14.0,2.125,14.25],"texture":"#2"},"up":{"uv":[3.0,12.625,2.5,12.0],"texture":"#2"},"down":{"uv":[3.5,12.0,3.0,12.625],"texture":"#2"}}},{"from":[5.39634,-4.57108,7.328],"to":[5.76114,-4.20628,8.672],"rotation":{"origin":[7.93447,-1.94028,8.0],"axis":"z","angle":45.0},"faces":{"north":{"uv":[11.0,14.5,11.125,14.625],"texture":"#2"},"east":{"uv":[7.0,14.5,7.625,14.625],"texture":"#2"},"south":{"uv":[14.5,11.0,14.625,11.125],"texture":"#2"},"west":{"uv":[14.5,7.0,15.125,7.125],"texture":"#2"},"up":{"uv":[14.625,8.125,14.5,7.5],"texture":"#2"},"down":{"uv":[8.125,14.5,8.0,15.125],"texture":"#2"}}},{"from":[4.11634,1.40892,7.168],"to":[5.92114,3.21372,8.832],"rotation":{"origin":[7.93447,5.31972,8.0],"axis":"z","angle":45.0},"faces":{"north":{"uv":[9.5,6.0,10.375,6.875],"texture":"#2"},"east":{"uv":[7.0,9.5,7.875,10.375],"texture":"#2"},"south":{"uv":[9.5,7.0,10.375,7.875],"texture":"#2"},"west":{"uv":[8.0,9.5,8.875,10.375],"texture":"#2"},"up":{"uv":[10.375,8.875,9.5,8.0],"texture":"#2"},"down":{"uv":[10.375,9.0,9.5,9.875],"texture":"#2"}}},{"from":[6.06257,-3.90485,7.296],"to":[7.50257,-3.26485,8.704],"rotation":{"origin":[7.93447,-1.94028,8.0],"axis":"z","angle":45.0},"faces":{"north":{"uv":[12.0,8.0,12.75,8.375],"texture":"#2"},"east":{"uv":[12.0,8.5,12.75,8.875],"texture":"#2"},"south":{"uv":[12.0,9.5,12.75,9.875],"texture":"#2"},"west":{"uv":[12.0,10.0,12.75,10.375],"texture":"#2"},"up":{"uv":[2.25,11.25,1.5,10.5],"texture":"#2"},"down":{"uv":[3.25,10.5,2.5,11.25],"texture":"#2"}}},{"from":[6.06257,-3.26485,7.296],"to":[6.70257,-2.46485,8.704],"rotation":{"origin":[7.93447,-1.94028,8.0],"axis":"z","angle":45.0},"faces":{"north":{"uv":[14.0,2.5,14.375,2.875],"texture":"#2"},"east":{"uv":[12.0,10.5,12.75,10.875],"texture":"#2"},"south":{"uv":[3.0,14.0,3.375,14.375],"texture":"#2"},"west":{"uv":[11.0,12.0,11.75,12.375],"texture":"#2"},"up":{"uv":[12.375,12.25,12.0,11.5],"texture":"#2"},"down":{"uv":[12.875,3.5,12.5,4.25],"texture":"#2"}}},{"from":[7.35161,-4.04305,7.36],"to":[7.99161,-2.92305,8.64],"rotation":{"origin":[7.93447,-1.94028,8.0],"axis":"z","angle":22.5},"faces":{"north":{"uv":[13.5,0.5,13.875,1.0],"texture":"#2"},"east":{"uv":[12.0,1.5,12.625,2.0],"texture":"#2"},"south":{"uv":[1.5,13.5,1.875,14.0],"texture":"#2"},"west":{"uv":[12.0,6.5,12.625,7.0],"texture":"#2"},"up":{"uv":[2.875,13.625,2.5,13.0],"texture":"#2"},"down":{"uv":[3.375,13.0,3.0,13.625],"texture":"#2"}}},{"from":[8.88268,-4.95935,7.36],"to":[9.52268,-3.19935,8.64],"rotation":{"origin":[7.93447,-1.94028,8.0],"axis":"z","angle":-22.5},"faces":{"north":{"uv":[10.0,11.5,10.375,12.375],"texture":"#2"},"east":{"uv":[7.0,10.5,7.625,11.375],"texture":"#2"},"south":{"uv":[10.5,11.5,10.875,12.375],"texture":"#2"},"west":{"uv":[10.5,7.0,11.125,7.875],"texture":"#2"},"up":{"uv":[13.375,3.625,13.0,3.0],"texture":"#2"},"down":{"uv":[3.875,13.0,3.5,13.625],"texture":"#2"}}},{"from":[8.58732,1.10783,7.53408],"to":[10.43052,2.13183,8.46592],"rotation":{"origin":[9.50892,1.51743,7.6928],"axis":"z","angle":-22.5},"faces":{"north":{"uv":[10.5,3.5,11.375,4.0],"texture":"#2"},"east":{"uv":[10.0,5.5,10.5,6.0],"texture":"#2"},"south":{"uv":[8.0,10.5,8.875,11.0],"texture":"#2"},"west":{"uv":[12.5,4.5,13.0,5.0],"texture":"#2"},"up":{"uv":[11.375,8.5,10.5,8.0],"texture":"#2"},"down":{"uv":[11.375,8.5,10.5,9.0],"texture":"#2"}}},{"from":[10.12314,0.2434,7.56608],"to":[10.98714,1.6066,8.43392],"rotation":{"origin":[10.47514,0.685,8.0],"axis":"z","angle":22.5},"faces":{"north":{"uv":[13.0,4.0,13.375,4.625],"texture":"#2"},"east":{"uv":[4.5,13.0,4.875,13.625],"texture":"#2"},"south":{"uv":[5.0,13.0,5.375,13.625],"texture":"#2"},"west":{"uv":[13.0,5.0,13.375,5.625],"texture":"#2"},"up":{"uv":[14.375,3.375,14.0,3.0],"texture":"#2"},"down":{"uv":[3.875,14.0,3.5,14.375],"texture":"#2"}}},{"from":[10.05773,-0.38514,7.59808],"to":[10.76173,0.97806,8.40192],"rotation":{"origin":[10.32973,0.29646,7.968],"axis":"z","angle":-45.0},"faces":{"north":{"uv":[5.5,13.0,5.875,13.625],"texture":"#2"},"east":{"uv":[6.0,13.0,6.375,13.625],"texture":"#2"},"south":{"uv":[13.0,6.0,13.375,6.625],"texture":"#2"},"west":{"uv":[6.5,13.0,6.875,13.625],"texture":"#2"},"up":{"uv":[14.375,3.875,14.0,3.5],"texture":"#2"},"down":{"uv":[4.875,14.0,4.5,14.375],"texture":"#2"}}},{"from":[9.88947,-0.68979,7.63008],"to":[10.43347,0.19341,8.36992],"rotation":{"origin":[10.24147,-0.48819,7.968],"axis":"z","angle":22.5},"faces":{"north":{"uv":[14.0,7.5,14.25,8.0],"texture":"#2"},"east":{"uv":[13.5,1.5,13.875,2.0],"texture":"#2"},"south":{"uv":[8.0,14.0,8.25,14.5],"texture":"#2"},"west":{"uv":[2.0,13.5,2.375,14.0],"texture":"#2"},"up":{"uv":[4.75,14.875,4.5,14.5],"texture":"#2"},"down":{"uv":[14.75,4.5,14.5,4.875],"texture":"#2"}}},{"from":[10.38897,1.18946,7.59808],"to":[11.09297,2.55266,8.40192],"rotation":{"origin":[10.82101,1.57141,8.0],"axis":"z","angle":22.5},"faces":{"north":{"uv":[13.0,8.0,13.375,8.625],"texture":"#2"},"east":{"uv":[8.5,13.0,8.875,13.625],"texture":"#2"},"south":{"uv":[9.5,13.0,9.875,13.625],"texture":"#2"},"west":{"uv":[13.0,9.5,13.375,10.125],"texture":"#2"},"up":{"uv":[5.375,14.375,5.0,14.0],"texture":"#2"},"down":{"uv":[14.375,5.0,14.0,5.375],"texture":"#2"}}},{"from":[9.36079,1.59362,7.63008],"to":[10.24399,2.29762,8.36992],"rotation":{"origin":[10.04239,1.94562,7.968],"axis":"y","angle":0.0},"faces":{"north":{"uv":[13.5,2.0,14.0,2.375],"texture":"#2"},"east":{"uv":[5.5,14.0,5.875,14.375],"texture":"#2"},"south":{"uv":[13.5,2.5,14.0,2.875],"texture":"#2"},"west":{"uv":[14.0,5.5,14.375,5.875],"texture":"#2"},"up":{"uv":[14.0,3.375,13.5,3.0],"texture":"#2"},"down":{"uv":[14.0,3.5,13.5,3.875],"texture":"#2"}}},{"from":[6.7584,4.79362,7.79008],"to":[9.2416,16.08802,8.20992],"rotation":{"origin":[8.24,2.58562,7.968],"axis":"y","angle":0.0},"faces":{"north":{"uv":[4.0,3.0,5.25,8.625],"texture":"#2"},"east":{"uv":[4.0,9.0,4.25,14.625],"texture":"#2"},"south":{"uv":[5.5,3.0,6.75,8.625],"texture":"#2"},"west":{"uv":[9.0,4.0,9.25,9.625],"texture":"#2"},"up":{"uv":[13.25,7.25,12.0,7.0],"texture":"#2"},"down":{"uv":[13.25,7.5,12.0,7.75],"texture":"#2"}}},{"from":[3.5584,-2.24638,8.0],"to":[12.4416,3.28802,8.0],"rotation":{"origin":[8.24,0.66562,7.75808],"axis":"y","angle":0.0},"faces":{"north":{"uv":[4.0125,0.0,8.4875,2.75],"texture":"#2"},"east":{"uv":[0.0,0.0,0.0,2.75],"texture":"#2"},"south":{"uv":[4.0125,0.0,8.4875,2.75],"texture":"#2"},"west":{"uv":[0.0,0.0,0.0,2.75],"texture":"#2"},"up":{"uv":[4.5,0.0,0.0,0.0],"texture":"#2"},"down":{"uv":[4.5,0.0,0.0,0.0],"texture":"#2"}}},{"from":[6.5634,-6.62638,8.0],"to":[9.4366,-2.37198,8.0],"rotation":{"origin":[8.435,-2.43438,7.75808],"axis":"y","angle":0.0},"faces":{"north":{"uv":[7.0,3.0,8.375,5.125],"texture":"#2"},"east":{"uv":[0.0,0.0,0.0,2.125],"texture":"#2"},"south":{"uv":[7.0,3.0,8.375,5.125],"texture":"#2"},"west":{"uv":[0.0,0.0,0.0,2.125],"texture":"#2"},"up":{"uv":[1.5,0.0,0.0,0.0],"texture":"#2"},"down":{"uv":[1.5,0.0,0.0,0.0],"texture":"#2"}}},{"from":[6.0634,-2.37638,7.95],"to":[14.0634,5.62362,8.05],"rotation":{"origin":[10.0634,1.62362,8.0],"axis":"z","angle":-45.0},"faces":{"north":{"uv":[0.0,0.0,16.0,16.0],"texture":"#1","rotation":270},"east":{"uv":[0.5,0.0,0.0,0.5],"texture":"#1","rotation":90},"south":{"uv":[16.0,0.0,0.0,16.0],"texture":"#1","rotation":90},"west":{"uv":[0.5,0.0,0.0,0.5],"texture":"#1","rotation":90},"up":{"uv":[0.0,0.0,0.5,0.625],"texture":"#1","rotation":90},"down":{"uv":[0.0,0.0,0.5,0.625],"texture":"#1","rotation":90}}},{"from":[1.9366,-2.37638,7.95],"to":[9.9366,5.62362,8.05],"rotation":{"origin":[5.9366,1.62362,8.0],"axis":"z","angle":45.0},"faces":{"north":{"uv":[0.0,16.0,16.0,0.0],"texture":"#1","rotation":270},"east":{"uv":[0.5,0.5,0.0,0.0],"texture":"#1","rotation":90},"south":{"uv":[16.0,16.0,0.0,0.0],"texture":"#1","rotation":90},"west":{"uv":[0.5,0.5,0.0,0.0],"texture":"#1","rotation":90},"up":{"uv":[0.0,0.625,0.5,0.0],"texture":"#1","rotation":90},"down":{"uv":[0.0,0.625,0.5,0.0],"texture":"#1","rotation":90}}},{"from":[7.2384,17.59362,7.808],"to":[8.7616,19.44802,8.192],"rotation":{"origin":[8.24,4.50562,7.98592],"axis":"y","angle":0.0},"faces":{"north":{"uv":[0.0,10.5,0.75,11.375],"texture":"#2"},"east":{"uv":[11.0,13.0,11.25,13.875],"texture":"#2"},"south":{"uv":[10.5,0.0,11.25,0.875],"texture":"#2"},"west":{"uv":[11.5,13.0,11.75,13.875],"texture":"#2"},"up":{"uv":[14.25,4.25,13.5,4.0],"texture":"#2"},"down":{"uv":[14.25,4.5,13.5,4.75],"texture":"#2"}}},{"from":[5.36365,15.73762,7.75808],"to":[8.56365,18.93762,8.24192],"rotation":{"origin":[8.04525,18.35522,8.032],"axis":"z","angle":45.0},"faces":{"north":{"uv":[7.0,5.5,8.625,7.125],"texture":"#2"},"east":{"uv":[8.5,11.0,8.75,12.625],"texture":"#2"},"south":{"uv":[7.0,7.5,8.625,9.125],"texture":"#2"},"west":{"uv":[11.0,9.0,11.25,10.625],"texture":"#2"},"up":{"uv":[12.625,3.25,11.0,3.0],"texture":"#2"},"down":{"uv":[12.125,11.0,10.5,11.25],"texture":"#2"}}},{"from":[9.5744,14.64052,7.792],"to":[10.3296,17.63572,8.208],"rotation":{"origin":[8.416,17.45012,8.03392],"axis":"z","angle":-22.5},"faces":{"north":{"uv":[3.5,10.5,3.875,12.0],"texture":"#2"},"east":{"uv":[0.5,11.5,0.75,13.0],"texture":"#2"},"south":{"uv":[10.5,5.5,10.875,7.0],"texture":"#2"},"west":{"uv":[11.5,6.5,11.75,8.0],"texture":"#2"},"up":{"uv":[5.375,14.75,5.0,14.5],"texture":"#2"},"down":{"uv":[14.875,5.0,14.5,5.25],"texture":"#2"}}},{"from":[9.0944,12.20852,7.808],"to":[9.9776,15.71572,8.192],"rotation":{"origin":[7.936,15.01812,8.04992],"axis":"z","angle":-22.5},"faces":{"north":{"uv":[5.5,9.0,6.0,10.75],"texture":"#2"},"east":{"uv":[10.5,9.0,10.75,10.75],"texture":"#2"},"south":{"uv":[6.0,9.0,6.5,10.75],"texture":"#2"},"west":{"uv":[11.0,1.0,11.25,2.75],"texture":"#2"},"up":{"uv":[14.5,8.25,14.0,8.0],"texture":"#2"},"down":{"uv":[9.0,14.0,8.5,14.25],"texture":"#2"}}},{"from":[9.0624,16.01232,7.792],"to":[9.9456,18.64802,8.208],"rotation":{"origin":[7.904,17.22192,8.03392],"axis":"z","angle":22.5},"faces":{"north":{"uv":[8.5,4.0,9.0,5.375],"texture":"#2"},"east":{"uv":[9.5,11.5,9.75,12.875],"texture":"#2"},"south":{"uv":[10.0,10.0,10.5,11.375],"texture":"#2"},"west":{"uv":[11.5,9.5,11.75,10.875],"texture":"#2"},"up":{"uv":[14.5,8.75,14.0,8.5],"texture":"#2"},"down":{"uv":[10.0,14.0,9.5,14.25],"texture":"#2"}}},{"from":[7.55873,18.62251,7.792],"to":[8.44193,19.81821,8.208],"rotation":{"origin":[8.00033,19.94036,8.0],"axis":"z","angle":45.0},"faces":{"north":{"uv":[3.5,12.0,4.0,12.625],"texture":"#2"},"east":{"uv":[14.0,1.5,14.25,2.125],"texture":"#2"},"south":{"uv":[6.0,12.0,6.5,12.625],"texture":"#2"},"west":{"uv":[2.5,14.0,2.75,14.625],"texture":"#2"},"up":{"uv":[10.5,14.25,10.0,14.0],"texture":"#2"},"down":{"uv":[14.5,10.0,14.0,10.25],"texture":"#2"}}},{"from":[8.56849,1.14861,7.792],"to":[9.45169,4.65581,8.208],"rotation":{"origin":[9.01009,2.90221,8.0],"axis":"z","angle":-22.5},"faces":{"north":{"uv":[6.5,9.0,7.0,10.75],"texture":"#2"},"east":{"uv":[11.0,4.0,11.25,5.75],"texture":"#2"},"south":{"uv":[9.5,4.0,10.0,5.75],"texture":"#2"},"west":{"uv":[5.5,11.0,5.75,12.75],"texture":"#2"},"up":{"uv":[11.0,14.25,10.5,14.0],"texture":"#2"},"down":{"uv":[14.5,10.5,14.0,10.75],"texture":"#2"}}},{"from":[9.2544,3.56432,7.792],"to":[10.1376,8.24802,8.208],"rotation":{"origin":[8.096,4.26192,8.03392],"axis":"z","angle":22.5},"faces":{"north":{"uv":[4.5,9.0,5.0,11.375],"texture":"#2"},"east":{"uv":[1.0,10.5,1.25,12.875],"texture":"#2"},"south":{"uv":[5.0,9.0,5.5,11.375],"texture":"#2"},"west":{"uv":[10.5,1.0,10.75,3.375],"texture":"#2"},"up":{"uv":[11.5,14.25,11.0,14.0],"texture":"#2"},"down":{"uv":[12.0,14.0,11.5,14.25],"texture":"#2"}}},{"from":[5.6384,3.03362,7.75808],"to":[8.9536,6.28482,8.24192],"rotation":{"origin":[8.0,5.33122,8.032],"axis":"z","angle":45.0},"faces":{"north":{"uv":[8.5,0.0,10.125,1.625],"texture":"#2"},"east":{"uv":[0.0,11.5,0.25,13.125],"texture":"#2"},"south":{"uv":[8.5,2.0,10.125,3.625],"texture":"#2"},"west":{"uv":[11.5,0.0,11.75,1.625],"texture":"#2"},"up":{"uv":[3.125,11.75,1.5,11.5],"texture":"#2"},"down":{"uv":[13.125,2.0,11.5,2.25],"texture":"#2"}}},{"from":[9.1584,14.71362,7.7984],"to":[10.0416,15.76802,8.2016],"rotation":{"origin":[9.6,14.92082,8.00832],"axis":"z","angle":22.5},"faces":{"north":{"uv":[12.5,5.0,13.0,5.5],"texture":"#2"},"east":{"uv":[14.0,12.0,14.25,12.5],"texture":"#2"},"south":{"uv":[12.5,5.5,13.0,6.0],"texture":"#2"},"west":{"uv":[12.5,14.0,12.75,14.5],"texture":"#2"},"up":{"uv":[14.5,12.75,14.0,12.5],"texture":"#2"},"down":{"uv":[13.5,14.0,13.0,14.25],"texture":"#2"}}},{"from":[8.8384,12.15362,7.7984],"to":[9.7216,13.20802,8.2016],"rotation":{"origin":[9.28,12.36082,8.00832],"axis":"z","angle":22.5},"faces":{"north":{"uv":[12.5,6.0,13.0,6.5],"texture":"#2"},"east":{"uv":[13.5,14.0,13.75,14.5],"texture":"#2"},"south":{"uv":[6.5,12.5,7.0,13.0],"texture":"#2"},"west":{"uv":[14.0,14.0,14.25,14.5],"texture":"#2"},"up":{"uv":[0.5,14.75,0.0,14.5],"texture":"#2"},"down":{"uv":[15.0,0.0,14.5,0.25],"texture":"#2"}}},{"from":[8.7744,11.56852,7.808],"to":[9.6576,13.15572,8.192],"rotation":{"origin":[7.616,12.45812,8.04992],"axis":"z","angle":-22.5},"faces":{"north":{"uv":[7.0,11.5,7.5,12.25],"texture":"#2"},"east":{"uv":[13.5,5.0,13.75,5.75],"texture":"#2"},"south":{"uv":[7.5,11.5,8.0,12.25],"texture":"#2"},"west":{"uv":[13.5,6.0,13.75,6.75],"texture":"#2"},"up":{"uv":[1.0,14.75,0.5,14.5],"texture":"#2"},"down":{"uv":[15.0,0.5,14.5,0.75],"texture":"#2"}}},{"from":[8.7744,7.72852,7.808],"to":[9.6576,9.31572,8.192],"rotation":{"origin":[7.616,8.61812,8.04992],"axis":"z","angle":-22.5},"faces":{"north":{"uv":[11.5,8.0,12.0,8.75],"texture":"#2"},"east":{"uv":[7.0,13.5,7.25,14.25],"texture":"#2"},"south":{"uv":[9.0,11.5,9.5,12.25],"texture":"#2"},"west":{"uv":[13.5,7.0,13.75,7.75],"texture":"#2"},"up":{"uv":[2.0,14.75,1.5,14.5],"texture":"#2"},"down":{"uv":[15.0,1.5,14.5,1.75],"texture":"#2"}}},{"from":[8.8384,8.31362,7.7984],"to":[9.7216,10.00802,8.2016],"rotation":{"origin":[9.28,8.52082,8.00832],"axis":"z","angle":22.5},"faces":{"north":{"uv":[6.0,11.0,6.5,11.875],"texture":"#2"},"east":{"uv":[13.0,11.5,13.25,12.375],"texture":"#2"},"south":{"uv":[11.0,6.0,11.5,6.875],"texture":"#2"},"west":{"uv":[13.0,12.5,13.25,13.375],"texture":"#2"},"up":{"uv":[2.5,14.75,2.0,14.5],"texture":"#2"},"down":{"uv":[15.0,2.0,14.5,2.25],"texture":"#2"}}},{"from":[10.62632,0.80227,7.63008],"to":[11.66952,1.34627,8.36992],"rotation":{"origin":[11.22792,1.07427,8.0],"axis":"z","angle":-22.5},"faces":{"north":{"uv":[14.5,2.5,15.0,2.75],"texture":"#2"},"east":{"uv":[5.5,14.5,5.875,14.75],"texture":"#2"},"south":{"uv":[3.0,14.5,3.5,14.75],"texture":"#2"},"west":{"uv":[14.5,5.5,14.875,5.75],"texture":"#2"},"up":{"uv":[8.0,13.875,7.5,13.5],"texture":"#2"},"down":{"uv":[8.5,13.5,8.0,13.875],"texture":"#2"}}},{"from":[10.33914,-1.16381,7.66208],"to":[10.85114,-0.44061,8.33792],"rotation":{"origin":[10.61114,-1.04221,7.968],"axis":"z","angle":45.0},"faces":{"north":{"uv":[6.0,14.5,6.25,14.875],"texture":"#2"},"east":{"uv":[6.0,14.0,6.375,14.375],"texture":"#2"},"south":{"uv":[14.5,6.0,14.75,6.375],"texture":"#2"},"west":{"uv":[14.0,6.0,14.375,6.375],"texture":"#2"},"up":{"uv":[6.75,14.875,6.5,14.5],"texture":"#2"},"down":{"uv":[14.75,6.5,14.5,6.875],"texture":"#2"}}},{"from":[8.12731,1.79636,7.57504],"to":[9.65051,2.82036,8.42496],"rotation":{"origin":[8.72891,2.30836,7.95904],"axis":"z","angle":-45.0},"faces":{"north":{"uv":[11.5,2.5,12.25,3.0],"texture":"#2"},"east":{"uv":[13.5,8.0,13.875,8.5],"texture":"#2"},"south":{"uv":[11.5,9.0,12.25,9.5],"texture":"#2"},"west":{"uv":[13.5,8.5,13.875,9.0],"texture":"#2"},"up":{"uv":[13.25,2.875,12.5,2.5],"texture":"#2"},"down":{"uv":[5.25,12.5,4.5,12.875],"texture":"#2"}}},{"from":[4.3584,2.23362,8.0],"to":[11.6416,23.12802,8.0],"rotation":{"origin":[7.76,4.50562,7.75808],"axis":"y","angle":0.0},"faces":{"north":{"uv":[0.0,0.0,3.625,10.5],"texture":"#2"},"east":{"uv":[0.0,0.0,0.0,10.5],"texture":"#2"},"south":{"uv":[0.0,0.0,3.625,10.5],"texture":"#2"},"west":{"uv":[0.0,0.0,0.0,10.5],"texture":"#2"},"up":{"uv":[3.625,0.0,0.0,0.0],"texture":"#2"},"down":{"uv":[3.625,0.0,0.0,0.0],"texture":"#2"}}},{"from":[9.12983,1.21236,7.3408],"to":[9.94903,3.46516,8.6592],"rotation":{"origin":[7.91612,-0.39925,7.968],"axis":"z","angle":22.5},"faces":{"north":{"uv":[6.5,11.0,6.875,12.125],"texture":"#2"},"east":{"uv":[10.0,4.0,10.625,5.125],"texture":"#2"},"south":{"uv":[8.0,11.0,8.375,12.125],"texture":"#2"},"west":{"uv":[9.0,10.0,9.625,11.125],"texture":"#2"},"up":{"uv":[10.375,13.625,10.0,13.0],"texture":"#2"},"down":{"uv":[10.875,13.0,10.5,13.625],"texture":"#2"}}},{"from":[7.1744,19.64162,7.75808],"to":[7.7376,20.20482,8.24192],"rotation":{"origin":[8.0,19.37922,8.032],"axis":"z","angle":-45.0},"faces":{"north":{"uv":[9.25,14.5,9.0,14.75],"texture":"#2"},"east":{"uv":[14.75,9.5,14.5,9.75],"texture":"#2"},"south":{"uv":[9.75,14.5,9.5,14.75],"texture":"#2"},"west":{"uv":[14.75,9.0,14.5,9.25],"texture":"#2"},"up":{"uv":[10.0,14.75,10.25,14.5],"texture":"#2"},"down":{"uv":[14.5,10.0,14.75,10.25],"texture":"#2"}}},{"from":[7.55807,18.62251,7.792],"to":[8.44127,19.81821,8.208],"rotation":{"origin":[7.99967,19.94036,8.0],"axis":"z","angle":-45.0},"faces":{"north":{"uv":[4.0,12.0,3.5,12.625],"texture":"#2"},"east":{"uv":[2.75,14.0,2.5,14.625],"texture":"#2"},"south":{"uv":[6.5,12.0,6.0,12.625],"texture":"#2"},"west":{"uv":[14.25,1.5,14.0,2.125],"texture":"#2"},"up":{"uv":[10.0,14.25,10.5,14.0],"texture":"#2"},"down":{"uv":[14.0,10.0,14.5,10.25],"texture":"#2"}}},{"from":[6.0544,16.01232,7.792],"to":[6.9376,18.64802,8.208],"rotation":{"origin":[8.096,17.22192,8.03392],"axis":"z","angle":-22.5},"faces":{"north":{"uv":[9.0,4.0,8.5,5.375],"texture":"#2"},"east":{"uv":[11.75,9.5,11.5,10.875],"texture":"#2"},"south":{"uv":[10.5,10.0,10.0,11.375],"texture":"#2"},"west":{"uv":[9.75,11.5,9.5,12.875],"texture":"#2"},"up":{"uv":[14.0,8.75,14.5,8.5],"texture":"#2"},"down":{"uv":[9.5,14.0,10.0,14.25],"texture":"#2"}}},{"from":[5.6704,14.64052,7.792],"to":[6.4256,17.63572,8.208],"rotation":{"origin":[7.584,17.45012,8.03392],"axis":"z","angle":22.5},"faces":{"north":{"uv":[3.875,10.5,3.5,12.0],"texture":"#2"},"east":{"uv":[11.75,6.5,11.5,8.0],"texture":"#2"},"south":{"uv":[10.875,5.5,10.5,7.0],"texture":"#2"},"west":{"uv":[0.75,11.5,0.5,13.0],"texture":"#2"},"up":{"uv":[5.0,14.75,5.375,14.5],"texture":"#2"},"down":{"uv":[14.5,5.0,14.875,5.25],"texture":"#2"}}},{"from":[5.9584,14.71362,7.7984],"to":[6.8416,15.76802,8.2016],"rotation":{"origin":[6.4,14.92082,8.00832],"axis":"z","angle":-22.5},"faces":{"north":{"uv":[13.0,5.0,12.5,5.5],"texture":"#2"},"east":{"uv":[12.75,14.0,12.5,14.5],"texture":"#2"},"south":{"uv":[13.0,5.5,12.5,6.0],"texture":"#2"},"west":{"uv":[14.25,12.0,14.0,12.5],"texture":"#2"},"up":{"uv":[14.0,12.75,14.5,12.5],"texture":"#2"},"down":{"uv":[13.0,14.0,13.5,14.25],"texture":"#2"}}},{"from":[6.0224,12.20852,7.808],"to":[6.9056,15.71572,8.192],"rotation":{"origin":[8.064,15.01812,8.04992],"axis":"z","angle":22.5},"faces":{"north":{"uv":[6.0,9.0,5.5,10.75],"texture":"#2"},"east":{"uv":[11.25,1.0,11.0,2.75],"texture":"#2"},"south":{"uv":[6.5,9.0,6.0,10.75],"texture":"#2"},"west":{"uv":[10.75,9.0,10.5,10.75],"texture":"#2"},"up":{"uv":[14.0,8.25,14.5,8.0],"texture":"#2"},"down":{"uv":[8.5,14.0,9.0,14.25],"texture":"#2"}}},{"from":[6.2784,12.15362,7.7984],"to":[7.1616,13.20802,8.2016],"rotation":{"origin":[6.72,12.36082,8.00832],"axis":"z","angle":-22.5},"faces":{"north":{"uv":[13.0,6.0,12.5,6.5],"texture":"#2"},"east":{"uv":[14.25,14.0,14.0,14.5],"texture":"#2"},"south":{"uv":[7.0,12.5,6.5,13.0],"texture":"#2"},"west":{"uv":[13.75,14.0,13.5,14.5],"texture":"#2"},"up":{"uv":[0.0,14.75,0.5,14.5],"texture":"#2"},"down":{"uv":[14.5,0.0,15.0,0.25],"texture":"#2"}}},{"from":[6.3424,11.56852,7.808],"to":[7.2256,13.15572,8.192],"rotation":{"origin":[8.384,12.45812,8.04992],"axis":"z","angle":22.5},"faces":{"north":{"uv":[7.5,11.5,7.0,12.25],"texture":"#2"},"east":{"uv":[13.75,6.0,13.5,6.75],"texture":"#2"},"south":{"uv":[8.0,11.5,7.5,12.25],"texture":"#2"},"west":{"uv":[13.75,5.0,13.5,5.75],"texture":"#2"},"up":{"uv":[0.5,14.75,1.0,14.5],"texture":"#2"},"down":{"uv":[14.5,0.5,15.0,0.75],"texture":"#2"}}},{"from":[6.2784,8.31362,7.7984],"to":[7.1616,10.00802,8.2016],"rotation":{"origin":[6.72,8.52082,8.00832],"axis":"z","angle":-22.5},"faces":{"north":{"uv":[6.5,11.0,6.0,11.875],"texture":"#2"},"east":{"uv":[13.25,12.5,13.0,13.375],"texture":"#2"},"south":{"uv":[11.5,6.0,11.0,6.875],"texture":"#2"},"west":{"uv":[13.25,11.5,13.0,12.375],"texture":"#2"},"up":{"uv":[2.0,14.75,2.5,14.5],"texture":"#2"},"down":{"uv":[14.5,2.0,15.0,2.25],"texture":"#2"}}},{"from":[6.3424,7.72852,7.808],"to":[7.2256,9.31572,8.192],"rotation":{"origin":[8.384,8.61812,8.04992],"axis":"z","angle":22.5},"faces":{"north":{"uv":[12.0,8.0,11.5,8.75],"texture":"#2"},"east":{"uv":[13.75,7.0,13.5,7.75],"texture":"#2"},"south":{"uv":[9.5,11.5,9.0,12.25],"texture":"#2"},"west":{"uv":[7.25,13.5,7.0,14.25],"texture":"#2"},"up":{"uv":[1.5,14.75,2.0,14.5],"texture":"#2"},"down":{"uv":[14.5,1.5,15.0,1.75],"texture":"#2"}}},{"from":[5.8624,3.56432,7.792],"to":[6.7456,8.24802,8.208],"rotation":{"origin":[7.904,4.26192,8.03392],"axis":"z","angle":-22.5},"faces":{"north":{"uv":[5.0,9.0,4.5,11.375],"texture":"#2"},"east":{"uv":[10.75,1.0,10.5,3.375],"texture":"#2"},"south":{"uv":[5.5,9.0,5.0,11.375],"texture":"#2"},"west":{"uv":[1.25,10.5,1.0,12.875],"texture":"#2"},"up":{"uv":[11.0,14.25,11.5,14.0],"texture":"#2"},"down":{"uv":[11.5,14.0,12.0,14.25],"texture":"#2"}}},{"from":[6.54831,1.14861,7.792],"to":[7.43151,4.65581,8.208],"rotation":{"origin":[6.98991,2.90221,8.0],"axis":"z","angle":22.5},"faces":{"north":{"uv":[7.0,9.0,6.5,10.75],"texture":"#2"},"east":{"uv":[5.75,11.0,5.5,12.75],"texture":"#2"},"south":{"uv":[10.0,4.0,9.5,5.75],"texture":"#2"},"west":{"uv":[11.25,4.0,11.0,5.75],"texture":"#2"},"up":{"uv":[10.5,14.25,11.0,14.0],"texture":"#2"},"down":{"uv":[14.0,10.5,14.5,10.75],"texture":"#2"}}},{"from":[6.05097,1.21236,7.3408],"to":[6.87017,3.46516,8.6592],"rotation":{"origin":[8.08388,-0.39925,7.968],"axis":"z","angle":-22.5},"faces":{"north":{"uv":[6.875,11.0,6.5,12.125],"texture":"#2"},"east":{"uv":[9.625,10.0,9.0,11.125],"texture":"#2"},"south":{"uv":[8.375,11.0,8.0,12.125],"texture":"#2"},"west":{"uv":[10.625,4.0,10.0,5.125],"texture":"#2"},"up":{"uv":[10.0,13.625,10.375,13.0],"texture":"#2"},"down":{"uv":[10.5,13.0,10.875,13.625],"texture":"#2"}}},{"from":[6.34949,1.79636,7.57504],"to":[7.87269,2.82036,8.42496],"rotation":{"origin":[7.27109,2.30836,7.95904],"axis":"z","angle":45.0},"faces":{"north":{"uv":[12.25,2.5,11.5,3.0],"texture":"#2"},"east":{"uv":[13.875,8.5,13.5,9.0],"texture":"#2"},"south":{"uv":[12.25,9.0,11.5,9.5],"texture":"#2"},"west":{"uv":[13.875,8.0,13.5,8.5],"texture":"#2"},"up":{"uv":[12.5,2.875,13.25,2.5],"texture":"#2"},"down":{"uv":[4.5,12.5,5.25,12.875],"texture":"#2"}}},{"from":[5.56948,1.10783,7.53408],"to":[7.41268,2.13183,8.46592],"rotation":{"origin":[6.49108,1.51743,7.6928],"axis":"z","angle":22.5},"faces":{"north":{"uv":[11.375,3.5,10.5,4.0],"texture":"#2"},"east":{"uv":[13.0,4.5,12.5,5.0],"texture":"#2"},"south":{"uv":[8.875,10.5,8.0,11.0],"texture":"#2"},"west":{"uv":[10.5,5.5,10.0,6.0],"texture":"#2"},"up":{"uv":[10.5,8.5,11.375,8.0],"texture":"#2"},"down":{"uv":[10.5,8.5,11.375,9.0],"texture":"#2"}}},{"from":[5.75601,1.59362,7.63008],"to":[6.63921,2.29762,8.36992],"rotation":{"origin":[5.95761,1.94562,7.968],"axis":"y","angle":0.0},"faces":{"north":{"uv":[14.0,2.0,13.5,2.375],"texture":"#2"},"east":{"uv":[14.375,5.5,14.0,5.875],"texture":"#2"},"south":{"uv":[14.0,2.5,13.5,2.875],"texture":"#2"},"west":{"uv":[5.875,14.0,5.5,14.375],"texture":"#2"},"up":{"uv":[13.5,3.375,14.0,3.0],"texture":"#2"},"down":{"uv":[13.5,3.5,14.0,3.875],"texture":"#2"}}},{"from":[4.90703,1.18946,7.59808],"to":[5.61103,2.55266,8.40192],"rotation":{"origin":[5.17899,1.57141,8.0],"axis":"z","angle":-22.5},"faces":{"north":{"uv":[13.375,8.0,13.0,8.625],"texture":"#2"},"east":{"uv":[13.375,9.5,13.0,10.125],"texture":"#2"},"south":{"uv":[9.875,13.0,9.5,13.625],"texture":"#2"},"west":{"uv":[8.875,13.0,8.5,13.625],"texture":"#2"},"up":{"uv":[5.0,14.375,5.375,14.0],"texture":"#2"},"down":{"uv":[14.0,5.0,14.375,5.375],"texture":"#2"}}},{"from":[5.01286,0.2434,7.56608],"to":[5.87686,1.6066,8.43392],"rotation":{"origin":[5.52486,0.685,8.0],"axis":"z","angle":-22.5},"faces":{"north":{"uv":[13.375,4.0,13.0,4.625],"texture":"#2"},"east":{"uv":[13.375,5.0,13.0,5.625],"texture":"#2"},"south":{"uv":[5.375,13.0,5.0,13.625],"texture":"#2"},"west":{"uv":[4.875,13.0,4.5,13.625],"texture":"#2"},"up":{"uv":[14.0,3.375,14.375,3.0],"texture":"#2"},"down":{"uv":[3.5,14.0,3.875,14.375],"texture":"#2"}}},{"from":[4.33048,0.80227,7.63008],"to":[5.37368,1.34627,8.36992],"rotation":{"origin":[4.77208,1.07427,8.0],"axis":"z","angle":22.5},"faces":{"north":{"uv":[15.0,2.5,14.5,2.75],"texture":"#2"},"east":{"uv":[14.875,5.5,14.5,5.75],"texture":"#2"},"south":{"uv":[3.5,14.5,3.0,14.75],"texture":"#2"},"west":{"uv":[5.875,14.5,5.5,14.75],"texture":"#2"},"up":{"uv":[7.5,13.875,8.0,13.5],"texture":"#2"},"down":{"uv":[8.0,13.5,8.5,13.875],"texture":"#2"}}},{"from":[5.23827,-0.38514,7.59808],"to":[5.94227,0.97806,8.40192],"rotation":{"origin":[5.67027,0.29646,7.968],"axis":"z","angle":45.0},"faces":{"north":{"uv":[5.875,13.0,5.5,13.625],"texture":"#2"},"east":{"uv":[6.875,13.0,6.5,13.625],"texture":"#2"},"south":{"uv":[13.375,6.0,13.0,6.625],"texture":"#2"},"west":{"uv":[6.375,13.0,6.0,13.625],"texture":"#2"},"up":{"uv":[14.0,3.875,14.375,3.5],"texture":"#2"},"down":{"uv":[4.5,14.0,4.875,14.375],"texture":"#2"}}},{"from":[5.56653,-0.68979,7.63008],"to":[6.11053,0.19341,8.36992],"rotation":{"origin":[5.75853,-0.48819,7.968],"axis":"z","angle":-22.5},"faces":{"north":{"uv":[14.25,7.5,14.0,8.0],"texture":"#2"},"east":{"uv":[2.375,13.5,2.0,14.0],"texture":"#2"},"south":{"uv":[8.25,14.0,8.0,14.5],"texture":"#2"},"west":{"uv":[13.875,1.5,13.5,2.0],"texture":"#2"},"up":{"uv":[4.5,14.875,4.75,14.5],"texture":"#2"},"down":{"uv":[14.5,4.5,14.75,4.875],"texture":"#2"}}},{"from":[5.14886,-1.16381,7.66208],"to":[5.66086,-0.44061,8.33792],"rotation":{"origin":[5.38886,-1.04221,7.968],"axis":"z","angle":-45.0},"faces":{"north":{"uv":[6.25,14.5,6.0,14.875],"texture":"#2"},"east":{"uv":[14.375,6.0,14.0,6.375],"texture":"#2"},"south":{"uv":[14.75,6.0,14.5,6.375],"texture":"#2"},"west":{"uv":[6.375,14.0,6.0,14.375],"texture":"#2"},"up":{"uv":[6.5,14.875,6.75,14.5],"texture":"#2"},"down":{"uv":[14.5,6.5,14.75,6.875],"texture":"#2"}}},{"from":[6.46444,-0.74838,7.392],"to":[7.20044,0.53962,8.608],"rotation":{"origin":[8.06553,-2.04028,8.0],"axis":"z","angle":-22.5},"faces":{"north":{"uv":[8.375,12.5,8.0,13.125],"texture":"#2"},"east":{"uv":[12.125,5.5,11.5,6.125],"texture":"#2"},"south":{"uv":[9.375,12.5,9.0,13.125],"texture":"#2"},"west":{"uv":[12.125,4.5,11.5,5.125],"texture":"#2"},"up":{"uv":[12.5,12.125,12.875,11.5],"texture":"#2"},"down":{"uv":[12.0,12.5,12.375,13.125],"texture":"#2"}}},{"from":[7.02872,-1.77791,7.424],"to":[7.66872,-0.65791,8.576],"rotation":{"origin":[8.06553,-2.04028,8.0],"axis":"z","angle":-22.5},"faces":{"north":{"uv":[13.375,1.5,13.0,2.0],"texture":"#2"},"east":{"uv":[12.625,0.0,12.0,0.5],"texture":"#2"},"south":{"uv":[13.375,10.5,13.0,11.0],"texture":"#2"},"west":{"uv":[11.625,11.5,11.0,12.0],"texture":"#2"},"up":{"uv":[12.5,13.125,12.875,12.5],"texture":"#2"},"down":{"uv":[13.0,0.0,13.375,0.625],"texture":"#2"}}},{"from":[7.59267,-2.91759,7.424],"to":[8.16867,-1.90959,8.576],"rotation":{"origin":[8.06553,-2.04028,8.0],"axis":"z","angle":-22.5},"faces":{"north":{"uv":[6.75,14.0,6.5,14.5],"texture":"#2"},"east":{"uv":[12.625,1.0,12.0,1.5],"texture":"#2"},"south":{"uv":[14.25,6.5,14.0,7.0],"texture":"#2"},"west":{"uv":[12.625,0.5,12.0,1.0],"texture":"#2"},"up":{"uv":[12.0,14.125,12.25,13.5],"texture":"#2"},"down":{"uv":[13.5,12.0,13.75,12.625],"texture":"#2"}}},{"from":[8.00839,-4.04305,7.36],"to":[8.64839,-2.92305,8.64],"rotation":{"origin":[8.06553,-1.94028,8.0],"axis":"z","angle":-22.5},"faces":{"north":{"uv":[13.875,0.5,13.5,1.0],"texture":"#2"},"east":{"uv":[12.625,6.5,12.0,7.0],"texture":"#2"},"south":{"uv":[1.875,13.5,1.5,14.0],"texture":"#2"},"west":{"uv":[12.625,1.5,12.0,2.0],"texture":"#2"},"up":{"uv":[2.5,13.625,2.875,13.0],"texture":"#2"},"down":{"uv":[3.0,13.0,3.375,13.625],"texture":"#2"}}},{"from":[6.47732,-4.95935,7.36],"to":[7.11732,-3.19935,8.64],"rotation":{"origin":[8.06553,-1.94028,8.0],"axis":"z","angle":22.5},"faces":{"north":{"uv":[10.375,11.5,10.0,12.375],"texture":"#2"},"east":{"uv":[11.125,7.0,10.5,7.875],"texture":"#2"},"south":{"uv":[10.875,11.5,10.5,12.375],"texture":"#2"},"west":{"uv":[7.625,10.5,7.0,11.375],"texture":"#2"},"up":{"uv":[13.0,3.625,13.375,3.0],"texture":"#2"},"down":{"uv":[3.5,13.0,3.875,13.625],"texture":"#2"}}},{"from":[4.66731,2.50124,7.26784],"to":[5.13426,2.96818,8.73216],"rotation":{"origin":[7.91612,-0.39925,8.0],"axis":"z","angle":-45.0},"faces":{"north":{"uv":[10.5,14.5,10.75,14.75],"texture":"#2"},"east":{"uv":[13.5,9.0,14.25,9.25],"texture":"#2"},"south":{"uv":[14.5,10.5,14.75,10.75],"texture":"#2"},"west":{"uv":[13.5,9.5,14.25,9.75],"texture":"#2"},"up":{"uv":[9.25,14.25,9.0,13.5],"texture":"#2"},"down":{"uv":[13.75,10.0,13.5,10.75],"texture":"#2"}}}],"textures":{"particle":"cb6b48a0-9cd7-48a1-a2f3-a86e349a8c63","1":"cb6b48a0-9cd7-48a1-a2f3-a86e349a8c63","2":"b71b60d9-ece2-4157-bd8f-42bbaad9aac3"},"gui_light":"front"}