{"display":{"thirdperson_lefthand":{"rotation":[68.5,0.0,0.0],"translation":[-5.5,-6.75,16.5],"scale":[1.51,1.51,1.51]},"firstperson_righthand":{"translation":[1.75,3.0,0.0],"scale":[0.4,0.4,0.4]},"firstperson_lefthand":{"translation":[10.25,0.0,0.0],"scale":[0.01,0.01,0.01]},"ground":{"rotation":[16.0,0.0,0.0],"translation":[0.0,11.75,0.0]},"gui":{"translation":[0.0,15.25,0.0],"scale":[0.86,0.86,0.86]},"head":{"rotation":[0.0,0.0,-2.0],"translation":[2.5,-31.75,11.0],"scale":[4.0,4.0,4.0]},"fixed":{"rotation":[0.0,180.0,0.0],"translation":[0.0,18.0,-5.5],"scale":[4.0,4.0,4.0]}},"elements":[{"from":[8.38301,-12.78774,7.75],"to":[8.88301,-12.28774,8.25],"rotation":{"origin":[11.4745,-12.53592,8.98063],"axis":"z","angle":22.5},"faces":{"north":{"uv":[7.0,4.66667,6.66667,5.0],"texture":"#2"},"east":{"uv":[5.66667,8.66667,5.33333,9.0],"texture":"#2"},"south":{"uv":[9.0,4.0,8.66667,4.33333],"texture":"#2"},"west":{"uv":[9.0,3.33333,8.66667,3.66667],"texture":"#2"},"up":{"uv":[8.66667,6.33333,9.0,6.0],"texture":"#2"},"down":{"uv":[7.33333,8.66667,7.66667,9.0],"texture":"#2"}}},{"from":[8.6,-13.5,7.8],"to":[9.0,-13.0,8.2],"rotation":{"origin":[11.4745,-12.53592,8.98063],"axis":"z","angle":0.0},"faces":{"north":{"uv":[9.25,8.0,9.0,8.33333],"texture":"#2"},"east":{"uv":[9.58333,2.0,9.33333,2.33333],"texture":"#2"},"south":{"uv":[9.58333,1.33333,9.33333,1.66667],"texture":"#2"},"west":{"uv":[9.25,8.66667,9.0,9.0],"texture":"#2"},"up":{"uv":[10.0,3.58333,10.25,3.33333],"texture":"#2"},"down":{"uv":[10.0,4.0,10.25,4.25],"texture":"#2"}}},{"from":[9.77008,-14.89665,7.7975],"to":[10.17008,-14.52165,8.2025],"rotation":{"origin":[11.4745,-12.53592,8.98063],"axis":"z","angle":-45.0},"faces":{"north":{"uv":[5.58333,10.0,5.33333,10.25],"texture":"#2"},"east":{"uv":[9.91667,10.0,9.66667,10.25],"texture":"#2"},"south":{"uv":[10.25,9.33333,10.0,9.58333],"texture":"#2"},"west":{"uv":[9.25,10.0,9.0,10.25],"texture":"#2"},"up":{"uv":[10.33333,0.91667,10.58333,0.66667],"texture":"#2"},"down":{"uv":[10.33333,4.66667,10.58333,4.91667],"texture":"#2"}}},{"from":[7.88987,-11.76435,8.0],"to":[18.28987,-1.38935,8.0],"rotation":{"origin":[13.08987,-6.57685,8.0],"axis":"z","angle":22.5},"faces":{"north":{"uv":[0.0,0.0,16.0,16.0],"texture":"#0"},"south":{"uv":[0.0,16.0,16.0,0.0],"texture":"#0","rotation":180}}},{"from":[9.38987,-15.26435,8.0],"to":[19.78987,-4.88935,8.0],"rotation":{"origin":[9.58987,-13.32685,8.0],"axis":"y","angle":-22.5},"faces":{"north":{"uv":[0.0,0.0,16.0,16.0],"texture":"#0"},"south":{"uv":[0.0,16.0,16.0,0.0],"texture":"#0","rotation":180}}},{"from":[9.38987,-14.26435,8.0],"to":[19.78987,-3.88935,8.0],"rotation":{"origin":[9.58987,-12.32685,8.0],"axis":"z","angle":-45.0},"faces":{"north":{"uv":[0.0,0.0,16.0,16.0],"texture":"#0"},"south":{"uv":[0.0,16.0,16.0,0.0],"texture":"#0","rotation":180}}},{"from":[-3.78987,-14.26435,8.0],"to":[6.61013,-3.88935,8.0],"rotation":{"origin":[6.41013,-12.32685,8.0],"axis":"z","angle":45.0},"faces":{"north":{"uv":[16.0,0.0,0.0,16.0],"texture":"#0"},"south":{"uv":[16.0,16.0,0.0,0.0],"texture":"#0","rotation":180}}},{"from":[-2.28987,-11.76435,8.0],"to":[8.11013,-1.38935,8.0],"rotation":{"origin":[2.91013,-6.57685,8.0],"axis":"z","angle":-22.5},"faces":{"north":{"uv":[16.0,0.0,0.0,16.0],"texture":"#0"},"south":{"uv":[16.0,16.0,0.0,0.0],"texture":"#0","rotation":180}}},{"from":[-3.78987,-15.26435,8.0],"to":[6.61013,-4.88935,8.0],"rotation":{"origin":[6.41013,-13.32685,8.0],"axis":"y","angle":22.5},"faces":{"north":{"uv":[16.0,0.0,0.0,16.0],"texture":"#0"},"south":{"uv":[16.0,16.0,0.0,0.0],"texture":"#0","rotation":180}}},{"from":[8.36754,-12.14341,7.7],"to":[9.11754,-11.39341,8.3],"rotation":{"origin":[11.4745,-12.53592,8.98063],"axis":"z","angle":45.0},"faces":{"north":{"uv":[5.83333,5.33333,5.33333,5.83333],"texture":"#2"},"east":{"uv":[8.08333,0.0,7.66667,0.5],"texture":"#2"},"south":{"uv":[5.83333,6.33333,5.33333,6.83333],"texture":"#2"},"west":{"uv":[7.75,6.66667,7.33333,7.16667],"texture":"#2"},"up":{"uv":[7.66667,1.41667,8.16667,1.0],"texture":"#2"},"down":{"uv":[7.33333,7.66667,7.83333,8.08333],"texture":"#2"}}},{"from":[9.89217,-11.9804,7.85],"to":[10.64217,-11.2304,8.15],"rotation":{"origin":[11.9745,-12.41092,8.98063],"axis":"z","angle":22.5},"faces":{"north":{"uv":[6.83333,5.33333,6.33333,5.83333],"texture":"#2"},"east":{"uv":[9.5,3.66667,9.33333,4.16667],"texture":"#2"},"south":{"uv":[6.83333,6.33333,6.33333,6.83333],"texture":"#2"},"west":{"uv":[9.5,2.66667,9.33333,3.16667],"texture":"#2"},"up":{"uv":[9.33333,4.83333,9.83333,4.66667],"texture":"#2"},"down":{"uv":[5.33333,9.33333,5.83333,9.5],"texture":"#2"}}},{"from":[10.25383,-12.52303,7.875],"to":[10.57884,-11.77303,8.125],"rotation":{"origin":[11.9745,-12.41092,8.98063],"axis":"z","angle":0.0},"faces":{"north":{"uv":[8.91667,1.33333,8.66667,1.83333],"texture":"#2"},"east":{"uv":[7.16667,9.33333,7.0,9.83333],"texture":"#2"},"south":{"uv":[8.91667,2.33333,8.66667,2.83333],"texture":"#2"},"west":{"uv":[6.5,9.33333,6.33333,9.83333],"texture":"#2"},"up":{"uv":[10.33333,6.83333,10.58333,6.66667],"texture":"#2"},"down":{"uv":[7.33333,10.33333,7.58333,10.5],"texture":"#2"}}},{"from":[10.58713,-11.28543,7.8725],"to":[10.92713,-10.94543,8.1275],"rotation":{"origin":[11.9745,-12.41092,8.98063],"axis":"z","angle":22.5},"faces":{"north":{"uv":[10.58333,5.33333,10.33333,5.58333],"texture":"#2"},"east":{"uv":[8.16667,10.33333,8.0,10.58333],"texture":"#2"},"south":{"uv":[6.25,10.33333,6.0,10.58333],"texture":"#2"},"west":{"uv":[10.5,7.33333,10.33333,7.58333],"texture":"#2"},"up":{"uv":[10.33333,8.16667,10.58333,8.0],"texture":"#2"},"down":{"uv":[10.33333,8.66667,10.58333,8.83333],"texture":"#2"}}},{"from":[9.82265,-13.42359,7.8625],"to":[10.57265,-12.67359,8.1375],"rotation":{"origin":[11.9745,-12.41092,8.98063],"axis":"z","angle":-22.5},"faces":{"north":{"uv":[7.16667,0.0,6.66667,0.5],"texture":"#2"},"east":{"uv":[8.5,9.33333,8.33333,9.83333],"texture":"#2"},"south":{"uv":[7.16667,1.0,6.66667,1.5],"texture":"#2"},"west":{"uv":[7.83333,9.33333,7.66667,9.83333],"texture":"#2"},"up":{"uv":[9.0,9.5,9.5,9.33333],"texture":"#2"},"down":{"uv":[9.66667,0.0,10.16667,0.16667],"texture":"#2"}}},{"from":[6.6875,-15.60417,7.95],"to":[13.8125,-8.47917,8.075],"rotation":{"origin":[10.25,-12.04167,8.0125],"axis":"z","angle":-45.0},"faces":{"north":{"uv":[0.0,10.08333,4.75,5.33333],"texture":"#2","rotation":270},"east":{"uv":[15.41667,0.0,10.66667,0.0],"texture":"#2","rotation":90},"south":{"uv":[4.75,10.08333,0.0,5.33333],"texture":"#2","rotation":90},"west":{"uv":[4.75,10.66667,0.0,10.66667],"texture":"#2","rotation":90},"up":{"uv":[10.33333,14.75,10.33333,10.0],"texture":"#2","rotation":90},"down":{"uv":[8.66667,15.08333,8.66667,10.33333],"texture":"#2","rotation":90}}},{"from":[2.1875,-15.60417,7.95],"to":[9.31251,-8.47917,8.075],"rotation":{"origin":[5.75001,-12.04167,8.0125],"axis":"z","angle":45.0},"faces":{"north":{"uv":[0.0,5.33333,4.75,10.08333],"texture":"#2","rotation":270},"east":{"uv":[4.75,10.66667,0.0,10.66667],"texture":"#2","rotation":90},"south":{"uv":[4.75,5.33333,0.0,10.08333],"texture":"#2","rotation":90},"west":{"uv":[15.41667,0.0,10.66667,0.0],"texture":"#2","rotation":90},"up":{"uv":[10.33333,10.0,10.33333,14.75],"texture":"#2","rotation":90},"down":{"uv":[8.66667,10.33333,8.66667,15.08333],"texture":"#2","rotation":90}}},{"from":[10.50245,-10.84838,7.875],"to":[11.25245,-10.52338,8.125],"rotation":{"origin":[11.9745,-12.41092,8.98063],"axis":"z","angle":45.0},"faces":{"north":{"uv":[9.16667,0.0,8.66667,0.25],"texture":"#2"},"east":{"uv":[6.83333,10.33333,6.66667,10.58333],"texture":"#2"},"south":{"uv":[9.16667,0.66667,8.66667,0.91667],"texture":"#2"},"west":{"uv":[10.5,6.0,10.33333,6.25],"texture":"#2"},"up":{"uv":[9.33333,5.5,9.83333,5.33333],"texture":"#2"},"down":{"uv":[9.33333,6.0,9.83333,6.16667],"texture":"#2"}}},{"from":[8.1054,-15.72917,7.9985],"to":[15.2304,-8.60417,8.1235],"rotation":{"origin":[9.57539,-12.90025,8.04313],"axis":"y","angle":-22.5},"faces":{"north":{"uv":[0.0,16.0,4.75,11.25],"texture":"#2","rotation":270},"east":{"uv":[15.41667,0.0,10.66667,0.0],"texture":"#2","rotation":90},"south":{"uv":[4.75,16.0,0.0,11.25],"texture":"#2","rotation":90},"west":{"uv":[4.75,10.66667,0.0,10.66667],"texture":"#2","rotation":90},"up":{"uv":[10.33333,14.75,10.33333,10.0],"texture":"#2","rotation":90},"down":{"uv":[8.66667,15.08333,8.66667,10.33333],"texture":"#2","rotation":90}}},{"from":[7.117,-12.78774,7.75],"to":[7.617,-12.28774,8.25],"rotation":{"origin":[4.5255,-12.53592,8.98063],"axis":"z","angle":-22.5},"faces":{"north":{"uv":[6.66667,4.66667,7.0,5.0],"texture":"#2"},"east":{"uv":[8.66667,3.33333,9.0,3.66667],"texture":"#2"},"south":{"uv":[8.66667,4.0,9.0,4.33333],"texture":"#2"},"west":{"uv":[5.33333,8.66667,5.66667,9.0],"texture":"#2"},"up":{"uv":[9.0,6.33333,8.66667,6.0],"texture":"#2"},"down":{"uv":[7.66667,8.66667,7.33333,9.0],"texture":"#2"}}},{"from":[7.0,-13.5,7.8],"to":[7.4,-13.0,8.2],"rotation":{"origin":[4.5255,-12.53592,8.98063],"axis":"y","angle":0.0},"faces":{"north":{"uv":[9.0,8.0,9.25,8.33333],"texture":"#2"},"east":{"uv":[9.0,8.66667,9.25,9.0],"texture":"#2"},"south":{"uv":[9.33333,1.33333,9.58333,1.66667],"texture":"#2"},"west":{"uv":[9.33333,2.0,9.58333,2.33333],"texture":"#2"},"up":{"uv":[10.25,3.58333,10.0,3.33333],"texture":"#2"},"down":{"uv":[10.25,4.0,10.0,4.25],"texture":"#2"}}},{"from":[5.82993,-14.89665,7.7975],"to":[6.22993,-14.52165,8.2025],"rotation":{"origin":[4.5255,-12.53592,8.98063],"axis":"z","angle":45.0},"faces":{"north":{"uv":[5.33333,10.0,5.58333,10.25],"texture":"#2"},"east":{"uv":[9.0,10.0,9.25,10.25],"texture":"#2"},"south":{"uv":[10.0,9.33333,10.25,9.58333],"texture":"#2"},"west":{"uv":[9.66667,10.0,9.91667,10.25],"texture":"#2"},"up":{"uv":[10.58333,0.91667,10.33333,0.66667],"texture":"#2"},"down":{"uv":[10.58333,4.66667,10.33333,4.91667],"texture":"#2"}}},{"from":[6.88247,-12.14341,7.7],"to":[7.63247,-11.39341,8.3],"rotation":{"origin":[4.5255,-12.53592,8.98063],"axis":"z","angle":-45.0},"faces":{"north":{"uv":[5.33333,5.33333,5.83333,5.83333],"texture":"#2"},"east":{"uv":[7.33333,6.66667,7.75,7.16667],"texture":"#2"},"south":{"uv":[5.33333,6.33333,5.83333,6.83333],"texture":"#2"},"west":{"uv":[7.66667,0.0,8.08333,0.5],"texture":"#2"},"up":{"uv":[8.16667,1.41667,7.66667,1.0],"texture":"#2"},"down":{"uv":[7.83333,7.66667,7.33333,8.08333],"texture":"#2"}}},{"from":[5.35783,-11.9804,7.85],"to":[6.10783,-11.2304,8.15],"rotation":{"origin":[4.0255,-12.41092,8.98063],"axis":"z","angle":-22.5},"faces":{"north":{"uv":[6.33333,5.33333,6.83333,5.83333],"texture":"#2"},"east":{"uv":[9.33333,2.66667,9.5,3.16667],"texture":"#2"},"south":{"uv":[6.33333,6.33333,6.83333,6.83333],"texture":"#2"},"west":{"uv":[9.33333,3.66667,9.5,4.16667],"texture":"#2"},"up":{"uv":[9.83333,4.83333,9.33333,4.66667],"texture":"#2"},"down":{"uv":[5.83333,9.33333,5.33333,9.5],"texture":"#2"}}},{"from":[5.42117,-12.52303,7.875],"to":[5.74617,-11.77303,8.125],"rotation":{"origin":[4.0255,-12.41092,8.98063],"axis":"y","angle":0.0},"faces":{"north":{"uv":[8.66667,1.33333,8.91667,1.83333],"texture":"#2"},"east":{"uv":[6.33333,9.33333,6.5,9.83333],"texture":"#2"},"south":{"uv":[8.66667,2.33333,8.91667,2.83333],"texture":"#2"},"west":{"uv":[7.0,9.33333,7.16667,9.83333],"texture":"#2"},"up":{"uv":[10.58333,6.83333,10.33333,6.66667],"texture":"#2"},"down":{"uv":[7.58333,10.33333,7.33333,10.5],"texture":"#2"}}},{"from":[5.07287,-11.28543,7.8725],"to":[5.41287,-10.94543,8.1275],"rotation":{"origin":[4.0255,-12.41092,8.98063],"axis":"z","angle":-22.5},"faces":{"north":{"uv":[10.33333,5.33333,10.58333,5.58333],"texture":"#2"},"east":{"uv":[10.33333,7.33333,10.5,7.58333],"texture":"#2"},"south":{"uv":[6.0,10.33333,6.25,10.58333],"texture":"#2"},"west":{"uv":[8.0,10.33333,8.16667,10.58333],"texture":"#2"},"up":{"uv":[10.58333,8.16667,10.33333,8.0],"texture":"#2"},"down":{"uv":[10.58333,8.66667,10.33333,8.83333],"texture":"#2"}}},{"from":[5.42736,-13.42359,7.8625],"to":[6.17736,-12.67359,8.1375],"rotation":{"origin":[4.0255,-12.41092,8.98063],"axis":"z","angle":22.5},"faces":{"north":{"uv":[6.66667,0.0,7.16667,0.5],"texture":"#2"},"east":{"uv":[7.66667,9.33333,7.83333,9.83333],"texture":"#2"},"south":{"uv":[6.66667,1.0,7.16667,1.5],"texture":"#2"},"west":{"uv":[8.33333,9.33333,8.5,9.83333],"texture":"#2"},"up":{"uv":[9.5,9.5,9.0,9.33333],"texture":"#2"},"down":{"uv":[10.16667,0.0,9.66667,0.16667],"texture":"#2"}}},{"from":[4.74756,-10.84838,7.875],"to":[5.49756,-10.52338,8.125],"rotation":{"origin":[4.0255,-12.41092,8.98063],"axis":"z","angle":-45.0},"faces":{"north":{"uv":[8.66667,0.0,9.16667,0.25],"texture":"#2"},"east":{"uv":[10.33333,6.0,10.5,6.25],"texture":"#2"},"south":{"uv":[8.66667,0.66667,9.16667,0.91667],"texture":"#2"},"west":{"uv":[6.66667,10.33333,6.83333,10.58333],"texture":"#2"},"up":{"uv":[9.83333,5.5,9.33333,5.33333],"texture":"#2"},"down":{"uv":[9.83333,6.0,9.33333,6.16667],"texture":"#2"}}},{"from":[0.7696,-15.72917,7.9985],"to":[7.8946,-8.60417,8.1235],"rotation":{"origin":[6.42461,-12.90025,8.04313],"axis":"y","angle":22.5},"faces":{"north":{"uv":[0.0,11.25,4.75,16.0],"texture":"#2","rotation":270},"east":{"uv":[4.75,10.66667,0.0,10.66667],"texture":"#2","rotation":90},"south":{"uv":[4.75,11.25,0.0,16.0],"texture":"#2","rotation":90},"west":{"uv":[15.41667,0.0,10.66667,0.0],"texture":"#2","rotation":90},"up":{"uv":[10.33333,10.0,10.33333,14.75],"texture":"#2","rotation":90},"down":{"uv":[8.66667,10.33333,8.66667,15.08333],"texture":"#2","rotation":90}}},{"from":[3.0,-13.27686,8.875],"to":[13.0,-3.27686,9.125],"rotation":{"origin":[8.0,-7.78426,9.0],"axis":"x","angle":0.0},"faces":{"north":{"uv":[0.0,0.0,16.0,16.0],"texture":"#3"},"east":{"uv":[0.0,0.0,5.33333,0.0],"texture":"#3","rotation":270},"south":{"uv":[16.0,0.0,0.0,16.0],"texture":"#3"},"west":{"uv":[0.0,0.0,5.33333,0.0],"texture":"#3","rotation":270},"up":{"uv":[0.0,5.33333,0.0,0.0],"texture":"#3","rotation":270},"down":{"uv":[0.0,5.33333,0.0,0.0],"texture":"#3","rotation":270}}},{"from":[3.9375,-11.35417,9.0],"to":[12.0625,-3.22917,9.0],"rotation":{"origin":[8.0,-7.78426,9.0],"axis":"x","angle":0.0},"faces":{"north":{"uv":[0.0,0.0,4.75,4.75],"texture":"#2"},"east":{"uv":[8.66667,10.33333,8.66667,15.08333],"texture":"#2"},"south":{"uv":[0.0,0.0,4.75,4.75],"texture":"#2"},"west":{"uv":[10.33333,10.0,10.33333,14.75],"texture":"#2"},"up":{"uv":[4.75,10.66667,0.0,10.66667],"texture":"#2"},"down":{"uv":[15.41667,0.0,10.66667,0.0],"texture":"#2"}}},{"from":[10.72909,-9.75008,7.875],"to":[14.60409,-5.75008,8.125],"rotation":{"origin":[12.66659,-7.75008,7.875],"axis":"z","angle":0.0},"faces":{"north":{"uv":[0.0,0.05,16.0,16.0],"texture":"#4"},"south":{"uv":[16.0,0.05,0.0,16.0],"texture":"#4"}}},{"from":[1.39591,-9.75008,7.875],"to":[5.27091,-5.75008,8.125],"rotation":{"origin":[3.33341,-7.75008,7.875],"axis":"z","angle":0.0},"faces":{"north":{"uv":[16.0,0.05,0.0,16.0],"texture":"#4"},"south":{"uv":[0.0,0.05,16.0,16.0],"texture":"#4"}}},{"from":[4.02091,-9.25008,8.625],"to":[7.89591,-5.25008,9.375],"rotation":{"origin":[5.95841,-7.25008,9.375],"axis":"z","angle":0.0},"faces":{"north":{"uv":[16.0,0.05,0.0,16.0],"texture":"#4"},"south":{"uv":[0.0,0.05,16.0,16.0],"texture":"#4"}}},{"from":[8.10409,-9.25008,8.625],"to":[11.97909,-5.25008,9.375],"rotation":{"origin":[10.04159,-7.25008,9.375],"axis":"z","angle":0.0},"faces":{"north":{"uv":[0.0,0.05,16.0,16.0],"texture":"#4"},"south":{"uv":[16.0,0.05,0.0,16.0],"texture":"#4"}}},{"from":[4.02091,-13.12492,8.625],"to":[7.89591,-9.12492,9.375],"rotation":{"origin":[5.95841,-11.12492,9.375],"axis":"z","angle":0.0},"faces":{"north":{"uv":[16.0,16.0,0.0,0.0],"texture":"#4"},"south":{"uv":[0.0,16.0,16.0,0.0],"texture":"#4"}}},{"from":[8.10409,-13.12492,8.625],"to":[11.97909,-9.12492,9.375],"rotation":{"origin":[10.04159,-11.12492,9.375],"axis":"z","angle":0.0},"faces":{"north":{"uv":[0.0,16.0,16.0,0.0],"texture":"#4"},"south":{"uv":[16.0,16.0,0.0,0.0],"texture":"#4"}}},{"from":[7.4375,-9.35417,8.79375],"to":[8.5625,-8.22917,9.20625],"rotation":{"origin":[8.0,-8.27199,9.0],"axis":"z","angle":0.0},"faces":{"north":{"uv":[5.33333,0.0,6.08333,0.75],"texture":"#2"},"east":{"uv":[8.0,2.0,8.25,2.75],"texture":"#2"},"south":{"uv":[5.33333,1.33333,6.08333,2.08333],"texture":"#2"},"west":{"uv":[8.0,3.33333,8.25,4.08333],"texture":"#2"},"up":{"uv":[8.75,4.91667,8.0,4.66667],"texture":"#2"},"down":{"uv":[8.75,5.33333,8.0,5.58333],"texture":"#2"}}},{"from":[7.37753,-8.15951,8.80875],"to":[7.88753,-7.64951,9.19125],"rotation":{"origin":[8.0,-8.27199,9.0],"axis":"z","angle":-45.0},"faces":{"north":{"uv":[9.0,6.66667,9.33333,7.0],"texture":"#2"},"east":{"uv":[9.66667,0.66667,9.91667,1.0],"texture":"#2"},"south":{"uv":[9.0,7.33333,9.33333,7.66667],"texture":"#2"},"west":{"uv":[9.66667,6.66667,9.91667,7.0],"texture":"#2"},"up":{"uv":[10.0,7.58333,9.66667,7.33333],"texture":"#2"},"down":{"uv":[10.0,8.0,9.66667,8.25],"texture":"#2"}}},{"from":[7.46393,-9.05653,8.8125],"to":[7.95143,-7.93153,9.1875],"rotation":{"origin":[8.0,-8.27199,9.0],"axis":"z","angle":-22.5},"faces":{"north":{"uv":[6.66667,2.0,7.0,2.75],"texture":"#2"},"east":{"uv":[6.0,8.0,6.25,8.75],"texture":"#2"},"south":{"uv":[6.66667,3.33333,7.0,4.08333],"texture":"#2"},"west":{"uv":[6.66667,8.0,6.91667,8.75],"texture":"#2"},"up":{"uv":[10.0,8.91667,9.66667,8.66667],"texture":"#2"},"down":{"uv":[10.33333,1.33333,10.0,1.58333],"texture":"#2"}}},{"from":[8.04857,-9.05653,8.8125],"to":[8.53607,-7.93153,9.1875],"rotation":{"origin":[8.0,-8.27199,9.0],"axis":"z","angle":22.5},"faces":{"north":{"uv":[7.33333,2.0,7.66667,2.75],"texture":"#2"},"east":{"uv":[8.33333,6.66667,8.58333,7.41667],"texture":"#2"},"south":{"uv":[7.33333,3.33333,7.66667,4.08333],"texture":"#2"},"west":{"uv":[8.33333,8.0,8.58333,8.75],"texture":"#2"},"up":{"uv":[10.33333,2.25,10.0,2.0],"texture":"#2"},"down":{"uv":[10.33333,2.66667,10.0,2.91667],"texture":"#2"}}},{"from":[7.80497,-9.20195,8.775],"to":[8.92997,-8.07695,9.225],"rotation":{"origin":[8.0,-8.27199,9.0],"axis":"z","angle":-45.0},"faces":{"north":{"uv":[5.33333,2.66667,6.08333,3.41667],"texture":"#2"},"east":{"uv":[7.33333,4.66667,7.66667,5.41667],"texture":"#2"},"south":{"uv":[5.33333,4.0,6.08333,4.75],"texture":"#2"},"west":{"uv":[5.33333,7.33333,5.66667,8.08333],"texture":"#2"},"up":{"uv":[6.75,7.66667,6.0,7.33333],"texture":"#2"},"down":{"uv":[8.08333,6.0,7.33333,6.33333],"texture":"#2"}}}],"textures":{"particle":"ff7f9d36-391f-4409-bc2c-928785a9edf4","0":"ff7f9d36-391f-4409-bc2c-928785a9edf4","2":"04e54bfb-8287-4455-9960-28c25b757064","3":"c079f8c8-4988-445d-9e26-2c8d197fc9c4","4":"d6104780-ed96-4565-9eb2-37c1fbbb6547"},"gui_light":"front"}