{"display":{"thirdperson_righthand":{"rotation":[-171.0,0.0,0.0],"translation":[0.0,-4.25,0.25],"scale":[0.7,0.7,0.7]},"thirdperson_lefthand":{"rotation":[-171.0,0.0,0.0],"translation":[0.0,-4.25,0.25],"scale":[0.7,0.7,0.7]},"firstperson_righthand":{"rotation":[152.94,-6.95,2.36],"translation":[6.25,-5.0,0.25],"scale":[0.62,0.62,0.62]},"firstperson_lefthand":{"rotation":[152.94,-6.95,2.36],"translation":[6.25,-5.0,0.25],"scale":[0.62,0.62,0.62]},"ground":{"translation":[0.0,6.75,0.0],"scale":[0.7,0.7,0.7]},"gui":{"rotation":[-90.0,45.0,-90.0],"translation":[9.0,-9.0,0.0],"scale":[1.23,1.23,1.23]},"head":{"scale":[0.01,0.01,0.01]},"fixed":{"rotation":[0.0,90.0,0.0],"translation":[0.0,22.25,-1.25],"scale":[2.21,2.21,2.21]}},"elements":[{"from":[7.595,-0.90131,4.60628],"to":[8.405,-0.15131,5.40628],"rotation":{"origin":[8.0,-1.74944,8.0],"axis":"x","angle":45.0},"faces":{"north":{"uv":[7.5,4.0,7.6875,4.1875],"texture":"#0"},"east":{"uv":[2.5,7.25,2.6875,7.4375],"texture":"#0"},"south":{"uv":[7.5,3.0,7.6875,3.1875],"texture":"#0"},"west":{"uv":[7.5,3.5,7.6875,3.6875],"texture":"#0"},"up":{"uv":[6.6875,7.6875,6.5,7.5],"texture":"#0","rotation":90},"down":{"uv":[7.1875,7.5,7.0,7.6875],"texture":"#0","rotation":270}}},{"from":[7.645,-4.41768,6.773],"to":[8.355,-3.61768,7.623],"rotation":{"origin":[8.0,-1.74944,8.0],"axis":"x","angle":0.0},"faces":{"north":{"uv":[6.6875,7.6875,6.5,7.5],"texture":"#0","rotation":270},"east":{"uv":[2.5,7.25,2.6875,7.4375],"texture":"#0","rotation":90},"south":{"uv":[7.1875,7.5,7.0,7.6875],"texture":"#0","rotation":270},"west":{"uv":[7.5,3.5,7.6875,3.6875],"texture":"#0","rotation":270},"up":{"uv":[7.5,3.0,7.6875,3.1875],"texture":"#0"},"down":{"uv":[7.5,4.0,7.6875,4.1875],"texture":"#0","rotation":180}}},{"from":[7.645,-3.41768,7.023],"to":[8.355,-2.61768,7.873],"rotation":{"origin":[8.0,-1.74944,8.0],"axis":"x","angle":0.0},"faces":{"north":{"uv":[6.6875,7.6875,6.5,7.5],"texture":"#0","rotation":270},"east":{"uv":[2.5,7.25,2.6875,7.4375],"texture":"#0","rotation":90},"south":{"uv":[7.1875,7.5,7.0,7.6875],"texture":"#0","rotation":270},"west":{"uv":[7.5,3.5,7.6875,3.6875],"texture":"#0","rotation":270},"up":{"uv":[7.5,3.0,7.6875,3.1875],"texture":"#0"},"down":{"uv":[7.5,4.0,7.6875,4.1875],"texture":"#0","rotation":180}}},{"from":[7.6,0.25,6.2],"to":[8.4,1.25,7.0],"rotation":{"origin":[8.0,-1.74944,8.0],"axis":"y","angle":0.0},"faces":{"north":{"uv":[5.5,6.75,5.6875,7.0],"texture":"#0"},"east":{"uv":[2.5,6.75,2.6875,7.0],"texture":"#0"},"south":{"uv":[6.75,4.5,6.9375,4.75],"texture":"#0"},"west":{"uv":[5.0,6.75,5.1875,7.0],"texture":"#0"},"up":{"uv":[7.6875,7.6875,7.5,7.5],"texture":"#0","rotation":90},"down":{"uv":[7.9375,0.0,7.75,0.1875],"texture":"#0","rotation":270}}},{"from":[7.5,-0.13567,6.96844],"to":[8.5,0.86433,7.96844],"rotation":{"origin":[8.0,-1.74944,8.0],"axis":"x","angle":-22.5},"faces":{"north":{"uv":[6.25,6.0,6.5,6.25],"texture":"#0"},"east":{"uv":[6.25,3.5,6.5,3.75],"texture":"#0"},"south":{"uv":[6.25,4.0,6.5,4.25],"texture":"#0"},"west":{"uv":[6.25,4.5,6.5,4.75],"texture":"#0"},"up":{"uv":[3.25,6.75,3.0,6.5],"texture":"#0","rotation":90},"down":{"uv":[6.75,5.0,6.5,5.25],"texture":"#0","rotation":270}}},{"from":[7.4,-0.97955,7.35567],"to":[8.6,0.52045,8.85567],"rotation":{"origin":[8.0,-1.74944,8.0],"axis":"x","angle":-45.0},"faces":{"north":{"uv":[5.5,1.5,5.8125,1.875],"texture":"#0"},"east":{"uv":[2.25,4.5,2.625,4.875],"texture":"#0"},"south":{"uv":[5.5,0.75,5.8125,1.125],"texture":"#0"},"west":{"uv":[4.75,0.0,5.125,0.375],"texture":"#0"},"up":{"uv":[5.875,2.5625,5.5,2.25],"texture":"#0","rotation":90},"down":{"uv":[5.875,3.0,5.5,3.3125],"texture":"#0","rotation":270}}},{"from":[7.6,-0.74954,8.99991],"to":[8.4,0.75046,10.49991],"rotation":{"origin":[8.0,-1.74944,8.0],"axis":"x","angle":-45.0},"faces":{"north":{"uv":[6.75,6.75,6.875,7.125],"texture":"#0"},"east":{"uv":[4.75,0.75,5.125,1.125],"texture":"#0"},"south":{"uv":[6.75,6.0,6.875,6.375],"texture":"#0"},"west":{"uv":[4.75,1.5,5.125,1.875],"texture":"#0"},"up":{"uv":[7.375,1.625,7.0,1.5],"texture":"#0","rotation":90},"down":{"uv":[7.375,2.0,7.0,2.125],"texture":"#0","rotation":270}}},{"from":[7.675,-0.0247,7.25],"to":[8.325,1.4753,8.75],"rotation":{"origin":[8.0,-1.74944,8.0],"axis":"y","angle":0.0},"faces":{"north":{"uv":[3.0,7.0,3.125,7.375],"texture":"#0"},"east":{"uv":[4.75,2.25,5.125,2.625],"texture":"#0"},"south":{"uv":[7.0,2.5,7.125,2.875],"texture":"#0"},"west":{"uv":[4.75,3.0,5.125,3.375],"texture":"#0"},"up":{"uv":[7.375,5.125,7.0,5.0],"texture":"#0","rotation":90},"down":{"uv":[7.375,5.5,7.0,5.625],"texture":"#0","rotation":270}}},{"from":[7.325,-6.36,7.25],"to":[8.675,-4.86,8.75],"rotation":{"origin":[8.0,-1.74944,8.0],"axis":"y","angle":0.0},"faces":{"north":{"uv":[7.0,2.5,7.125,2.875],"texture":"#0","rotation":180},"east":{"uv":[4.75,2.25,5.125,2.625],"texture":"#0","rotation":180},"south":{"uv":[3.0,7.0,3.125,7.375],"texture":"#0","rotation":180},"west":{"uv":[4.75,3.0,5.125,3.375],"texture":"#0","rotation":180},"up":{"uv":[7.375,5.5,7.0,5.625],"texture":"#0","rotation":270},"down":{"uv":[7.375,5.125,7.0,5.0],"texture":"#0","rotation":90}}},{"from":[7.7,0.13103,6.07303],"to":[8.3,1.63103,6.72303],"rotation":{"origin":[8.0,-1.74944,8.0],"axis":"x","angle":22.5},"faces":{"north":{"uv":[0.0,7.25,0.125,7.625],"texture":"#0"},"east":{"uv":[5.25,6.0,5.4375,6.375],"texture":"#0"},"south":{"uv":[6.0,7.0,6.125,7.375],"texture":"#0"},"west":{"uv":[5.75,6.0,5.9375,6.375],"texture":"#0"},"up":{"uv":[8.1875,7.125,8.0,7.0],"texture":"#0","rotation":90},"down":{"uv":[7.4375,8.0,7.25,8.125],"texture":"#0","rotation":270}}},{"from":[7.7,0.13103,9.27697],"to":[8.3,1.63103,9.92697],"rotation":{"origin":[8.0,-1.74944,8.0],"axis":"x","angle":-22.5},"faces":{"north":{"uv":[0.5,7.25,0.625,7.625],"texture":"#0"},"east":{"uv":[6.25,0.0,6.4375,0.375],"texture":"#0"},"south":{"uv":[7.25,0.0,7.375,0.375],"texture":"#0"},"west":{"uv":[6.25,0.75,6.4375,1.125],"texture":"#0"},"up":{"uv":[8.1875,7.625,8.0,7.5],"texture":"#0","rotation":90},"down":{"uv":[7.9375,8.0,7.75,8.125],"texture":"#0","rotation":270}}},{"from":[7.695,0.64039,10.38983],"to":[8.305,1.32039,11.06983],"rotation":{"origin":[8.0,-1.74944,8.0],"axis":"x","angle":-45.0},"faces":{"north":{"uv":[8.25,0.5,8.375,0.6875],"texture":"#0"},"east":{"uv":[7.75,0.5,7.9375,0.6875],"texture":"#0"},"south":{"uv":[8.25,0.0,8.375,0.1875],"texture":"#0"},"west":{"uv":[1.0,7.75,1.1875,7.9375],"texture":"#0"},"up":{"uv":[1.1875,8.375,1.0,8.25],"texture":"#0","rotation":90},"down":{"uv":[8.4375,1.0,8.25,1.125],"texture":"#0","rotation":270}}},{"from":[7.6,-4.5,7.6],"to":[8.4,-1.25,8.4],"rotation":{"origin":[8.0,-1.74944,8.0],"axis":"y","angle":0.0},"faces":{"north":{"uv":[1.75,4.5,1.9375,5.3125],"texture":"#0"},"east":{"uv":[4.25,1.25,4.4375,2.0625],"texture":"#0"},"south":{"uv":[4.25,2.5,4.4375,3.3125],"texture":"#0"},"west":{"uv":[4.25,3.75,4.4375,4.5625],"texture":"#0"},"up":{"uv":[7.9375,1.1875,7.75,1.0],"texture":"#0","rotation":90},"down":{"uv":[1.6875,7.75,1.5,7.9375],"texture":"#0","rotation":270}}},{"from":[7.35,-1.4,7.25],"to":[8.65,-0.6,8.75],"rotation":{"origin":[8.0,-1.74944,8.0],"axis":"y","angle":0.0},"faces":{"north":{"uv":[6.75,3.5,7.0625,3.6875],"texture":"#0"},"east":{"uv":[6.25,1.5,6.625,1.6875],"texture":"#0"},"south":{"uv":[3.5,6.75,3.8125,6.9375],"texture":"#0"},"west":{"uv":[6.25,2.0,6.625,2.1875],"texture":"#0"},"up":{"uv":[5.875,4.0625,5.5,3.75],"texture":"#0","rotation":90},"down":{"uv":[5.875,4.5,5.5,4.8125],"texture":"#0","rotation":270}}},{"from":[7.45,-2.1,7.45],"to":[8.55,-1.6,8.55],"rotation":{"origin":[8.0,-1.74944,8.0],"axis":"y","angle":0.0},"faces":{"north":{"uv":[5.0,7.25,5.3125,7.375],"texture":"#0"},"east":{"uv":[3.5,7.25,3.8125,7.375],"texture":"#0"},"south":{"uv":[4.25,7.25,4.5625,7.375],"texture":"#0"},"west":{"uv":[7.25,4.5,7.5625,4.625],"texture":"#0"},"up":{"uv":[0.3125,6.3125,0.0,6.0],"texture":"#0","rotation":90},"down":{"uv":[1.0625,6.0,0.75,6.3125],"texture":"#0","rotation":270}}},{"from":[7.35,-5.3,7.25],"to":[8.65,-4.5,8.75],"rotation":{"origin":[8.0,-1.74944,8.0],"axis":"y","angle":0.0},"faces":{"north":{"uv":[4.25,6.75,4.5625,6.9375],"texture":"#0"},"east":{"uv":[6.25,2.5,6.625,2.6875],"texture":"#0"},"south":{"uv":[6.75,4.0,7.0625,4.1875],"texture":"#0"},"west":{"uv":[6.25,3.0,6.625,3.1875],"texture":"#0"},"up":{"uv":[3.375,6.0625,3.0,5.75],"texture":"#0","rotation":90},"down":{"uv":[6.125,5.25,5.75,5.5625],"texture":"#0","rotation":270}}},{"from":[7.45,-4.3,7.45],"to":[8.55,-3.8,8.55],"rotation":{"origin":[8.0,-1.74944,8.0],"axis":"y","angle":0.0},"faces":{"north":{"uv":[7.5,2.5,7.8125,2.625],"texture":"#0"},"east":{"uv":[7.25,6.0,7.5625,6.125],"texture":"#0"},"south":{"uv":[7.25,6.5,7.5625,6.625],"texture":"#0"},"west":{"uv":[7.25,7.0,7.5625,7.125],"texture":"#0"},"up":{"uv":[1.8125,6.3125,1.5,6.0],"texture":"#0","rotation":90},"down":{"uv":[2.5625,6.0,2.25,6.3125],"texture":"#0","rotation":270}}},{"from":[7.2,-5.2222,4.52724],"to":[8.8,-3.7222,6.02724],"rotation":{"origin":[8.0,-1.74944,8.0],"axis":"x","angle":-45.0},"faces":{"north":{"uv":[4.25,5.25,4.625,5.625],"texture":"#0"},"east":{"uv":[4.75,3.75,5.125,4.125],"texture":"#0"},"south":{"uv":[4.75,4.5,5.125,4.875],"texture":"#0"},"west":{"uv":[2.25,5.25,2.625,5.625],"texture":"#0"},"up":{"uv":[5.375,5.625,5.0,5.25],"texture":"#0","rotation":90},"down":{"uv":[5.875,0.0,5.5,0.375],"texture":"#0","rotation":270}}},{"from":[7.595,-0.90131,10.59372],"to":[8.405,-0.15131,11.39372],"rotation":{"origin":[8.0,-1.74944,8.0],"axis":"x","angle":-45.0},"faces":{"north":{"uv":[7.6875,3.0,7.5,3.1875],"texture":"#0"},"east":{"uv":[2.6875,7.25,2.5,7.4375],"texture":"#0"},"south":{"uv":[7.6875,4.0,7.5,4.1875],"texture":"#0"},"west":{"uv":[7.6875,3.5,7.5,3.6875],"texture":"#0"},"up":{"uv":[6.5,7.6875,6.6875,7.5],"texture":"#0","rotation":90},"down":{"uv":[7.0,7.5,7.1875,7.6875],"texture":"#0","rotation":270}}},{"from":[7.6,0.25,9.0],"to":[8.4,1.25,9.8],"rotation":{"origin":[8.0,-1.74944,8.0],"axis":"y","angle":0.0},"faces":{"north":{"uv":[6.9375,4.5,6.75,4.75],"texture":"#0"},"east":{"uv":[2.6875,6.75,2.5,7.0],"texture":"#0"},"south":{"uv":[5.6875,6.75,5.5,7.0],"texture":"#0"},"west":{"uv":[5.1875,6.75,5.0,7.0],"texture":"#0"},"up":{"uv":[7.5,7.6875,7.6875,7.5],"texture":"#0","rotation":90},"down":{"uv":[7.75,0.0,7.9375,0.1875],"texture":"#0","rotation":270}}},{"from":[7.5,-0.13567,8.03156],"to":[8.5,0.86433,9.03156],"rotation":{"origin":[8.0,-1.74944,8.0],"axis":"x","angle":22.5},"faces":{"north":{"uv":[6.5,4.0,6.25,4.25],"texture":"#0"},"east":{"uv":[6.5,3.5,6.25,3.75],"texture":"#0"},"south":{"uv":[6.5,6.0,6.25,6.25],"texture":"#0"},"west":{"uv":[6.5,4.5,6.25,4.75],"texture":"#0"},"up":{"uv":[3.0,6.75,3.25,6.5],"texture":"#0","rotation":90},"down":{"uv":[6.5,5.0,6.75,5.25],"texture":"#0","rotation":270}}},{"from":[7.4,-0.97955,7.14433],"to":[8.6,0.52045,8.64433],"rotation":{"origin":[8.0,-1.74944,8.0],"axis":"x","angle":45.0},"faces":{"north":{"uv":[5.8125,0.75,5.5,1.125],"texture":"#0"},"east":{"uv":[2.625,4.5,2.25,4.875],"texture":"#0"},"south":{"uv":[5.8125,1.5,5.5,1.875],"texture":"#0"},"west":{"uv":[5.125,0.0,4.75,0.375],"texture":"#0"},"up":{"uv":[5.5,2.5625,5.875,2.25],"texture":"#0","rotation":90},"down":{"uv":[5.5,3.0,5.875,3.3125],"texture":"#0","rotation":270}}}],"textures":{"particle":"ca540569-a293-4e5f-90ff-29a8575710c1","0":"ca540569-a293-4e5f-90ff-29a8575710c1"},"gui_light":"front"}