{"display":{"thirdperson_righthand":{"rotation":[0.0,-91.0,0.0],"translation":[2.75,-4.75,3.0],"scale":[1.33203,1.31836,0.64844]},"thirdperson_lefthand":{"rotation":[0.0,-91.0,0.0],"translation":[2.75,-4.75,3.0],"scale":[1.33203,1.31836,0.64844]},"firstperson_righthand":{"rotation":[6.0,-16.0,8.0],"translation":[1.25,-0.25,1.0],"scale":[1.0,1.0,0.9]},"firstperson_lefthand":{"rotation":[6.0,-6.0,10.0],"translation":[1.25,-0.25,1.0],"scale":[1.0,1.0,0.9]},"gui":{"translation":[0.0,-2.0,0.0],"scale":[0.86328,0.78906,0.86328]},"head":{"rotation":[0.0,-179.75,0.0],"translation":[0.0,-27.75,5.0],"scale":[2.1582,1.99414,1.0]},"ground":{"translation":[0.0,5.0,0.0],"scale":[1.24609,1.20117,0.59961]},"fixed":{"translation":[0.0,-1.75,0.0]}},"elements":[{"from":[5.0,8.0,6.0],"to":[11.0,13.0,9.0],"faces":{"down":{"uv":[9.2,4.8,6.8,6.0],"texture":"#0"},"up":{"uv":[8.4,4.8,6.0,3.6],"texture":"#0"},"north":{"uv":[0.0,0.0,2.4,2.0],"texture":"#0"},"south":{"uv":[0.0,0.0,2.4,2.0],"texture":"#0"},"west":{"uv":[2.8,7.2,4.0,9.2],"texture":"#0"},"east":{"uv":[1.6,7.2,2.8,9.2],"texture":"#0"}}},{"from":[7.5,11.5,9.0],"to":[8.5,12.25,15.0],"faces":{"down":{"uv":[5.2,12.4,4.8,14.8],"texture":"#0"},"up":{"uv":[11.6,14.4,11.2,12.0],"texture":"#0"},"north":{"uv":[0.8,14.0,1.2,14.4],"texture":"#0"},"south":{"uv":[1.2,14.0,1.6,14.4],"texture":"#0"},"west":{"uv":[2.4,12.4,4.8,12.8],"texture":"#0"},"east":{"uv":[12.0,5.6,14.4,6.0],"texture":"#0"}}},{"from":[7.5,8.0,15.0],"to":[8.5,12.25,16.0],"faces":{"down":{"uv":[4.8,14.0,4.4,14.4],"texture":"#0"},"up":{"uv":[4.4,14.4,4.0,14.0],"texture":"#0"},"north":{"uv":[10.8,12.8,11.2,14.4],"texture":"#0"},"south":{"uv":[5.6,13.2,6.0,14.8],"texture":"#0"},"west":{"uv":[6.0,13.2,6.4,14.8],"texture":"#0"},"east":{"uv":[5.2,13.2,5.6,14.8],"texture":"#0"}}},{"from":[7.5,8.0,9.0],"to":[8.5,8.75,15.0],"faces":{"down":{"uv":[8.4,12.4,8.0,14.8],"texture":"#0"},"up":{"uv":[8.0,14.8,7.6,12.4],"texture":"#0"},"north":{"uv":[1.6,14.0,2.0,14.4],"texture":"#0"},"south":{"uv":[2.0,14.0,2.4,14.4],"texture":"#0"},"west":{"uv":[11.6,12.4,14.0,12.8],"texture":"#0"},"east":{"uv":[5.2,12.4,7.6,12.8],"texture":"#0"}}},{"from":[6.0,4.75,7.0],"to":[10.0,8.0,8.0],"faces":{"down":{"uv":[14.4,8.8,12.8,9.2],"texture":"#0"},"up":{"uv":[14.4,8.8,12.8,8.4],"texture":"#0"},"north":{"uv":[4.0,8.4,5.6,9.6],"texture":"#0"},"south":{"uv":[5.6,8.4,7.2,9.6],"texture":"#0"},"west":{"uv":[13.2,7.2,13.6,8.4],"texture":"#0"},"east":{"uv":[13.2,6.0,13.6,7.2],"texture":"#0"}}},{"from":[6.5,5.75,6.25],"to":[9.75,13.0,8.75],"faces":{"down":{"uv":[4.0,9.2,2.8,10.4],"texture":"#0"},"up":{"uv":[2.8,10.4,1.6,9.2],"texture":"#0"},"north":{"uv":[0.0,4.0,1.2,6.8],"texture":"#0"},"south":{"uv":[0.0,4.0,1.2,6.8],"texture":"#0"},"west":{"uv":[3.6,4.4,4.8,7.2],"texture":"#0"},"east":{"uv":[1.2,4.0,2.4,6.8],"texture":"#0"}}},{"from":[6.75,4.25,6.5],"to":[9.5,5.75,8.5],"faces":{"down":{"uv":[9.2,11.6,8.0,12.4],"texture":"#0"},"up":{"uv":[8.0,12.4,6.8,11.6],"texture":"#0"},"north":{"uv":[4.4,11.6,5.6,12.4],"texture":"#0"},"south":{"uv":[4.4,11.6,5.6,12.4],"texture":"#0"},"west":{"uv":[12.4,6.0,13.2,6.8],"texture":"#0"},"east":{"uv":[12.4,0.0,13.2,0.8000002],"texture":"#0"}}},{"from":[6.625,3.125,6.75],"to":[8.375,5.125,8.25],"rotation":{"origin":[8.125,3.5,7.5],"axis":"z","angle":-45.0},"faces":{"down":{"uv":[2.4,13.2,1.6,14.0],"texture":"#0"},"up":{"uv":[1.6,14.0,0.8,13.2],"texture":"#0"},"north":{"uv":[12.8,10.0,13.6,10.8],"texture":"#0"},"south":{"uv":[13.6,10.0,12.8,10.8],"texture":"#0"},"west":{"uv":[0.0,13.2,0.8,14.0],"texture":"#0"},"east":{"uv":[12.8,10.8,13.6,11.6],"texture":"#0"}}},{"from":[5.25,8.75,5.75],"to":[9.75,13.25,9.25],"rotation":{"origin":[8.25,10.5,7.5],"axis":"z","angle":-45.0},"faces":{"down":{"uv":[8.0,0.0,6.0,1.6],"texture":"#0"},"up":{"uv":[6.8,6.4,4.8,4.8],"texture":"#0"},"north":{"uv":[2.4,2.4,4.4,4.4],"texture":"#0"},"south":{"uv":[2.4,2.4,4.4,4.4],"texture":"#0","rotation":270},"west":{"uv":[4.4,2.0,6.0,4.0],"texture":"#0"},"east":{"uv":[4.4,0.0,6.0,2.0],"texture":"#0"}}},{"from":[5.75,11.25,6.25],"to":[9.0,14.0,8.75],"rotation":{"origin":[8.0,11.5,7.5],"axis":"z","angle":22.5},"faces":{"down":{"uv":[10.4,4.8,9.2,6.0],"texture":"#0"},"up":{"uv":[10.4,4.8,9.2,3.6],"texture":"#0"},"north":{"uv":[8.0,9.2,9.2,10.4],"texture":"#0"},"south":{"uv":[9.2,1.2,10.4,2.4],"texture":"#0"},"west":{"uv":[9.2,2.4,10.4,3.6],"texture":"#0"},"east":{"uv":[9.2,9.2,10.4,10.4],"texture":"#0"}}},{"from":[7.0,11.25,6.25],"to":[10.25,14.0,8.75],"rotation":{"origin":[8.0,11.5,7.5],"axis":"z","angle":-22.5},"faces":{"down":{"uv":[2.8,10.4,1.6,11.6],"texture":"#0"},"up":{"uv":[10.8,8.4,9.6,7.2],"texture":"#0"},"north":{"uv":[4.0,9.6,5.2,10.8],"texture":"#0"},"south":{"uv":[9.6,0.0,10.8,1.2],"texture":"#0"},"west":{"uv":[9.6,6.0,10.8,7.2],"texture":"#0"},"east":{"uv":[5.2,9.6,6.4,10.8],"texture":"#0"}}},{"from":[9.75,1.5,7.0],"to":[11.75,3.0,7.75],"rotation":{"origin":[10.75,1.5,7.5],"axis":"z","angle":-22.5},"faces":{"down":{"uv":[14.4,0.3999996,13.6,0.8000002],"texture":"#0"},"up":{"uv":[14.0,14.0,13.2,13.6],"texture":"#0"},"north":{"uv":[4.0,12.8,4.8,13.6],"texture":"#0"},"south":{"uv":[4.8,12.8,4.0,13.6],"texture":"#0"},"west":{"uv":[12.8,13.6,13.2,14.4],"texture":"#0"},"east":{"uv":[12.4,13.6,12.8,14.4],"texture":"#0"}}},{"from":[10.25,0.75,7.25],"to":[11.5,2.25,7.5],"rotation":{"origin":[10.75,1.25,7.5],"axis":"z","angle":22.5},"faces":{"down":{"uv":[0.8,14.0,0.4,14.4],"texture":"#0"},"up":{"uv":[0.4,14.4,0.0,14.0],"texture":"#0"},"north":{"uv":[13.4,0.8000002,14.0,1.6],"texture":"#0"},"south":{"uv":[13.2,0.8000002,14.0,1.6],"texture":"#0"},"west":{"uv":[13.6,4.8,14.0,5.6],"texture":"#0"},"east":{"uv":[13.6,2.4,14.0,3.2],"texture":"#0"}}},{"from":[10.0,2.5,6.75],"to":[12.75,4.75,8.0],"faces":{"down":{"uv":[14.4,0.0,13.2,0.3999996],"texture":"#0"},"up":{"uv":[14.4,13.6,13.2,13.2],"texture":"#0"},"north":{"uv":[12.0,0.8000002,13.2,1.6],"texture":"#0"},"south":{"uv":[13.2,0.8000002,12.0,1.6],"texture":"#0"},"west":{"uv":[13.6,6.8,14.0,7.6],"texture":"#0"},"east":{"uv":[13.6,6.0,14.0,6.8],"texture":"#0"}}},{"from":[10.0,4.75,6.5],"to":[13.5,6.5,8.25],"faces":{"down":{"uv":[12.4,6.0,10.8,6.8],"texture":"#0"},"up":{"uv":[12.4,0.8000002,10.8,0.0],"texture":"#0"},"north":{"uv":[0.0,10.8,1.6,11.6],"texture":"#0"},"south":{"uv":[1.6,10.8,0.0,11.6],"texture":"#0"},"west":{"uv":[10.0,12.8,10.8,13.6],"texture":"#0"},"east":{"uv":[9.2,12.8,10.0,13.6],"texture":"#0"}}},{"from":[10.0,6.5,6.25],"to":[14.25,11.0,8.5],"faces":{"down":{"uv":[12.4,7.6,10.8,8.4],"texture":"#0"},"up":{"uv":[12.4,7.6,10.8,6.8],"texture":"#0"},"north":{"uv":[6.4,6.4,8.0,8.4],"texture":"#0"},"south":{"uv":[8.0,6.4,6.4,8.4],"texture":"#0"},"west":{"uv":[0.8,8.8,1.6,10.8],"texture":"#0"},"east":{"uv":[0.0,8.8,0.8,10.8],"texture":"#0"}}},{"from":[9.5,10.75,6.5],"to":[12.75,14.0,8.25],"rotation":{"origin":[13.125,14.5,7.5],"axis":"z","angle":22.5},"faces":{"down":{"uv":[13.2,9.2,12.0,10.0],"texture":"#0"},"up":{"uv":[13.2,5.6,12.0,4.8],"texture":"#0"},"north":{"uv":[7.6,10.4,8.8,11.6],"texture":"#0"},"south":{"uv":[8.8,10.4,7.6,11.6],"texture":"#0"},"west":{"uv":[12.0,3.6,12.8,4.8],"texture":"#0"},"east":{"uv":[12.0,2.4,12.8,3.6],"texture":"#0"}}},{"from":[11.0,13.0,6.75],"to":[13.25,15.0,8.0],"faces":{"down":{"uv":[14.4,10.4,13.6,10.8],"texture":"#0"},"up":{"uv":[14.4,10.4,13.6,10.0],"texture":"#0"},"north":{"uv":[11.6,12.8,12.4,13.6],"texture":"#0"},"south":{"uv":[12.4,12.8,11.6,13.6],"texture":"#0"},"west":{"uv":[13.6,9.2,14.0,10.0],"texture":"#0"},"east":{"uv":[13.6,7.6,14.0,8.4],"texture":"#0"}}},{"from":[9.75,15.0,6.5],"to":[13.75,17.0,8.25],"rotation":{"origin":[10.875,16.125,7.5],"axis":"z","angle":-22.5},"faces":{"down":{"uv":[3.2,11.6,1.6,12.4],"texture":"#0"},"up":{"uv":[1.6,12.4,0.0,11.6],"texture":"#0"},"north":{"uv":[10.0,11.2,11.6,12.0],"texture":"#0"},"south":{"uv":[10.0,11.2,11.6,12.0],"texture":"#0"},"west":{"uv":[12.8,3.2,13.6,4.0],"texture":"#0"},"east":{"uv":[12.8,2.4,13.6,3.2],"texture":"#0"}}},{"from":[10.25,15.75,6.75],"to":[13.75,18.25,8.0],"faces":{"down":{"uv":[14.4,4.4,12.8,4.8],"texture":"#0"},"up":{"uv":[14.4,4.4,12.8,4.0],"texture":"#0"},"north":{"uv":[8.0,0.0,9.6,1.2],"texture":"#0"},"south":{"uv":[9.6,0.0,8.0,1.2],"texture":"#0"},"west":{"uv":[13.2,0.3999996,13.6,1.6],"texture":"#0"},"east":{"uv":[8.8,13.2,9.2,14.4],"texture":"#0"}}},{"from":[10.25,17.25,7.0],"to":[13.25,18.75,7.75],"rotation":{"origin":[11.375,18.875,7.5],"axis":"z","angle":22.5},"faces":{"down":{"uv":[14.4,2.0,13.2,2.4],"texture":"#0"},"up":{"uv":[14.4,2.0,13.2,1.6],"texture":"#0"},"north":{"uv":[0.0,12.4,1.2,13.2],"texture":"#0"},"south":{"uv":[1.2,12.4,0.0,13.2],"texture":"#0"},"west":{"uv":[13.6,11.6,14.0,12.4],"texture":"#0"},"east":{"uv":[13.6,10.8,14.0,11.6],"texture":"#0"}}},{"from":[4.25,1.5,7.0],"to":[6.25,3.0,7.75],"rotation":{"origin":[5.25,1.5,7.5],"axis":"z","angle":22.5},"faces":{"down":{"uv":[13.6,0.3999996,14.4,0.8000002],"texture":"#0"},"up":{"uv":[13.2,14.0,14.0,13.6],"texture":"#0"},"north":{"uv":[4.8,12.8,4.0,13.6],"texture":"#0"},"south":{"uv":[4.0,12.8,4.8,13.6],"texture":"#0"},"west":{"uv":[12.8,13.6,12.4,14.4],"texture":"#0"},"east":{"uv":[13.2,13.6,12.8,14.4],"texture":"#0"}}},{"from":[4.5,0.75,7.25],"to":[5.75,2.25,7.5],"rotation":{"origin":[5.25,1.25,7.5],"axis":"z","angle":-22.5},"faces":{"down":{"uv":[0.4,14.0,0.8,14.4],"texture":"#0"},"up":{"uv":[0.0,14.4,0.4,14.0],"texture":"#0"},"north":{"uv":[14.0,0.8000002,13.4,1.6],"texture":"#0"},"south":{"uv":[14.0,0.8000002,13.2,1.6],"texture":"#0"},"west":{"uv":[14.0,2.4,13.6,3.2],"texture":"#0"},"east":{"uv":[14.0,4.8,13.6,5.6],"texture":"#0"}}},{"from":[3.25,2.5,6.75],"to":[6.0,4.75,8.0],"faces":{"down":{"uv":[13.2,0.0,14.4,0.3999996],"texture":"#0"},"up":{"uv":[13.2,13.6,14.4,13.2],"texture":"#0"},"north":{"uv":[13.2,0.8000002,12.0,1.6],"texture":"#0"},"south":{"uv":[12.0,0.8000002,13.2,1.6],"texture":"#0"},"west":{"uv":[14.0,6.0,13.6,6.8],"texture":"#0"},"east":{"uv":[14.0,6.8,13.6,7.6],"texture":"#0"}}},{"from":[2.5,4.75,6.5],"to":[6.0,6.5,8.25],"faces":{"down":{"uv":[10.8,6.0,12.4,6.8],"texture":"#0"},"up":{"uv":[10.8,0.8000002,12.4,0.0],"texture":"#0"},"north":{"uv":[1.6,10.8,0.0,11.6],"texture":"#0"},"south":{"uv":[0.0,10.8,1.6,11.6],"texture":"#0"},"west":{"uv":[10.0,12.8,9.2,13.6],"texture":"#0"},"east":{"uv":[10.8,12.8,10.0,13.6],"texture":"#0"}}},{"from":[1.75,6.5,6.25],"to":[6.0,11.0,8.5],"faces":{"down":{"uv":[10.8,7.6,12.4,8.4],"texture":"#0"},"up":{"uv":[10.8,7.6,12.4,6.8],"texture":"#0"},"north":{"uv":[8.0,6.4,6.4,8.4],"texture":"#0"},"south":{"uv":[6.4,6.4,8.0,8.4],"texture":"#0"},"west":{"uv":[0.8,8.8,0.0,10.8],"texture":"#0"},"east":{"uv":[1.6,8.8,0.8,10.8],"texture":"#0"}}},{"from":[3.25,10.75,6.5],"to":[6.5,14.0,8.25],"rotation":{"origin":[2.875,14.5,7.5],"axis":"z","angle":-22.5},"faces":{"down":{"uv":[12.0,9.2,13.2,10.0],"texture":"#0"},"up":{"uv":[12.0,5.6,13.2,4.8],"texture":"#0"},"north":{"uv":[8.8,10.4,7.6,11.6],"texture":"#0"},"south":{"uv":[7.6,10.4,8.8,11.6],"texture":"#0"},"west":{"uv":[12.8,2.4,12.0,3.6],"texture":"#0"},"east":{"uv":[12.8,3.6,12.0,4.8],"texture":"#0"}}},{"from":[2.75,13.0,6.75],"to":[5.0,15.0,8.0],"faces":{"down":{"uv":[13.6,10.4,14.4,10.8],"texture":"#0"},"up":{"uv":[13.6,10.4,14.4,10.0],"texture":"#0"},"north":{"uv":[12.4,12.8,11.6,13.6],"texture":"#0"},"south":{"uv":[11.6,12.8,12.4,13.6],"texture":"#0"},"west":{"uv":[14.0,7.6,13.6,8.4],"texture":"#0"},"east":{"uv":[14.0,9.2,13.6,10.0],"texture":"#0"}}},{"from":[2.25,15.0,6.5],"to":[6.25,17.0,8.25],"rotation":{"origin":[5.125,16.125,7.5],"axis":"z","angle":22.5},"faces":{"down":{"uv":[1.6,11.6,3.2,12.4],"texture":"#0"},"up":{"uv":[0.0,12.4,1.6,11.6],"texture":"#0"},"north":{"uv":[11.6,11.2,10.0,12.0],"texture":"#0"},"south":{"uv":[11.6,11.2,10.0,12.0],"texture":"#0"},"west":{"uv":[13.6,2.4,12.8,3.2],"texture":"#0"},"east":{"uv":[13.6,3.2,12.8,4.0],"texture":"#0"}}},{"from":[2.25,15.75,6.75],"to":[5.75,18.25,8.0],"faces":{"down":{"uv":[12.8,4.4,14.4,4.8],"texture":"#0"},"up":{"uv":[12.8,4.4,14.4,4.0],"texture":"#0"},"north":{"uv":[9.6,0.0,8.0,1.2],"texture":"#0"},"south":{"uv":[8.0,0.0,9.6,1.2],"texture":"#0"},"west":{"uv":[9.2,13.2,8.8,14.4],"texture":"#0"},"east":{"uv":[13.6,0.3999996,13.2,1.6],"texture":"#0"}}},{"from":[2.75,17.25,7.0],"to":[5.75,18.75,7.75],"rotation":{"origin":[4.625,18.875,7.5],"axis":"z","angle":-22.5},"faces":{"down":{"uv":[13.2,2.0,14.4,2.4],"texture":"#0"},"up":{"uv":[13.2,2.0,14.4,1.6],"texture":"#0"},"north":{"uv":[1.2,12.4,0.0,13.2],"texture":"#0"},"south":{"uv":[0.0,12.4,1.2,13.2],"texture":"#0"},"west":{"uv":[14.0,10.8,13.6,11.6],"texture":"#0"},"east":{"uv":[14.0,11.6,13.6,12.4],"texture":"#0"}}}],"textures":{"0":"0917399d-2fa0-4d8d-a7fe-c6bbd6fc4e64"}}