{"display":{"thirdperson_righthand":{"rotation":[0.0,-90.0,0.0],"translation":[0.0,4.0,1.25]},"thirdperson_lefthand":{"rotation":[0.0,90.0,0.0],"translation":[0.0,4.0,1.25]},"firstperson_righthand":{"rotation":[-30.25,-88.0,-12.5],"translation":[7.75,6.25,-7.0]},"firstperson_lefthand":{"rotation":[-12.5,90.0,0.0],"translation":[7.75,6.25,-7.0]},"ground":{"rotation":[76.0,0.0,0.0],"translation":[0.0,-1.5,2.0],"scale":[0.66,0.66,0.66]},"gui":{"rotation":[0.0,0.0,45.0],"translation":[-1.25,1.25,0.0],"scale":[0.75,0.75,0.75]},"head":{"scale":[0.02,0.02,0.02]},"fixed":{"rotation":[-180.0,0.0,-180.0],"translation":[0.0,3.5,-0.75],"scale":[1.25,1.25,1.25]}},"elements":[{"from":[7.2581,9.80872,7.0016],"to":[9.42386,11.97448,8.9984],"rotation":{"origin":[8.0,11.23257,8.0],"axis":"z","angle":-45.0},"faces":{"north":{"uv":[10.375,6.0,9.5,6.875],"texture":"#2"},"east":{"uv":[8.875,9.5,8.0,10.375],"texture":"#2"},"south":{"uv":[10.375,7.0,9.5,7.875],"texture":"#2"},"west":{"uv":[7.875,9.5,7.0,10.375],"texture":"#2"},"up":{"uv":[9.5,8.875,10.375,8.0],"texture":"#2"},"down":{"uv":[9.5,9.0,10.375,9.875],"texture":"#2"}}},{"from":[5.21426,11.41719,7.4409],"to":[7.4261,12.64599,8.5591],"rotation":{"origin":[8.0,11.23257,8.0],"axis":"z","angle":22.5},"faces":{"north":{"uv":[11.375,3.5,10.5,4.0],"texture":"#2"},"east":{"uv":[13.0,4.5,12.5,5.0],"texture":"#2"},"south":{"uv":[8.875,10.5,8.0,11.0],"texture":"#2"},"west":{"uv":[10.5,5.5,10.0,6.0],"texture":"#2"},"up":{"uv":[10.5,8.5,11.375,8.0],"texture":"#2"},"down":{"uv":[10.5,8.5,11.375,9.0],"texture":"#2"}}},{"from":[5.03074,8.62635,7.4793],"to":[6.06754,10.26219,8.5207],"rotation":{"origin":[8.0,11.23257,8.0],"axis":"z","angle":-22.5},"faces":{"north":{"uv":[13.375,4.0,13.0,4.625],"texture":"#2"},"east":{"uv":[13.375,5.0,13.0,5.625],"texture":"#2"},"south":{"uv":[5.375,13.0,5.0,13.625],"texture":"#2"},"west":{"uv":[4.875,13.0,4.5,13.625],"texture":"#2"},"up":{"uv":[14.0,3.375,14.375,3.0],"texture":"#2"},"down":{"uv":[3.5,14.0,3.875,14.375],"texture":"#2"}}},{"from":[4.52828,9.52183,7.5177],"to":[5.37308,11.15767,8.4823],"rotation":{"origin":[8.0,11.23257,8.0],"axis":"z","angle":-22.5},"faces":{"north":{"uv":[13.375,8.0,13.0,8.625],"texture":"#2"},"east":{"uv":[13.375,9.5,13.0,10.125],"texture":"#2"},"south":{"uv":[9.875,13.0,9.5,13.625],"texture":"#2"},"west":{"uv":[8.875,13.0,8.5,13.625],"texture":"#2"},"up":{"uv":[5.0,14.375,5.375,14.0],"texture":"#2"},"down":{"uv":[14.0,5.0,14.375,5.375],"texture":"#2"}}},{"from":[5.30721,11.30583,7.5561],"to":[6.36705,12.15063,8.4439],"rotation":{"origin":[8.0,11.23257,8.0],"axis":"y","angle":0.0},"faces":{"north":{"uv":[14.0,2.0,13.5,2.375],"texture":"#2"},"east":{"uv":[14.375,5.5,14.0,5.875],"texture":"#2"},"south":{"uv":[14.0,2.5,13.5,2.875],"texture":"#2"},"west":{"uv":[5.875,14.0,5.5,14.375],"texture":"#2"},"up":{"uv":[13.5,3.375,14.0,3.0],"texture":"#2"},"down":{"uv":[13.5,3.5,14.0,3.875],"texture":"#2"}}},{"from":[2.67008,6.69783,8.0],"to":[13.32992,13.33911,8.0],"rotation":{"origin":[8.0,11.23257,8.0],"axis":"y","angle":0.0},"faces":{"north":{"uv":[8.4875,0.0,4.0125,2.75],"texture":"#2"},"east":{"uv":[0.0,0.0,0.0,2.75],"texture":"#2"},"south":{"uv":[8.4875,0.0,4.0125,2.75],"texture":"#2"},"west":{"uv":[0.0,0.0,0.0,2.75],"texture":"#2"},"up":{"uv":[0.0,0.0,4.5,0.0],"texture":"#2"},"down":{"uv":[0.0,0.0,4.5,0.0],"texture":"#2"}}},{"from":[3.68097,11.8804,7.5561],"to":[4.93281,12.5332,8.4439],"rotation":{"origin":[8.0,11.23257,8.0],"axis":"z","angle":22.5},"faces":{"north":{"uv":[15.0,2.5,14.5,2.75],"texture":"#2"},"east":{"uv":[14.875,5.5,14.5,5.75],"texture":"#2"},"south":{"uv":[3.5,14.5,3.0,14.75],"texture":"#2"},"west":{"uv":[5.875,14.5,5.5,14.75],"texture":"#2"},"up":{"uv":[7.5,13.875,8.0,13.5],"texture":"#2"},"down":{"uv":[8.0,13.5,8.5,13.875],"texture":"#2"}}},{"from":[5.97828,13.87183,7.8177],"to":[6.82308,15.50767,8.1823],"rotation":{"origin":[9.45,15.58257,8.05],"axis":"z","angle":-22.5},"faces":{"north":{"uv":[13.375,8.0,13.0,8.625],"texture":"#2"},"east":{"uv":[13.375,9.5,13.0,10.125],"texture":"#2"},"south":{"uv":[9.875,13.0,9.5,13.625],"texture":"#2"},"west":{"uv":[8.875,13.0,8.5,13.625],"texture":"#2"},"up":{"uv":[5.0,14.375,5.375,14.0],"texture":"#2"},"down":{"uv":[14.0,5.0,14.375,5.375],"texture":"#2"}}},{"from":[5.13097,16.2304,7.8561],"to":[6.38281,16.8832,8.1439],"rotation":{"origin":[9.45,15.58257,8.05],"axis":"z","angle":22.5},"faces":{"north":{"uv":[15.0,2.5,14.5,2.75],"texture":"#2"},"east":{"uv":[14.875,5.5,14.5,5.75],"texture":"#2"},"south":{"uv":[3.5,14.5,3.0,14.75],"texture":"#2"},"west":{"uv":[5.875,14.5,5.5,14.75],"texture":"#2"},"up":{"uv":[7.5,13.875,8.0,13.5],"texture":"#2"},"down":{"uv":[8.0,13.5,8.5,13.875],"texture":"#2"}}},{"from":[9.17692,13.87183,7.8177],"to":[10.02172,15.50767,8.1823],"rotation":{"origin":[6.55,15.58257,8.05],"axis":"z","angle":22.5},"faces":{"north":{"uv":[13.0,8.0,13.375,8.625],"texture":"#2"},"east":{"uv":[8.5,13.0,8.875,13.625],"texture":"#2"},"south":{"uv":[9.5,13.0,9.875,13.625],"texture":"#2"},"west":{"uv":[13.0,9.5,13.375,10.125],"texture":"#2"},"up":{"uv":[5.375,14.375,5.0,14.0],"texture":"#2"},"down":{"uv":[14.375,5.0,14.0,5.375],"texture":"#2"}}},{"from":[9.61719,16.2304,7.8561],"to":[10.86903,16.8832,8.1439],"rotation":{"origin":[6.55,15.58257,8.05],"axis":"z","angle":-22.5},"faces":{"north":{"uv":[14.5,2.5,15.0,2.75],"texture":"#2"},"east":{"uv":[5.5,14.5,5.875,14.75],"texture":"#2"},"south":{"uv":[3.0,14.5,3.5,14.75],"texture":"#2"},"west":{"uv":[14.5,5.5,14.875,5.75],"texture":"#2"},"up":{"uv":[8.0,13.875,7.5,13.5],"texture":"#2"},"down":{"uv":[8.5,13.5,8.0,13.875],"texture":"#2"}}},{"from":[6.93386,11.89495,7.49005],"to":[8.7617,13.12375,8.50995],"rotation":{"origin":[8.0,11.23257,8.0],"axis":"z","angle":45.0},"faces":{"north":{"uv":[12.25,2.5,11.5,3.0],"texture":"#2"},"east":{"uv":[13.875,8.5,13.5,9.0],"texture":"#2"},"south":{"uv":[12.25,9.0,11.5,9.5],"texture":"#2"},"west":{"uv":[13.875,8.0,13.5,8.5],"texture":"#2"},"up":{"uv":[12.5,2.875,13.25,2.5],"texture":"#2"},"down":{"uv":[4.5,12.5,5.25,12.875],"texture":"#2"}}},{"from":[6.54063,11.0633,7.20896],"to":[7.52367,13.76666,8.79104],"rotation":{"origin":[8.0,11.23257,8.0],"axis":"z","angle":-22.5},"faces":{"north":{"uv":[6.875,11.0,6.5,12.125],"texture":"#2"},"east":{"uv":[9.625,10.0,9.0,11.125],"texture":"#2"},"south":{"uv":[8.375,11.0,8.0,12.125],"texture":"#2"},"west":{"uv":[10.625,4.0,10.0,5.125],"texture":"#2"},"up":{"uv":[10.0,13.625,10.375,13.0],"texture":"#2"},"down":{"uv":[10.5,13.0,10.875,13.625],"texture":"#2"}}},{"from":[8.47633,11.0633,7.20896],"to":[9.45937,13.76666,8.79104],"rotation":{"origin":[8.0,11.23257,8.0],"axis":"z","angle":22.5},"faces":{"north":{"uv":[6.5,11.0,6.875,12.125],"texture":"#2"},"east":{"uv":[10.0,4.0,10.625,5.125],"texture":"#2"},"south":{"uv":[8.0,11.0,8.375,12.125],"texture":"#2"},"west":{"uv":[9.0,10.0,9.625,11.125],"texture":"#2"},"up":{"uv":[10.375,13.625,10.0,13.0],"texture":"#2"},"down":{"uv":[10.875,13.0,10.5,13.625],"texture":"#2"}}},{"from":[7.2383,11.89495,7.49005],"to":[9.06614,13.12375,8.50995],"rotation":{"origin":[8.0,11.23257,8.0],"axis":"z","angle":-45.0},"faces":{"north":{"uv":[11.5,2.5,12.25,3.0],"texture":"#2"},"east":{"uv":[13.5,8.0,13.875,8.5],"texture":"#2"},"south":{"uv":[11.5,9.0,12.25,9.5],"texture":"#2"},"west":{"uv":[13.5,8.5,13.875,9.0],"texture":"#2"},"up":{"uv":[13.25,2.875,12.5,2.5],"texture":"#2"},"down":{"uv":[5.25,12.5,4.5,12.875],"texture":"#2"}}},{"from":[8.5739,11.41719,7.4409],"to":[10.78574,12.64599,8.5591],"rotation":{"origin":[8.0,11.23257,8.0],"axis":"z","angle":-22.5},"faces":{"north":{"uv":[10.5,3.5,11.375,4.0],"texture":"#2"},"east":{"uv":[10.0,5.5,10.5,6.0],"texture":"#2"},"south":{"uv":[8.0,10.5,8.875,11.0],"texture":"#2"},"west":{"uv":[12.5,4.5,13.0,5.0],"texture":"#2"},"up":{"uv":[11.375,8.5,10.5,8.0],"texture":"#2"},"down":{"uv":[11.375,8.5,10.5,9.0],"texture":"#2"}}},{"from":[9.63295,11.30583,7.5561],"to":[10.69279,12.15063,8.4439],"rotation":{"origin":[8.0,11.23257,8.0],"axis":"y","angle":0.0},"faces":{"north":{"uv":[13.5,2.0,14.0,2.375],"texture":"#2"},"east":{"uv":[5.5,14.0,5.875,14.375],"texture":"#2"},"south":{"uv":[13.5,2.5,14.0,2.875],"texture":"#2"},"west":{"uv":[14.0,5.5,14.375,5.875],"texture":"#2"},"up":{"uv":[14.0,3.375,13.5,3.0],"texture":"#2"},"down":{"uv":[14.0,3.5,13.5,3.875],"texture":"#2"}}},{"from":[10.62692,9.52183,7.5177],"to":[11.47172,11.15767,8.4823],"rotation":{"origin":[8.0,11.23257,8.0],"axis":"z","angle":22.5},"faces":{"north":{"uv":[13.0,8.0,13.375,8.625],"texture":"#2"},"east":{"uv":[8.5,13.0,8.875,13.625],"texture":"#2"},"south":{"uv":[9.5,13.0,9.875,13.625],"texture":"#2"},"west":{"uv":[13.0,9.5,13.375,10.125],"texture":"#2"},"up":{"uv":[5.375,14.375,5.0,14.0],"texture":"#2"},"down":{"uv":[14.375,5.0,14.0,5.375],"texture":"#2"}}},{"from":[9.93246,8.62635,7.4793],"to":[10.96926,10.26219,8.5207],"rotation":{"origin":[8.0,11.23257,8.0],"axis":"z","angle":22.5},"faces":{"north":{"uv":[13.0,4.0,13.375,4.625],"texture":"#2"},"east":{"uv":[4.5,13.0,4.875,13.625],"texture":"#2"},"south":{"uv":[5.0,13.0,5.375,13.625],"texture":"#2"},"west":{"uv":[13.0,5.0,13.375,5.625],"texture":"#2"},"up":{"uv":[14.375,3.375,14.0,3.0],"texture":"#2"},"down":{"uv":[3.875,14.0,3.5,14.375],"texture":"#2"}}},{"from":[11.06719,11.8804,7.5561],"to":[12.31903,12.5332,8.4439],"rotation":{"origin":[8.0,11.23257,8.0],"axis":"z","angle":-22.5},"faces":{"north":{"uv":[14.5,2.5,15.0,2.75],"texture":"#2"},"east":{"uv":[5.5,14.5,5.875,14.75],"texture":"#2"},"south":{"uv":[3.0,14.5,3.5,14.75],"texture":"#2"},"west":{"uv":[14.5,5.5,14.875,5.75],"texture":"#2"},"up":{"uv":[8.0,13.875,7.5,13.5],"texture":"#2"},"down":{"uv":[8.5,13.5,8.0,13.875],"texture":"#2"}}},{"from":[9.7702,13.00278,7.12141],"to":[10.33054,13.56311,8.87859],"rotation":{"origin":[8.0,11.23257,8.0],"axis":"z","angle":45.0},"faces":{"north":{"uv":[10.75,14.5,10.5,14.75],"texture":"#2"},"east":{"uv":[14.25,9.5,13.5,9.75],"texture":"#2"},"south":{"uv":[14.75,10.5,14.5,10.75],"texture":"#2"},"west":{"uv":[14.25,9.0,13.5,9.25],"texture":"#2"},"up":{"uv":[9.0,14.25,9.25,13.5],"texture":"#2"},"down":{"uv":[13.5,10.0,13.75,10.75],"texture":"#2"}}},{"from":[1.52641,8.26068,7.94],"to":[11.12641,17.86068,8.06],"rotation":{"origin":[8.0,11.23257,8.0],"axis":"z","angle":45.0},"faces":{"north":{"uv":[0.0,16.0,16.0,0.0],"texture":"#1","rotation":270},"east":{"uv":[0.5,0.5,0.0,0.0],"texture":"#1","rotation":90},"south":{"uv":[16.0,16.0,0.0,0.0],"texture":"#1","rotation":90},"west":{"uv":[0.5,0.5,0.0,0.0],"texture":"#1","rotation":90},"up":{"uv":[0.0,0.625,0.5,0.0],"texture":"#1","rotation":90},"down":{"uv":[0.0,0.625,0.5,0.0],"texture":"#1","rotation":90}}},{"from":[4.87359,8.26068,7.94],"to":[14.47359,17.86068,8.06],"rotation":{"origin":[8.0,11.23257,8.0],"axis":"z","angle":-45.0},"faces":{"north":{"uv":[0.0,0.0,16.0,16.0],"texture":"#1","rotation":270},"east":{"uv":[0.5,0.0,0.0,0.5],"texture":"#1","rotation":90},"south":{"uv":[16.0,0.0,0.0,16.0],"texture":"#1","rotation":90},"west":{"uv":[0.5,0.0,0.0,0.5],"texture":"#1","rotation":90},"up":{"uv":[0.0,0.0,0.5,0.625],"texture":"#1","rotation":90},"down":{"uv":[0.0,0.0,0.5,0.625],"texture":"#1","rotation":90}}},{"from":[10.69932,11.34262,7.5177],"to":[11.54412,12.97846,8.4823],"rotation":{"origin":[8.0,11.23257,8.0],"axis":"z","angle":-45.0},"faces":{"north":{"uv":[5.5,13.0,5.875,13.625],"texture":"#2"},"east":{"uv":[6.0,13.0,6.375,13.625],"texture":"#2"},"south":{"uv":[13.0,6.0,13.375,6.625],"texture":"#2"},"west":{"uv":[6.5,13.0,6.875,13.625],"texture":"#2"},"up":{"uv":[14.375,3.875,14.0,3.5],"texture":"#2"},"down":{"uv":[4.875,14.0,4.5,14.375],"texture":"#2"}}},{"from":[9.13464,7.721,7.5561],"to":[9.78744,8.78084,8.4439],"rotation":{"origin":[8.0,11.23257,8.0],"axis":"z","angle":22.5},"faces":{"north":{"uv":[14.0,7.5,14.25,8.0],"texture":"#2"},"east":{"uv":[13.5,1.5,13.875,2.0],"texture":"#2"},"south":{"uv":[8.0,14.0,8.25,14.5],"texture":"#2"},"west":{"uv":[2.0,13.5,2.375,14.0],"texture":"#2"},"up":{"uv":[4.75,14.875,4.5,14.5],"texture":"#2"},"down":{"uv":[14.75,4.5,14.5,4.875],"texture":"#2"}}},{"from":[7.70445,6.68625,7.5945],"to":[8.31885,7.55409,8.4055],"rotation":{"origin":[8.0,11.23257,8.0],"axis":"z","angle":45.0},"faces":{"north":{"uv":[6.0,14.5,6.25,14.875],"texture":"#2"},"east":{"uv":[6.0,14.0,6.375,14.375],"texture":"#2"},"south":{"uv":[14.5,6.0,14.75,6.375],"texture":"#2"},"west":{"uv":[14.0,6.0,14.375,6.375],"texture":"#2"},"up":{"uv":[6.75,14.875,6.5,14.5],"texture":"#2"},"down":{"uv":[14.75,6.5,14.5,6.875],"texture":"#2"}}},{"from":[4.45588,11.34262,7.5177],"to":[5.30068,12.97846,8.4823],"rotation":{"origin":[8.0,11.23257,8.0],"axis":"z","angle":45.0},"faces":{"north":{"uv":[5.875,13.0,5.5,13.625],"texture":"#2"},"east":{"uv":[6.875,13.0,6.5,13.625],"texture":"#2"},"south":{"uv":[13.375,6.0,13.0,6.625],"texture":"#2"},"west":{"uv":[6.375,13.0,6.0,13.625],"texture":"#2"},"up":{"uv":[14.0,3.875,14.375,3.5],"texture":"#2"},"down":{"uv":[4.5,14.0,4.875,14.375],"texture":"#2"}}},{"from":[6.21256,7.721,7.5561],"to":[6.86536,8.78084,8.4439],"rotation":{"origin":[8.0,11.23257,8.0],"axis":"z","angle":-22.5},"faces":{"north":{"uv":[14.25,7.5,14.0,8.0],"texture":"#2"},"east":{"uv":[2.375,13.5,2.0,14.0],"texture":"#2"},"south":{"uv":[8.25,14.0,8.0,14.5],"texture":"#2"},"west":{"uv":[13.875,1.5,13.5,2.0],"texture":"#2"},"up":{"uv":[4.5,14.875,4.75,14.5],"texture":"#2"},"down":{"uv":[14.5,4.5,14.75,4.875],"texture":"#2"}}},{"from":[7.68115,6.68625,7.5945],"to":[8.29555,7.55409,8.4055],"rotation":{"origin":[8.0,11.23257,8.0],"axis":"z","angle":-45.0},"faces":{"north":{"uv":[6.25,14.5,6.0,14.875],"texture":"#2"},"east":{"uv":[14.375,6.0,14.0,6.375],"texture":"#2"},"south":{"uv":[14.75,6.0,14.5,6.375],"texture":"#2"},"west":{"uv":[6.375,14.0,6.0,14.375],"texture":"#2"},"up":{"uv":[6.5,14.875,6.75,14.5],"texture":"#2"},"down":{"uv":[14.5,6.5,14.75,6.875],"texture":"#2"}}},{"from":[10.23886,-6.32108,7.328],"to":[10.60366,-5.95628,8.672],"rotation":{"origin":[8.06553,-3.69028,8.0],"axis":"z","angle":-45.0},"faces":{"north":{"uv":[11.125,14.5,11.0,14.625],"texture":"#2"},"east":{"uv":[15.125,7.0,14.5,7.125],"texture":"#2"},"south":{"uv":[14.625,11.0,14.5,11.125],"texture":"#2"},"west":{"uv":[7.625,14.5,7.0,14.625],"texture":"#2"},"up":{"uv":[14.5,8.125,14.625,7.5],"texture":"#2"},"down":{"uv":[8.0,14.5,8.125,15.125],"texture":"#2"}}},{"from":[10.23886,5.72892,7.328],"to":[10.60366,6.09372,8.672],"rotation":{"origin":[8.06553,8.35972,8.0],"axis":"z","angle":-45.0},"faces":{"north":{"uv":[11.125,14.5,11.0,14.625],"texture":"#2"},"east":{"uv":[15.125,7.0,14.5,7.125],"texture":"#2"},"south":{"uv":[14.625,11.0,14.5,11.125],"texture":"#2"},"west":{"uv":[7.625,14.5,7.0,14.625],"texture":"#2"},"up":{"uv":[14.5,8.125,14.625,7.5],"texture":"#2"},"down":{"uv":[8.0,14.5,8.125,15.125],"texture":"#2"}}},{"from":[8.49743,-5.65485,7.296],"to":[9.93743,-5.01485,8.704],"rotation":{"origin":[8.06553,-3.69028,8.0],"axis":"z","angle":-45.0},"faces":{"north":{"uv":[12.75,8.0,12.0,8.375],"texture":"#2"},"east":{"uv":[12.75,10.0,12.0,10.375],"texture":"#2"},"south":{"uv":[12.75,9.5,12.0,9.875],"texture":"#2"},"west":{"uv":[12.75,8.5,12.0,8.875],"texture":"#2"},"up":{"uv":[1.5,11.25,2.25,10.5],"texture":"#2"},"down":{"uv":[2.5,10.5,3.25,11.25],"texture":"#2"}}},{"from":[9.29743,-5.01485,7.296],"to":[9.93743,-4.21485,8.704],"rotation":{"origin":[8.06553,-3.69028,8.0],"axis":"z","angle":-45.0},"faces":{"north":{"uv":[14.375,2.5,14.0,2.875],"texture":"#2"},"east":{"uv":[11.75,12.0,11.0,12.375],"texture":"#2"},"south":{"uv":[3.375,14.0,3.0,14.375],"texture":"#2"},"west":{"uv":[12.75,10.5,12.0,10.875],"texture":"#2"},"up":{"uv":[12.0,12.25,12.375,11.5],"texture":"#2"},"down":{"uv":[12.5,3.5,12.875,4.25],"texture":"#2"}}},{"from":[8.00839,-5.79305,7.36],"to":[8.64839,-4.67305,8.64],"rotation":{"origin":[8.06553,-3.69028,8.0],"axis":"z","angle":-22.5},"faces":{"north":{"uv":[13.875,0.5,13.5,1.0],"texture":"#2"},"east":{"uv":[12.625,6.5,12.0,7.0],"texture":"#2"},"south":{"uv":[1.875,13.5,1.5,14.0],"texture":"#2"},"west":{"uv":[12.625,1.5,12.0,2.0],"texture":"#2"},"up":{"uv":[2.5,13.625,2.875,13.0],"texture":"#2"},"down":{"uv":[3.0,13.0,3.375,13.625],"texture":"#2"}}},{"from":[6.47732,-6.70935,7.36],"to":[7.11732,-4.94935,8.64],"rotation":{"origin":[8.06553,-3.69028,8.0],"axis":"z","angle":22.5},"faces":{"north":{"uv":[10.375,11.5,10.0,12.375],"texture":"#2"},"east":{"uv":[11.125,7.0,10.5,7.875],"texture":"#2"},"south":{"uv":[10.875,11.5,10.5,12.375],"texture":"#2"},"west":{"uv":[7.625,10.5,7.0,11.375],"texture":"#2"},"up":{"uv":[13.0,3.625,13.375,3.0],"texture":"#2"},"down":{"uv":[3.5,13.0,3.875,13.625],"texture":"#2"}}},{"from":[6.5634,-8.62638,8.0],"to":[9.4366,-4.37198,8.0],"rotation":{"origin":[8.0,-6.49918,8.0],"axis":"y","angle":0.0},"faces":{"north":{"uv":[8.375,3.0,7.0,5.125],"texture":"#2"},"east":{"uv":[0.0,0.0,0.0,2.125],"texture":"#2"},"south":{"uv":[8.375,3.0,7.0,5.125],"texture":"#2"},"west":{"uv":[0.0,0.0,0.0,2.125],"texture":"#2"},"up":{"uv":[0.0,0.0,1.5,0.0],"texture":"#2"},"down":{"uv":[0.0,0.0,1.5,0.0],"texture":"#2"}}},{"from":[7.9384,16.37362,8.0],"to":[9.8116,20.62802,8.0],"rotation":{"origin":[8.875,18.50082,8.0],"axis":"z","angle":0.0},"faces":{"north":{"uv":[0.625,0.0,1.75,2.625],"texture":"#2"},"east":{"uv":[0.0,0.0,0.0,2.125],"texture":"#2"},"south":{"uv":[1.75,0.0,0.625,2.625],"texture":"#2"},"west":{"uv":[0.0,0.0,0.0,2.125],"texture":"#2"},"up":{"uv":[0.0,0.0,1.5,0.0],"texture":"#2"},"down":{"uv":[0.0,0.0,1.5,0.0],"texture":"#2"}}},{"from":[6.1884,16.37362,8.0],"to":[8.0616,20.62802,8.0],"rotation":{"origin":[7.125,18.50082,8.0],"axis":"z","angle":0.0},"faces":{"north":{"uv":[1.75,0.0,0.625,2.625],"texture":"#2"},"east":{"uv":[0.0,0.0,0.0,2.125],"texture":"#2"},"south":{"uv":[0.625,0.0,1.75,2.625],"texture":"#2"},"west":{"uv":[0.0,0.0,0.0,2.125],"texture":"#2"},"up":{"uv":[1.5,0.0,0.0,0.0],"texture":"#2"},"down":{"uv":[1.5,0.0,0.0,0.0],"texture":"#2"}}},{"from":[6.36503,7.98264,7.50808],"to":[9.68023,11.23384,8.49192],"rotation":{"origin":[8.02263,9.60824,8.0],"axis":"z","angle":-45.0},"faces":{"north":{"uv":[10.125,0.0,8.5,1.625],"texture":"#2","rotation":180},"east":{"uv":[0.25,11.5,0.0,13.125],"texture":"#2","rotation":180},"south":{"uv":[10.125,2.0,8.5,3.625],"texture":"#2","rotation":180},"west":{"uv":[11.75,0.0,11.5,1.625],"texture":"#2","rotation":180},"up":{"uv":[11.5,2.0,13.125,2.25],"texture":"#2","rotation":180},"down":{"uv":[1.5,11.75,3.125,11.5],"texture":"#2","rotation":180}}},{"from":[5.6704,10.59052,7.792],"to":[6.4256,13.58572,8.208],"rotation":{"origin":[7.584,13.40012,8.03392],"axis":"z","angle":22.5},"faces":{"north":{"uv":[3.875,10.5,3.5,12.0],"texture":"#2"},"east":{"uv":[11.75,6.5,11.5,8.0],"texture":"#2"},"south":{"uv":[10.875,5.5,10.5,7.0],"texture":"#2"},"west":{"uv":[0.75,11.5,0.5,13.0],"texture":"#2"},"up":{"uv":[5.0,14.75,5.375,14.5],"texture":"#2"},"down":{"uv":[14.5,5.0,14.875,5.25],"texture":"#2"}}},{"from":[6.0544,11.96232,7.792],"to":[6.9376,14.59802,8.208],"rotation":{"origin":[8.096,13.17192,8.03392],"axis":"z","angle":-22.5},"faces":{"north":{"uv":[9.0,4.0,8.5,5.375],"texture":"#2"},"east":{"uv":[11.75,9.5,11.5,10.875],"texture":"#2"},"south":{"uv":[10.5,10.0,10.0,11.375],"texture":"#2"},"west":{"uv":[9.75,11.5,9.5,12.875],"texture":"#2"},"up":{"uv":[14.0,8.75,14.5,8.5],"texture":"#2"},"down":{"uv":[9.5,14.0,10.0,14.25],"texture":"#2"}}},{"from":[7.55807,14.57251,7.792],"to":[8.44127,15.76821,8.208],"rotation":{"origin":[7.99967,15.89036,8.0],"axis":"z","angle":-45.0},"faces":{"north":{"uv":[4.0,12.0,3.5,12.625],"texture":"#2"},"east":{"uv":[2.75,14.0,2.5,14.625],"texture":"#2"},"south":{"uv":[6.5,12.0,6.0,12.625],"texture":"#2"},"west":{"uv":[14.25,1.5,14.0,2.125],"texture":"#2"},"up":{"uv":[10.0,14.25,10.5,14.0],"texture":"#2"},"down":{"uv":[14.0,10.0,14.5,10.25],"texture":"#2"}}},{"from":[8.2624,15.59162,7.75808],"to":[8.8256,16.15482,8.24192],"rotation":{"origin":[8.0,15.32922,8.032],"axis":"z","angle":45.0},"faces":{"north":{"uv":[9.0,14.5,9.25,14.75],"texture":"#2"},"east":{"uv":[14.5,9.0,14.75,9.25],"texture":"#2"},"south":{"uv":[9.5,14.5,9.75,14.75],"texture":"#2"},"west":{"uv":[14.5,9.5,14.75,9.75],"texture":"#2"},"up":{"uv":[10.25,14.75,10.0,14.5],"texture":"#2"},"down":{"uv":[14.75,10.0,14.5,10.25],"texture":"#2"}}},{"from":[7.55873,14.57251,7.792],"to":[8.44193,15.76821,8.208],"rotation":{"origin":[8.00033,15.89036,8.0],"axis":"z","angle":45.0},"faces":{"north":{"uv":[3.5,12.0,4.0,12.625],"texture":"#2"},"east":{"uv":[14.0,1.5,14.25,2.125],"texture":"#2"},"south":{"uv":[6.0,12.0,6.5,12.625],"texture":"#2"},"west":{"uv":[2.5,14.0,2.75,14.625],"texture":"#2"},"up":{"uv":[10.5,14.25,10.0,14.0],"texture":"#2"},"down":{"uv":[14.5,10.0,14.0,10.25],"texture":"#2"}}},{"from":[9.0624,11.96232,7.792],"to":[9.9456,14.59802,8.208],"rotation":{"origin":[7.904,13.17192,8.03392],"axis":"z","angle":22.5},"faces":{"north":{"uv":[8.5,4.0,9.0,5.375],"texture":"#2"},"east":{"uv":[9.5,11.5,9.75,12.875],"texture":"#2"},"south":{"uv":[10.0,10.0,10.5,11.375],"texture":"#2"},"west":{"uv":[11.5,9.5,11.75,10.875],"texture":"#2"},"up":{"uv":[14.5,8.75,14.0,8.5],"texture":"#2"},"down":{"uv":[10.0,14.0,9.5,14.25],"texture":"#2"}}},{"from":[9.5744,10.59052,7.792],"to":[10.3296,13.58572,8.208],"rotation":{"origin":[8.416,13.40012,8.03392],"axis":"z","angle":-22.5},"faces":{"north":{"uv":[3.5,10.5,3.875,12.0],"texture":"#2"},"east":{"uv":[0.5,11.5,0.75,13.0],"texture":"#2"},"south":{"uv":[10.5,5.5,10.875,7.0],"texture":"#2"},"west":{"uv":[11.5,6.5,11.75,8.0],"texture":"#2"},"up":{"uv":[5.375,14.75,5.0,14.5],"texture":"#2"},"down":{"uv":[14.875,5.0,14.5,5.25],"texture":"#2"}}},{"from":[8.83607,7.62236,7.555],"to":[9.91927,9.20956,8.445],"rotation":{"origin":[9.00981,6.73758,7.997],"axis":"y","angle":0.0},"faces":{"north":{"uv":[7.5,11.5,7.0,12.25],"texture":"#2","rotation":180},"east":{"uv":[13.75,5.0,13.5,5.75],"texture":"#2","rotation":180},"south":{"uv":[8.0,11.5,7.5,12.25],"texture":"#2","rotation":180},"west":{"uv":[13.75,6.0,13.5,6.75],"texture":"#2","rotation":180},"up":{"uv":[14.5,0.5,15.0,0.75],"texture":"#2","rotation":180},"down":{"uv":[0.5,14.75,1.0,14.5],"texture":"#2","rotation":180}}},{"from":[8.14886,6.93543,7.5484],"to":[9.03206,7.98983,8.4516],"rotation":{"origin":[9.00981,6.73758,8.0],"axis":"z","angle":-45.0},"faces":{"north":{"uv":[13.0,6.0,12.5,6.5],"texture":"#2","rotation":180},"east":{"uv":[13.75,14.0,13.5,14.5],"texture":"#2","rotation":180},"south":{"uv":[7.0,12.5,6.5,13.0],"texture":"#2","rotation":180},"west":{"uv":[14.25,14.0,14.0,14.5],"texture":"#2","rotation":180},"up":{"uv":[14.5,0.0,15.0,0.25],"texture":"#2","rotation":180},"down":{"uv":[0.0,14.75,0.5,14.5],"texture":"#2","rotation":180}}},{"from":[8.35204,5.13477,7.558],"to":[9.23524,8.64197,8.442],"rotation":{"origin":[9.00981,6.73758,8.0],"axis":"y","angle":0.0},"faces":{"north":{"uv":[6.0,9.0,5.5,10.75],"texture":"#2","rotation":180},"east":{"uv":[10.75,9.0,10.5,10.75],"texture":"#2","rotation":180},"south":{"uv":[6.5,9.0,6.0,10.75],"texture":"#2","rotation":180},"west":{"uv":[11.25,1.0,11.0,2.75],"texture":"#2","rotation":180},"up":{"uv":[8.5,14.0,9.0,14.25],"texture":"#2","rotation":180},"down":{"uv":[14.0,8.25,14.5,8.0],"texture":"#2","rotation":180}}},{"from":[9.42417,4.69276,7.5484],"to":[10.30737,5.74716,8.4516],"rotation":{"origin":[9.00981,6.73758,8.0],"axis":"z","angle":-45.0},"faces":{"north":{"uv":[13.0,5.0,12.5,5.5],"texture":"#2","rotation":180},"east":{"uv":[14.25,12.0,14.0,12.5],"texture":"#2","rotation":180},"south":{"uv":[13.0,5.5,12.5,6.0],"texture":"#2","rotation":180},"west":{"uv":[12.75,14.0,12.5,14.5],"texture":"#2","rotation":180},"up":{"uv":[13.0,14.0,13.5,14.25],"texture":"#2","rotation":180},"down":{"uv":[14.0,12.75,14.5,12.5],"texture":"#2","rotation":180}}},{"from":[8.38607,14.79044,7.805],"to":[9.46927,16.37764,8.195],"rotation":{"origin":[8.55981,17.26242,7.997],"axis":"y","angle":0.0},"faces":{"north":{"uv":[7.5,12.25,7.0,11.5],"texture":"#2","rotation":180},"east":{"uv":[13.75,5.75,13.5,5.0],"texture":"#2","rotation":180},"south":{"uv":[8.0,12.25,7.5,11.5],"texture":"#2","rotation":180},"west":{"uv":[13.75,6.75,13.5,6.0],"texture":"#2","rotation":180},"up":{"uv":[0.5,14.5,1.0,14.75],"texture":"#2","rotation":180},"down":{"uv":[14.5,0.75,15.0,0.5],"texture":"#2","rotation":180}}},{"from":[7.69886,16.01017,7.7984],"to":[8.58206,17.06457,8.2016],"rotation":{"origin":[8.55981,17.26242,8.0],"axis":"z","angle":45.0},"faces":{"north":{"uv":[13.0,6.5,12.5,6.0],"texture":"#2","rotation":180},"east":{"uv":[13.75,14.5,13.5,14.0],"texture":"#2","rotation":180},"south":{"uv":[7.0,13.0,6.5,12.5],"texture":"#2","rotation":180},"west":{"uv":[14.25,14.5,14.0,14.0],"texture":"#2","rotation":180},"up":{"uv":[0.0,14.5,0.5,14.75],"texture":"#2","rotation":180},"down":{"uv":[14.5,0.25,15.0,0.0],"texture":"#2","rotation":180}}},{"from":[7.90204,15.35803,7.808],"to":[8.78524,18.86523,8.192],"rotation":{"origin":[8.55981,17.26242,8.0],"axis":"y","angle":0.0},"faces":{"north":{"uv":[6.0,10.75,5.5,9.0],"texture":"#2","rotation":180},"east":{"uv":[10.75,10.75,10.5,9.0],"texture":"#2","rotation":180},"south":{"uv":[6.5,10.75,6.0,9.0],"texture":"#2","rotation":180},"west":{"uv":[11.25,2.75,11.0,1.0],"texture":"#2","rotation":180},"up":{"uv":[14.0,8.0,14.5,8.25],"texture":"#2","rotation":180},"down":{"uv":[8.5,14.25,9.0,14.0],"texture":"#2","rotation":180}}},{"from":[8.74848,18.25284,7.7984],"to":[9.84848,19.35284,8.2016],"rotation":{"origin":[8.58411,17.26242,8.0],"axis":"z","angle":45.0},"faces":{"north":{"uv":[14.875,6.875,15.5,6.25],"texture":"#2","rotation":180},"east":{"uv":[15.5,6.875,15.375,6.25],"texture":"#2","rotation":180},"south":{"uv":[15.5,6.875,14.875,6.25],"texture":"#2","rotation":180},"west":{"uv":[12.75,14.5,12.5,14.0],"texture":"#2","rotation":180},"up":{"uv":[15.5,6.25,14.875,6.375],"texture":"#2","rotation":180},"down":{"uv":[13.0,14.25,13.5,14.0],"texture":"#2","rotation":180}}},{"from":[7.21476,15.35803,7.808],"to":[8.09796,18.86523,8.192],"rotation":{"origin":[7.44019,17.26242,8.0],"axis":"y","angle":0.0},"faces":{"north":{"uv":[5.5,10.75,6.0,9.0],"texture":"#2","rotation":180},"east":{"uv":[11.0,2.75,11.25,1.0],"texture":"#2","rotation":180},"south":{"uv":[6.0,10.75,6.5,9.0],"texture":"#2","rotation":180},"west":{"uv":[10.5,10.75,10.75,9.0],"texture":"#2","rotation":180},"up":{"uv":[14.5,8.0,14.0,8.25],"texture":"#2","rotation":180},"down":{"uv":[9.0,14.25,8.5,14.0],"texture":"#2","rotation":180}}},{"from":[7.41794,16.01017,7.7984],"to":[8.30114,17.06457,8.2016],"rotation":{"origin":[7.44019,17.26242,8.0],"axis":"z","angle":-45.0},"faces":{"north":{"uv":[12.5,6.5,13.0,6.0],"texture":"#2","rotation":180},"east":{"uv":[14.0,14.5,14.25,14.0],"texture":"#2","rotation":180},"south":{"uv":[6.5,13.0,7.0,12.5],"texture":"#2","rotation":180},"west":{"uv":[13.5,14.5,13.75,14.0],"texture":"#2","rotation":180},"up":{"uv":[0.5,14.5,0.0,14.75],"texture":"#2","rotation":180},"down":{"uv":[15.0,0.25,14.5,0.0],"texture":"#2","rotation":180}}},{"from":[6.53073,14.79044,7.805],"to":[7.61393,16.37764,8.195],"rotation":{"origin":[7.44019,17.26242,7.997],"axis":"y","angle":0.0},"faces":{"north":{"uv":[7.0,12.25,7.5,11.5],"texture":"#2","rotation":180},"east":{"uv":[13.5,6.75,13.75,6.0],"texture":"#2","rotation":180},"south":{"uv":[7.5,12.25,8.0,11.5],"texture":"#2","rotation":180},"west":{"uv":[13.5,5.75,13.75,5.0],"texture":"#2","rotation":180},"up":{"uv":[1.0,14.5,0.5,14.75],"texture":"#2","rotation":180},"down":{"uv":[15.0,0.75,14.5,0.5],"texture":"#2","rotation":180}}},{"from":[5.69263,4.69276,7.5484],"to":[6.57583,5.74716,8.4516],"rotation":{"origin":[6.99019,6.73758,8.0],"axis":"z","angle":45.0},"faces":{"north":{"uv":[12.5,5.0,13.0,5.5],"texture":"#2","rotation":180},"east":{"uv":[12.5,14.0,12.75,14.5],"texture":"#2","rotation":180},"south":{"uv":[12.5,5.5,13.0,6.0],"texture":"#2","rotation":180},"west":{"uv":[14.0,12.0,14.25,12.5],"texture":"#2","rotation":180},"up":{"uv":[13.5,14.0,13.0,14.25],"texture":"#2","rotation":180},"down":{"uv":[14.5,12.75,14.0,12.5],"texture":"#2","rotation":180}}},{"from":[6.76476,5.13477,7.558],"to":[7.64796,8.64197,8.442],"rotation":{"origin":[6.99019,6.73758,8.0],"axis":"y","angle":0.0},"faces":{"north":{"uv":[5.5,9.0,6.0,10.75],"texture":"#2","rotation":180},"east":{"uv":[11.0,1.0,11.25,2.75],"texture":"#2","rotation":180},"south":{"uv":[6.0,9.0,6.5,10.75],"texture":"#2","rotation":180},"west":{"uv":[10.5,9.0,10.75,10.75],"texture":"#2","rotation":180},"up":{"uv":[9.0,14.0,8.5,14.25],"texture":"#2","rotation":180},"down":{"uv":[14.5,8.25,14.0,8.0],"texture":"#2","rotation":180}}},{"from":[6.96794,6.93543,7.5484],"to":[7.85114,7.98983,8.4516],"rotation":{"origin":[6.99019,6.73758,8.0],"axis":"z","angle":45.0},"faces":{"north":{"uv":[12.5,6.0,13.0,6.5],"texture":"#2","rotation":180},"east":{"uv":[14.0,14.0,14.25,14.5],"texture":"#2","rotation":180},"south":{"uv":[6.5,12.5,7.0,13.0],"texture":"#2","rotation":180},"west":{"uv":[13.5,14.0,13.75,14.5],"texture":"#2","rotation":180},"up":{"uv":[15.0,0.0,14.5,0.25],"texture":"#2","rotation":180},"down":{"uv":[0.5,14.75,0.0,14.5],"texture":"#2","rotation":180}}},{"from":[6.08073,7.62236,7.555],"to":[7.16393,9.20956,8.445],"rotation":{"origin":[6.99019,6.73758,7.997],"axis":"y","angle":0.0},"faces":{"north":{"uv":[7.0,11.5,7.5,12.25],"texture":"#2","rotation":180},"east":{"uv":[13.5,6.0,13.75,6.75],"texture":"#2","rotation":180},"south":{"uv":[7.5,11.5,8.0,12.25],"texture":"#2","rotation":180},"west":{"uv":[13.5,5.0,13.75,5.75],"texture":"#2","rotation":180},"up":{"uv":[15.0,0.5,14.5,0.75],"texture":"#2","rotation":180},"down":{"uv":[1.0,14.75,0.5,14.5],"texture":"#2","rotation":180}}},{"from":[6.81977,-4.7735,7.50808],"to":[9.13497,-2.5223,8.49192],"rotation":{"origin":[7.97737,-3.6479,8.0],"axis":"z","angle":-45.0},"faces":{"north":{"uv":[10.125,0.0,8.5,1.625],"texture":"#2","rotation":180},"east":{"uv":[0.25,11.5,0.0,13.125],"texture":"#2","rotation":180},"south":{"uv":[10.125,2.0,8.5,3.625],"texture":"#2","rotation":180},"west":{"uv":[11.75,0.0,11.5,1.625],"texture":"#2","rotation":180},"up":{"uv":[11.5,2.0,13.125,2.25],"texture":"#2","rotation":180},"down":{"uv":[1.5,11.75,3.125,11.5],"texture":"#2","rotation":180}}},{"from":[5.56686,-2.71836,7.5484],"to":[6.45006,-1.66396,8.4516],"rotation":{"origin":[8.0,-3.41628,8.0],"axis":"z","angle":-45.0},"faces":{"north":{"uv":[13.0,5.0,12.5,5.5],"texture":"#2"},"east":{"uv":[12.75,14.0,12.5,14.5],"texture":"#2"},"south":{"uv":[13.0,5.5,12.5,6.0],"texture":"#2"},"west":{"uv":[14.25,12.0,14.0,12.5],"texture":"#2"},"up":{"uv":[14.0,12.75,14.5,12.5],"texture":"#2"},"down":{"uv":[13.0,14.0,13.5,14.25],"texture":"#2"}}},{"from":[6.24768,-1.86634,7.5484],"to":[7.30208,-0.98314,8.4516],"rotation":{"origin":[8.0,-3.41628,8.0],"axis":"z","angle":-45.0},"faces":{"north":{"uv":[13.0,5.5,12.5,5.0],"texture":"#2","rotation":270},"east":{"uv":[13.0,14.25,13.5,14.0],"texture":"#2","rotation":90},"south":{"uv":[13.0,6.0,12.5,5.5],"texture":"#2","rotation":90},"west":{"uv":[14.0,12.5,14.5,12.75],"texture":"#2","rotation":90},"up":{"uv":[14.25,12.5,14.0,12.0],"texture":"#2","rotation":90},"down":{"uv":[12.75,14.5,12.5,14.0],"texture":"#2","rotation":90}}},{"from":[7.70633,-4.40701,7.558],"to":[8.58953,-0.89981,8.442],"rotation":{"origin":[8.14793,-2.65341,8.0],"axis":"z","angle":-22.5},"faces":{"north":{"uv":[5.5,9.0,6.0,10.75],"texture":"#2"},"east":{"uv":[10.5,9.0,10.75,10.75],"texture":"#2"},"south":{"uv":[6.0,9.0,6.5,10.75],"texture":"#2"},"west":{"uv":[11.0,1.0,11.25,2.75],"texture":"#2"},"up":{"uv":[14.5,8.25,14.0,8.0],"texture":"#2"},"down":{"uv":[9.0,14.0,8.5,14.25],"texture":"#2"}}},{"from":[7.41047,-4.40701,7.558],"to":[8.29367,-0.89981,8.442],"rotation":{"origin":[7.85207,-2.65341,8.0],"axis":"z","angle":22.5},"faces":{"north":{"uv":[6.0,9.0,5.5,10.75],"texture":"#2"},"east":{"uv":[11.25,1.0,11.0,2.75],"texture":"#2"},"south":{"uv":[6.5,9.0,6.0,10.75],"texture":"#2"},"west":{"uv":[10.75,9.0,10.5,10.75],"texture":"#2"},"up":{"uv":[14.0,8.25,14.5,8.0],"texture":"#2"},"down":{"uv":[8.5,14.0,9.0,14.25],"texture":"#2"}}},{"from":[7.02872,0.47209,7.424],"to":[7.66872,1.59209,8.576],"rotation":{"origin":[8.06553,0.20972,8.0],"axis":"z","angle":-22.5},"faces":{"north":{"uv":[13.375,1.5,13.0,2.0],"texture":"#2"},"east":{"uv":[12.625,0.0,12.0,0.5],"texture":"#2"},"south":{"uv":[13.375,10.5,13.0,11.0],"texture":"#2"},"west":{"uv":[11.625,11.5,11.0,12.0],"texture":"#2"},"up":{"uv":[12.5,13.125,12.875,12.5],"texture":"#2"},"down":{"uv":[13.0,0.0,13.375,0.625],"texture":"#2"}}},{"from":[7.59267,-0.66759,7.424],"to":[8.16867,0.34041,8.576],"rotation":{"origin":[8.06553,0.20972,8.0],"axis":"z","angle":-22.5},"faces":{"north":{"uv":[6.75,14.0,6.5,14.5],"texture":"#2"},"east":{"uv":[12.625,1.0,12.0,1.5],"texture":"#2"},"south":{"uv":[14.25,6.5,14.0,7.0],"texture":"#2"},"west":{"uv":[12.625,0.5,12.0,1.0],"texture":"#2"},"up":{"uv":[12.0,14.125,12.25,13.5],"texture":"#2"},"down":{"uv":[13.5,12.0,13.75,12.625],"texture":"#2"}}},{"from":[7.48724,0.69534,7.36],"to":[8.12724,1.17534,8.64],"rotation":{"origin":[8.06553,0.20972,8.0],"axis":"z","angle":-45.0},"faces":{"north":{"uv":[14.875,3.5,14.5,3.75],"texture":"#2"},"east":{"uv":[14.125,13.0,13.5,13.25],"texture":"#2"},"south":{"uv":[14.875,4.0,14.5,4.25],"texture":"#2"},"west":{"uv":[13.125,13.5,12.5,13.75],"texture":"#2"},"up":{"uv":[0.5,13.625,0.875,13.0],"texture":"#2"},"down":{"uv":[1.0,13.0,1.375,13.625],"texture":"#2"}}},{"from":[7.00724,0.05534,7.36],"to":[8.12724,0.69534,8.64],"rotation":{"origin":[8.06553,0.20972,8.0],"axis":"z","angle":-45.0},"faces":{"north":{"uv":[0.5,13.5,0.0,13.875],"texture":"#2"},"east":{"uv":[2.125,13.0,1.5,13.375],"texture":"#2"},"south":{"uv":[14.0,0.0,13.5,0.375],"texture":"#2"},"west":{"uv":[13.625,1.0,13.0,1.375],"texture":"#2"},"up":{"uv":[1.5,12.625,2.0,12.0],"texture":"#2"},"down":{"uv":[2.0,12.0,2.5,12.625],"texture":"#2"}}},{"from":[8.3964,-0.20576,7.3664],"to":[8.9724,0.22624,8.6336],"rotation":{"origin":[8.06553,0.20972,8.0],"axis":"z","angle":-45.0},"faces":{"north":{"uv":[8.75,14.5,8.5,14.75],"texture":"#2"},"east":{"uv":[0.625,14.0,0.0,14.25],"texture":"#2"},"south":{"uv":[14.75,8.5,14.5,8.75],"texture":"#2"},"west":{"uv":[14.125,13.5,13.5,13.75],"texture":"#2"},"up":{"uv":[14.0,0.625,14.25,0.0],"texture":"#2"},"down":{"uv":[1.0,14.0,1.25,14.625],"texture":"#2"}}},{"from":[7.9644,-0.78176,7.3664],"to":[8.9724,-0.20576,8.6336],"rotation":{"origin":[8.06553,0.20972,8.0],"axis":"z","angle":-45.0},"faces":{"north":{"uv":[14.5,7.0,14.0,7.25],"texture":"#2"},"east":{"uv":[2.125,14.0,1.5,14.25],"texture":"#2"},"south":{"uv":[8.0,14.0,7.5,14.25],"texture":"#2"},"west":{"uv":[14.625,1.0,14.0,1.25],"texture":"#2"},"up":{"uv":[2.5,12.625,3.0,12.0],"texture":"#2"},"down":{"uv":[3.0,12.0,3.5,12.625],"texture":"#2"}}},{"from":[8.33128,0.47209,7.424],"to":[8.97128,1.59209,8.576],"rotation":{"origin":[7.93447,0.20972,8.0],"axis":"z","angle":22.5},"faces":{"north":{"uv":[13.0,1.5,13.375,2.0],"texture":"#2"},"east":{"uv":[11.0,11.5,11.625,12.0],"texture":"#2"},"south":{"uv":[13.0,10.5,13.375,11.0],"texture":"#2"},"west":{"uv":[12.0,0.0,12.625,0.5],"texture":"#2"},"up":{"uv":[12.875,13.125,12.5,12.5],"texture":"#2"},"down":{"uv":[13.375,0.0,13.0,0.625],"texture":"#2"}}},{"from":[7.83133,-0.66759,7.424],"to":[8.40733,0.34041,8.576],"rotation":{"origin":[7.93447,0.20972,8.0],"axis":"z","angle":22.5},"faces":{"north":{"uv":[6.5,14.0,6.75,14.5],"texture":"#2"},"east":{"uv":[12.0,0.5,12.625,1.0],"texture":"#2"},"south":{"uv":[14.0,6.5,14.25,7.0],"texture":"#2"},"west":{"uv":[12.0,1.0,12.625,1.5],"texture":"#2"},"up":{"uv":[12.25,14.125,12.0,13.5],"texture":"#2"},"down":{"uv":[13.75,12.0,13.5,12.625],"texture":"#2"}}},{"from":[7.59267,1.58241,7.424],"to":[8.16867,2.59041,8.576],"rotation":{"origin":[8.06553,2.45972,8.0],"axis":"z","angle":-22.5},"faces":{"north":{"uv":[6.75,14.0,6.5,14.5],"texture":"#2"},"east":{"uv":[12.625,1.0,12.0,1.5],"texture":"#2"},"south":{"uv":[14.25,6.5,14.0,7.0],"texture":"#2"},"west":{"uv":[12.625,0.5,12.0,1.0],"texture":"#2"},"up":{"uv":[12.0,14.125,12.25,13.5],"texture":"#2"},"down":{"uv":[13.5,12.0,13.75,12.625],"texture":"#2"}}},{"from":[8.3964,2.04424,7.3664],"to":[8.9724,2.47624,8.6336],"rotation":{"origin":[8.06553,2.45972,8.0],"axis":"z","angle":-45.0},"faces":{"north":{"uv":[8.75,14.5,8.5,14.75],"texture":"#2"},"east":{"uv":[0.625,14.0,0.0,14.25],"texture":"#2"},"south":{"uv":[14.75,8.5,14.5,8.75],"texture":"#2"},"west":{"uv":[14.125,13.5,13.5,13.75],"texture":"#2"},"up":{"uv":[14.0,0.625,14.25,0.0],"texture":"#2"},"down":{"uv":[1.0,14.0,1.25,14.625],"texture":"#2"}}},{"from":[7.9644,1.46824,7.3664],"to":[8.9724,2.04424,8.6336],"rotation":{"origin":[8.06553,2.45972,8.0],"axis":"z","angle":-45.0},"faces":{"north":{"uv":[14.5,7.0,14.0,7.25],"texture":"#2"},"east":{"uv":[2.125,14.0,1.5,14.25],"texture":"#2"},"south":{"uv":[8.0,14.0,7.5,14.25],"texture":"#2"},"west":{"uv":[14.625,1.0,14.0,1.25],"texture":"#2"},"up":{"uv":[2.5,12.625,3.0,12.0],"texture":"#2"},"down":{"uv":[3.0,12.0,3.5,12.625],"texture":"#2"}}},{"from":[7.83133,1.58241,7.424],"to":[8.40733,2.59041,8.576],"rotation":{"origin":[7.93447,2.45972,8.0],"axis":"z","angle":22.5},"faces":{"north":{"uv":[6.5,14.0,6.75,14.5],"texture":"#2"},"east":{"uv":[12.0,0.5,12.625,1.0],"texture":"#2"},"south":{"uv":[14.0,6.5,14.25,7.0],"texture":"#2"},"west":{"uv":[12.0,1.0,12.625,1.5],"texture":"#2"},"up":{"uv":[12.25,14.125,12.0,13.5],"texture":"#2"},"down":{"uv":[13.75,12.0,13.5,12.625],"texture":"#2"}}},{"from":[7.35161,-5.79305,7.36],"to":[7.99161,-4.67305,8.64],"rotation":{"origin":[7.93447,-3.69028,8.0],"axis":"z","angle":22.5},"faces":{"north":{"uv":[13.5,0.5,13.875,1.0],"texture":"#2"},"east":{"uv":[12.0,1.5,12.625,2.0],"texture":"#2"},"south":{"uv":[1.5,13.5,1.875,14.0],"texture":"#2"},"west":{"uv":[12.0,6.5,12.625,7.0],"texture":"#2"},"up":{"uv":[2.875,13.625,2.5,13.0],"texture":"#2"},"down":{"uv":[3.375,13.0,3.0,13.625],"texture":"#2"}}},{"from":[8.88268,-6.70935,7.36],"to":[9.52268,-4.94935,8.64],"rotation":{"origin":[7.93447,-3.69028,8.0],"axis":"z","angle":-22.5},"faces":{"north":{"uv":[10.0,11.5,10.375,12.375],"texture":"#2"},"east":{"uv":[7.0,10.5,7.625,11.375],"texture":"#2"},"south":{"uv":[10.5,11.5,10.875,12.375],"texture":"#2"},"west":{"uv":[10.5,7.0,11.125,7.875],"texture":"#2"},"up":{"uv":[13.375,3.625,13.0,3.0],"texture":"#2"},"down":{"uv":[3.875,13.0,3.5,13.625],"texture":"#2"}}},{"from":[8.49743,2.86485,7.296],"to":[9.93743,3.50485,8.704],"rotation":{"origin":[8.06553,1.54028,8.0],"axis":"z","angle":45.0},"faces":{"north":{"uv":[12.75,8.375,12.0,8.0],"texture":"#2"},"east":{"uv":[12.75,10.375,12.0,10.0],"texture":"#2"},"south":{"uv":[12.75,9.875,12.0,9.5],"texture":"#2"},"west":{"uv":[12.75,8.875,12.0,8.5],"texture":"#2"},"up":{"uv":[2.5,11.25,3.25,10.5],"texture":"#2"},"down":{"uv":[1.5,10.5,2.25,11.25],"texture":"#2"}}},{"from":[9.29743,2.06485,7.296],"to":[9.93743,2.86485,8.704],"rotation":{"origin":[8.06553,1.54028,8.0],"axis":"z","angle":45.0},"faces":{"north":{"uv":[14.375,2.875,14.0,2.5],"texture":"#2"},"east":{"uv":[11.75,12.375,11.0,12.0],"texture":"#2"},"south":{"uv":[3.375,14.375,3.0,14.0],"texture":"#2"},"west":{"uv":[12.75,10.875,12.0,10.5],"texture":"#2"},"up":{"uv":[12.5,4.25,12.875,3.5],"texture":"#2"},"down":{"uv":[12.0,11.5,12.375,12.25],"texture":"#2"}}},{"from":[8.88268,2.79935,7.36],"to":[9.52268,4.55935,8.64],"rotation":{"origin":[7.93447,1.54028,8.0],"axis":"z","angle":22.5},"faces":{"north":{"uv":[10.0,12.375,10.375,11.5],"texture":"#2"},"east":{"uv":[7.0,11.375,7.625,10.5],"texture":"#2"},"south":{"uv":[10.5,12.375,10.875,11.5],"texture":"#2"},"west":{"uv":[10.5,7.875,11.125,7.0],"texture":"#2"},"up":{"uv":[3.875,13.625,3.5,13.0],"texture":"#2"},"down":{"uv":[13.375,3.0,13.0,3.625],"texture":"#2"}}},{"from":[6.47732,2.79935,7.36],"to":[7.11732,4.55935,8.64],"rotation":{"origin":[8.06553,1.54028,8.0],"axis":"z","angle":-22.5},"faces":{"north":{"uv":[10.375,12.375,10.0,11.5],"texture":"#2"},"east":{"uv":[11.125,7.875,10.5,7.0],"texture":"#2"},"south":{"uv":[10.875,12.375,10.5,11.5],"texture":"#2"},"west":{"uv":[7.625,11.375,7.0,10.5],"texture":"#2"},"up":{"uv":[3.5,13.625,3.875,13.0],"texture":"#2"},"down":{"uv":[13.0,3.0,13.375,3.625],"texture":"#2"}}},{"from":[10.23886,8.75628,7.328],"to":[10.60366,9.12108,8.672],"rotation":{"origin":[8.06553,6.49028,8.0],"axis":"z","angle":45.0},"faces":{"north":{"uv":[11.125,14.625,11.0,14.5],"texture":"#2"},"east":{"uv":[15.125,7.125,14.5,7.0],"texture":"#2"},"south":{"uv":[14.625,11.125,14.5,11.0],"texture":"#2"},"west":{"uv":[7.625,14.625,7.0,14.5],"texture":"#2"},"up":{"uv":[8.0,15.125,8.125,14.5],"texture":"#2"},"down":{"uv":[14.5,7.5,14.625,8.125],"texture":"#2"}}},{"from":[7.35161,2.52305,7.36],"to":[7.99161,3.64305,8.64],"rotation":{"origin":[7.93447,1.54028,8.0],"axis":"z","angle":-22.5},"faces":{"north":{"uv":[13.5,1.0,13.875,0.5],"texture":"#2"},"east":{"uv":[12.0,2.0,12.625,1.5],"texture":"#2"},"south":{"uv":[1.5,14.0,1.875,13.5],"texture":"#2"},"west":{"uv":[12.0,7.0,12.625,6.5],"texture":"#2"},"up":{"uv":[3.375,13.625,3.0,13.0],"texture":"#2"},"down":{"uv":[2.875,13.0,2.5,13.625],"texture":"#2"}}},{"from":[8.00839,2.52305,7.36],"to":[8.64839,3.64305,8.64],"rotation":{"origin":[8.06553,1.54028,8.0],"axis":"z","angle":22.5},"faces":{"north":{"uv":[13.875,1.0,13.5,0.5],"texture":"#2"},"east":{"uv":[12.625,7.0,12.0,6.5],"texture":"#2"},"south":{"uv":[1.875,14.0,1.5,13.5],"texture":"#2"},"west":{"uv":[12.625,2.0,12.0,1.5],"texture":"#2"},"up":{"uv":[3.0,13.625,3.375,13.0],"texture":"#2"},"down":{"uv":[2.5,13.0,2.875,13.625],"texture":"#2"}}}],"textures":{"particle":"0ecddb2e-52b4-4de5-af0c-77634cca4b74","1":"0ecddb2e-52b4-4de5-af0c-77634cca4b74","2":"a67c0dcf-8d01-44f9-ad65-740a7c4b46a7"},"gui_light":"front"}