{"display":{"thirdperson_righthand":{"rotation":[11.75,0.0,0.0],"translation":[0.0,8.5,3.25],"scale":[1.4,1.4,1.4]},"thirdperson_lefthand":{"rotation":[11.75,0.0,0.0],"translation":[0.0,8.5,3.25],"scale":[1.4,1.4,1.4]},"firstperson_righthand":{"rotation":[-1.97,-9.11,4.91],"translation":[5.5,10.75,-2.75]},"firstperson_lefthand":{"rotation":[-1.97,-9.11,4.91],"translation":[5.5,10.75,-2.75]},"ground":{"rotation":[0.0,0.0,32.0],"translation":[-3.25,6.25,0.0],"scale":[0.7,0.7,0.7]},"gui":{"rotation":[-90.0,45.0,90.0],"translation":[-1.5,2.25,0.0],"scale":[0.89,0.89,0.89]},"head":{"scale":[0.01,0.01,0.01]},"fixed":{"rotation":[0.0,-90.0,0.0],"translation":[0.0,17.0,-1.75],"scale":[3.0,3.0,3.0]}},"elements":[{"from":[7.8,1.25,-1.0],"to":[8.2,19.25,17.0],"rotation":{"origin":[8.0,10.25,8.0],"axis":"y","angle":0.0},"faces":{"east":{"uv":[16.0,0.0,0.0,16.0],"texture":"#1"},"west":{"uv":[0.0,0.0,16.0,16.0],"texture":"#1"}}},{"from":[7.945,6.41533,-6.07619],"to":[8.055,13.42533,7.02381],"rotation":{"origin":[8.0,9.92033,1.47381],"axis":"x","angle":0.0},"faces":{"east":{"uv":[3.5625,13.6875,6.4375,12.125],"texture":"#0","rotation":180},"west":{"uv":[6.4375,13.6875,3.5625,12.125],"texture":"#0","rotation":180}}},{"from":[7.9,9.045,-0.425],"to":[8.1,16.055,7.425],"rotation":{"origin":[8.0,12.55,3.5],"axis":"x","angle":0.0},"faces":{"east":{"uv":[16.0,0.05,0.0,16.0],"texture":"#3"},"west":{"uv":[0.0,0.05,16.0,16.0],"texture":"#3"}}},{"from":[7.595,11.05725,9.33466],"to":[8.405,11.80725,10.13466],"rotation":{"origin":[8.0,14.9375,8.0],"axis":"x","angle":45.0},"faces":{"north":{"uv":[7.5,4.0,7.6875,4.1875],"texture":"#0"},"east":{"uv":[2.5,7.25,2.6875,7.4375],"texture":"#0"},"south":{"uv":[7.5,3.0,7.6875,3.1875],"texture":"#0"},"west":{"uv":[7.5,3.5,7.6875,3.6875],"texture":"#0"},"up":{"uv":[6.6875,7.6875,6.5,7.5],"texture":"#0","rotation":90},"down":{"uv":[7.1875,7.5,7.0,7.6875],"texture":"#0","rotation":270}}},{"from":[7.6,10.25,6.2],"to":[8.4,11.25,7.0],"rotation":{"origin":[8.0,14.9375,8.0],"axis":"y","angle":0.0},"faces":{"north":{"uv":[5.5,6.75,5.6875,7.0],"texture":"#0"},"east":{"uv":[2.5,6.75,2.6875,7.0],"texture":"#0"},"south":{"uv":[6.75,4.5,6.9375,4.75],"texture":"#0"},"west":{"uv":[5.0,6.75,5.1875,7.0],"texture":"#0"},"up":{"uv":[7.6875,7.6875,7.5,7.5],"texture":"#0","rotation":90},"down":{"uv":[7.9375,0.0,7.75,0.1875],"texture":"#0","rotation":270}}},{"from":[7.5,10.37334,4.40946],"to":[8.5,11.37334,5.40946],"rotation":{"origin":[8.0,14.9375,8.0],"axis":"x","angle":-22.5},"faces":{"north":{"uv":[6.25,6.0,6.5,6.25],"texture":"#0"},"east":{"uv":[6.25,3.5,6.5,3.75],"texture":"#0"},"south":{"uv":[6.25,4.0,6.5,4.25],"texture":"#0"},"west":{"uv":[6.25,4.5,6.5,4.75],"texture":"#0"},"up":{"uv":[3.25,6.75,3.0,6.5],"texture":"#0","rotation":90},"down":{"uv":[6.75,5.0,6.5,5.25],"texture":"#0","rotation":270}}},{"from":[7.4,10.97901,2.62729],"to":[8.6,12.47901,4.12729],"rotation":{"origin":[8.0,14.9375,8.0],"axis":"x","angle":-45.0},"faces":{"north":{"uv":[5.5,1.5,5.8125,1.875],"texture":"#0"},"east":{"uv":[2.25,4.5,2.625,4.875],"texture":"#0"},"south":{"uv":[5.5,0.75,5.8125,1.125],"texture":"#0"},"west":{"uv":[4.75,0.0,5.125,0.375],"texture":"#0"},"up":{"uv":[5.875,2.5625,5.5,2.25],"texture":"#0","rotation":90},"down":{"uv":[5.875,3.0,5.5,3.3125],"texture":"#0","rotation":270}}},{"from":[7.6,11.20902,4.27153],"to":[8.4,12.70902,5.77153],"rotation":{"origin":[7.95,14.9375,8.0],"axis":"x","angle":-45.0},"faces":{"north":{"uv":[6.75,6.75,6.875,7.125],"texture":"#0"},"east":{"uv":[4.75,0.75,5.125,1.125],"texture":"#0"},"south":{"uv":[6.75,6.0,6.875,6.375],"texture":"#0"},"west":{"uv":[4.75,1.5,5.125,1.875],"texture":"#0"},"up":{"uv":[7.375,1.625,7.0,1.5],"texture":"#0","rotation":90},"down":{"uv":[7.375,2.0,7.0,2.125],"texture":"#0","rotation":270}}},{"from":[7.675,9.9753,7.25],"to":[8.325,11.4753,8.75],"rotation":{"origin":[8.0,14.9375,8.0],"axis":"y","angle":0.0},"faces":{"north":{"uv":[3.0,7.0,3.125,7.375],"texture":"#0"},"east":{"uv":[4.75,2.25,5.125,2.625],"texture":"#0"},"south":{"uv":[7.0,2.5,7.125,2.875],"texture":"#0"},"west":{"uv":[4.75,3.0,5.125,3.375],"texture":"#0"},"up":{"uv":[7.375,5.125,7.0,5.0],"texture":"#0","rotation":90},"down":{"uv":[7.375,5.5,7.0,5.625],"texture":"#0","rotation":270}}},{"from":[7.325,-8.36,7.25],"to":[8.675,-6.86,8.75],"rotation":{"origin":[8.0,2.9375,8.0],"axis":"y","angle":0.0},"faces":{"north":{"uv":[7.0,2.5,7.125,2.875],"texture":"#0","rotation":180},"east":{"uv":[4.75,2.25,5.125,2.625],"texture":"#0","rotation":180},"south":{"uv":[3.0,7.0,3.125,7.375],"texture":"#0","rotation":180},"west":{"uv":[4.75,3.0,5.125,3.375],"texture":"#0","rotation":180},"up":{"uv":[7.375,5.5,7.0,5.625],"texture":"#0","rotation":270},"down":{"uv":[7.375,5.125,7.0,5.0],"texture":"#0","rotation":90}}},{"from":[7.7,10.64004,8.63201],"to":[8.3,12.14004,9.28201],"rotation":{"origin":[8.0,14.9375,8.0],"axis":"x","angle":22.5},"faces":{"north":{"uv":[0.0,7.25,0.125,7.625],"texture":"#0"},"east":{"uv":[5.25,6.0,5.4375,6.375],"texture":"#0"},"south":{"uv":[6.0,7.0,6.125,7.375],"texture":"#0"},"west":{"uv":[5.75,6.0,5.9375,6.375],"texture":"#0"},"up":{"uv":[8.1875,7.125,8.0,7.0],"texture":"#0","rotation":90},"down":{"uv":[7.4375,8.0,7.25,8.125],"texture":"#0","rotation":270}}},{"from":[7.7,10.64004,6.71799],"to":[8.3,12.14004,7.36799],"rotation":{"origin":[8.0,14.9375,8.0],"axis":"x","angle":-22.5},"faces":{"north":{"uv":[0.5,7.25,0.625,7.625],"texture":"#0"},"east":{"uv":[6.25,0.0,6.4375,0.375],"texture":"#0"},"south":{"uv":[7.25,0.0,7.375,0.375],"texture":"#0"},"west":{"uv":[6.25,0.75,6.4375,1.125],"texture":"#0"},"up":{"uv":[8.1875,7.625,8.0,7.5],"texture":"#0","rotation":90},"down":{"uv":[7.9375,8.0,7.75,8.125],"texture":"#0","rotation":270}}},{"from":[7.695,12.59895,5.66145],"to":[8.305,13.27895,6.34145],"rotation":{"origin":[8.0,14.9375,8.0],"axis":"x","angle":-45.0},"faces":{"north":{"uv":[8.25,0.5,8.375,0.6875],"texture":"#0"},"east":{"uv":[7.75,0.5,7.9375,0.6875],"texture":"#0"},"south":{"uv":[8.25,0.0,8.375,0.1875],"texture":"#0"},"west":{"uv":[1.0,7.75,1.1875,7.9375],"texture":"#0"},"up":{"uv":[1.1875,8.375,1.0,8.25],"texture":"#0","rotation":90},"down":{"uv":[8.4375,1.0,8.25,1.125],"texture":"#0","rotation":270}}},{"from":[7.6,0.5,7.6],"to":[8.4,8.75,8.4],"rotation":{"origin":[8.0,4.625,8.0],"axis":"y","angle":0.0},"faces":{"north":{"uv":[4.125,8.625,4.3125,10.54688],"texture":"#0"},"east":{"uv":[4.125,8.625,4.3125,10.54688],"texture":"#0"},"south":{"uv":[4.125,8.625,4.3125,10.54688],"texture":"#0"},"west":{"uv":[4.125,8.625,4.3125,10.54688],"texture":"#0"},"up":{"uv":[7.9375,1.1875,7.75,1.0],"texture":"#0","rotation":90},"down":{"uv":[1.6875,7.75,1.5,7.9375],"texture":"#0","rotation":270}}},{"from":[7.605,-6.5,7.605],"to":[8.395,1.75,8.395],"rotation":{"origin":[8.005,-2.375,8.005],"axis":"y","angle":0.0},"faces":{"north":{"uv":[4.125,8.625,4.3125,10.54688],"texture":"#0","rotation":180},"east":{"uv":[4.125,8.625,4.3125,10.54688],"texture":"#0","rotation":180},"south":{"uv":[4.125,8.625,4.3125,10.54688],"texture":"#0","rotation":180},"west":{"uv":[4.125,8.625,4.3125,10.54688],"texture":"#0","rotation":180},"up":{"uv":[1.6875,7.75,1.5,7.9375],"texture":"#0","rotation":270},"down":{"uv":[7.9375,1.1875,7.75,1.0],"texture":"#0","rotation":90}}},{"from":[7.35,8.6,7.25],"to":[8.65,9.4,8.75],"rotation":{"origin":[8.0,14.9375,8.0],"axis":"y","angle":0.0},"faces":{"north":{"uv":[6.75,3.5,7.0625,3.6875],"texture":"#0"},"east":{"uv":[6.25,1.5,6.625,1.6875],"texture":"#0"},"south":{"uv":[3.5,6.75,3.8125,6.9375],"texture":"#0"},"west":{"uv":[6.25,2.0,6.625,2.1875],"texture":"#0"},"up":{"uv":[5.875,4.0625,5.5,3.75],"texture":"#0","rotation":90},"down":{"uv":[5.875,4.5,5.5,4.8125],"texture":"#0","rotation":270}}},{"from":[7.45,7.9,7.45],"to":[8.55,8.4,8.55],"rotation":{"origin":[8.0,14.9375,8.0],"axis":"y","angle":0.0},"faces":{"north":{"uv":[5.0,7.25,5.3125,7.375],"texture":"#0"},"east":{"uv":[3.5,7.25,3.8125,7.375],"texture":"#0"},"south":{"uv":[4.25,7.25,4.5625,7.375],"texture":"#0"},"west":{"uv":[7.25,4.5,7.5625,4.625],"texture":"#0"},"up":{"uv":[0.3125,6.3125,0.0,6.0],"texture":"#0","rotation":90},"down":{"uv":[1.0625,6.0,0.75,6.3125],"texture":"#0","rotation":270}}},{"from":[7.35,-7.3,7.25],"to":[8.65,-6.5,8.75],"rotation":{"origin":[8.0,2.9375,8.0],"axis":"y","angle":0.0},"faces":{"north":{"uv":[4.25,6.75,4.5625,6.9375],"texture":"#0"},"east":{"uv":[6.25,2.5,6.625,2.6875],"texture":"#0"},"south":{"uv":[6.75,4.0,7.0625,4.1875],"texture":"#0"},"west":{"uv":[6.25,3.0,6.625,3.1875],"texture":"#0"},"up":{"uv":[3.375,6.0625,3.0,5.75],"texture":"#0","rotation":90},"down":{"uv":[6.125,5.25,5.75,5.5625],"texture":"#0","rotation":270}}},{"from":[7.45,-6.3,7.45],"to":[8.55,-5.8,8.55],"rotation":{"origin":[8.0,2.9375,8.0],"axis":"y","angle":0.0},"faces":{"north":{"uv":[7.5,2.5,7.8125,2.625],"texture":"#0"},"east":{"uv":[7.25,6.0,7.5625,6.125],"texture":"#0"},"south":{"uv":[7.25,6.5,7.5625,6.625],"texture":"#0"},"west":{"uv":[7.25,7.0,7.5625,7.125],"texture":"#0"},"up":{"uv":[1.8125,6.3125,1.5,6.0],"texture":"#0","rotation":90},"down":{"uv":[2.5625,6.0,2.25,6.3125],"texture":"#0","rotation":270}}},{"from":[7.2,-5.26364,-0.20114],"to":[8.8,-3.76364,1.29886],"rotation":{"origin":[8.0,2.9375,8.0],"axis":"x","angle":-45.0},"faces":{"north":{"uv":[4.25,5.25,4.625,5.625],"texture":"#0"},"east":{"uv":[4.75,3.75,5.125,4.125],"texture":"#0"},"south":{"uv":[4.75,4.5,5.125,4.875],"texture":"#0"},"west":{"uv":[2.25,5.25,2.625,5.625],"texture":"#0"},"up":{"uv":[5.375,5.625,5.0,5.25],"texture":"#0","rotation":90},"down":{"uv":[5.875,0.0,5.5,0.375],"texture":"#0","rotation":270}}},{"from":[7.595,12.685,1.27882],"to":[8.405,13.435,2.07882],"rotation":{"origin":[8.0,14.9375,8.0],"axis":"x","angle":-45.0},"faces":{"north":{"uv":[2.5,7.75,2.6875,7.9375],"texture":"#0"},"east":{"uv":[7.75,1.5,7.9375,1.6875],"texture":"#0"},"south":{"uv":[2.0,7.75,2.1875,7.9375],"texture":"#0"},"west":{"uv":[7.75,2.0,7.9375,2.1875],"texture":"#0"},"up":{"uv":[3.1875,7.9375,3.0,7.75],"texture":"#0","rotation":90},"down":{"uv":[3.6875,7.75,3.5,7.9375],"texture":"#0","rotation":270}}},{"from":[7.6,8.59216,4.84016],"to":[8.4,9.39216,5.84016],"rotation":{"origin":[8.0,14.9375,8.0],"axis":"y","angle":0.0},"faces":{"north":{"uv":[4.5,7.75,4.6875,7.9375],"texture":"#0"},"east":{"uv":[7.25,0.75,7.5,0.9375],"texture":"#0"},"south":{"uv":[4.0,7.75,4.1875,7.9375],"texture":"#0"},"west":{"uv":[1.0,7.25,1.25,7.4375],"texture":"#0"},"up":{"uv":[1.75,7.4375,1.5,7.25],"texture":"#0","rotation":90},"down":{"uv":[2.25,7.25,2.0,7.4375],"texture":"#0","rotation":270}}},{"from":[7.5,9.76797,3.49862],"to":[8.5,10.76797,4.49862],"rotation":{"origin":[8.0,14.9375,8.0],"axis":"x","angle":-22.5},"faces":{"north":{"uv":[6.75,0.0,7.0,0.25],"texture":"#0"},"east":{"uv":[6.5,5.5,6.75,5.75],"texture":"#0"},"south":{"uv":[6.25,6.5,6.5,6.75],"texture":"#0"},"west":{"uv":[0.0,6.75,0.25,7.0],"texture":"#0"},"up":{"uv":[0.75,7.0,0.5,6.75],"texture":"#0","rotation":90},"down":{"uv":[7.0,0.5,6.75,0.75],"texture":"#0","rotation":270}}},{"from":[7.64,13.52556,6.58806],"to":[8.36,14.57556,7.63806],"rotation":{"origin":[8.0,14.9375,8.0],"axis":"x","angle":-45.0},"faces":{"north":{"uv":[7.75,5.0,7.875,5.25],"texture":"#0"},"east":{"uv":[1.0,6.75,1.25,7.0],"texture":"#0"},"south":{"uv":[5.0,7.75,5.125,8.0],"texture":"#0"},"west":{"uv":[6.75,1.0,7.0,1.25],"texture":"#0"},"up":{"uv":[5.75,7.875,5.5,7.75],"texture":"#0","rotation":90},"down":{"uv":[8.0,5.5,7.75,5.625],"texture":"#0","rotation":270}}},{"from":[7.6715,14.49851,7.561],"to":[8.3285,14.97451,8.037],"rotation":{"origin":[8.0,14.9375,8.0],"axis":"x","angle":-45.0},"faces":{"north":{"uv":[8.25,5.5,8.3125,5.625],"texture":"#0"},"east":{"uv":[2.75,8.25,2.875,8.375],"texture":"#0"},"south":{"uv":[5.25,8.25,5.3125,8.375],"texture":"#0"},"west":{"uv":[3.25,8.25,3.375,8.375],"texture":"#0"},"up":{"uv":[5.875,8.3125,5.75,8.25],"texture":"#0","rotation":90},"down":{"uv":[8.375,8.0,8.25,8.0625],"texture":"#0","rotation":270}}},{"from":[7.675,13.49453,7.79406],"to":[8.325,14.54453,8.24906],"rotation":{"origin":[8.0,14.9375,8.0],"axis":"x","angle":22.5},"faces":{"north":{"uv":[4.25,8.25,4.3125,8.5],"texture":"#0"},"east":{"uv":[6.0,7.75,6.125,8.0],"texture":"#0"},"south":{"uv":[3.75,8.25,3.8125,8.5],"texture":"#0"},"west":{"uv":[0.0,8.0,0.125,8.25],"texture":"#0"},"up":{"uv":[0.125,8.5625,0.0,8.5],"texture":"#0","rotation":90},"down":{"uv":[0.625,8.5,0.5,8.5625],"texture":"#0","rotation":270}}},{"from":[7.675,13.49453,7.75094],"to":[8.325,14.54453,8.20594],"rotation":{"origin":[8.0,14.9375,8.0],"axis":"x","angle":-22.5},"faces":{"north":{"uv":[8.25,5.0,8.3125,5.25],"texture":"#0"},"east":{"uv":[0.5,8.0,0.625,8.25],"texture":"#0"},"south":{"uv":[4.75,8.25,4.8125,8.5],"texture":"#0"},"west":{"uv":[8.0,3.0,8.125,3.25],"texture":"#0"},"up":{"uv":[8.625,2.8125,8.5,2.75],"texture":"#0","rotation":90},"down":{"uv":[8.625,3.25,8.5,3.3125],"texture":"#0","rotation":270}}},{"from":[7.6575,13.21,7.525],"to":[8.3425,14.16,8.475],"rotation":{"origin":[8.0,14.9375,8.0],"axis":"y","angle":0.0},"faces":{"north":{"uv":[8.0,4.0,8.125,4.25],"texture":"#0"},"east":{"uv":[1.5,6.75,1.75,7.0],"texture":"#0"},"south":{"uv":[8.0,3.5,8.125,3.75],"texture":"#0"},"west":{"uv":[2.0,6.75,2.25,7.0],"texture":"#0"},"up":{"uv":[8.25,4.625,8.0,4.5],"texture":"#0","rotation":90},"down":{"uv":[8.25,6.0,8.0,6.125],"texture":"#0","rotation":270}}},{"from":[7.54,5.52556,6.58806],"to":[8.46,6.57556,7.63806],"rotation":{"origin":[8.0,6.9375,8.0],"axis":"x","angle":-45.0},"faces":{"north":{"uv":[7.75,5.0,7.875,5.25],"texture":"#0"},"east":{"uv":[1.0,6.75,1.25,7.0],"texture":"#0"},"south":{"uv":[5.0,7.75,5.125,8.0],"texture":"#0"},"west":{"uv":[6.75,1.0,7.0,1.25],"texture":"#0"},"up":{"uv":[5.75,7.875,5.5,7.75],"texture":"#0","rotation":90},"down":{"uv":[8.0,5.5,7.75,5.625],"texture":"#0","rotation":270}}},{"from":[7.575,5.49453,7.79406],"to":[8.425,6.54453,8.24906],"rotation":{"origin":[8.0,6.9375,8.0],"axis":"x","angle":22.5},"faces":{"north":{"uv":[4.25,8.25,4.3125,8.5],"texture":"#0"},"east":{"uv":[6.0,7.75,6.125,8.0],"texture":"#0"},"south":{"uv":[3.75,8.25,3.8125,8.5],"texture":"#0"},"west":{"uv":[0.0,8.0,0.125,8.25],"texture":"#0"},"up":{"uv":[0.125,8.5625,0.0,8.5],"texture":"#0","rotation":90},"down":{"uv":[0.625,8.5,0.5,8.5625],"texture":"#0","rotation":270}}},{"from":[7.5575,5.21,7.525],"to":[8.4425,6.16,8.475],"rotation":{"origin":[8.0,6.9375,8.0],"axis":"y","angle":0.0},"faces":{"north":{"uv":[8.0,4.0,8.125,4.25],"texture":"#0"},"east":{"uv":[1.5,6.75,1.75,7.0],"texture":"#0"},"south":{"uv":[8.0,3.5,8.125,3.75],"texture":"#0"},"west":{"uv":[2.0,6.75,2.25,7.0],"texture":"#0"},"up":{"uv":[8.25,4.625,8.0,4.5],"texture":"#0","rotation":90},"down":{"uv":[8.25,6.0,8.0,6.125],"texture":"#0","rotation":270}}},{"from":[7.575,5.49453,7.75094],"to":[8.425,6.54453,8.20594],"rotation":{"origin":[8.0,6.9375,8.0],"axis":"x","angle":-22.5},"faces":{"north":{"uv":[8.25,5.0,8.3125,5.25],"texture":"#0"},"east":{"uv":[0.5,8.0,0.625,8.25],"texture":"#0"},"south":{"uv":[4.75,8.25,4.8125,8.5],"texture":"#0"},"west":{"uv":[8.0,3.0,8.125,3.25],"texture":"#0"},"up":{"uv":[8.625,2.8125,8.5,2.75],"texture":"#0","rotation":90},"down":{"uv":[8.625,3.25,8.5,3.3125],"texture":"#0","rotation":270}}},{"from":[7.5715,6.49851,7.561],"to":[8.4285,6.97451,8.037],"rotation":{"origin":[8.0,6.9375,8.0],"axis":"x","angle":-45.0},"faces":{"north":{"uv":[8.25,5.5,8.3125,5.625],"texture":"#0"},"east":{"uv":[2.75,8.25,2.875,8.375],"texture":"#0"},"south":{"uv":[5.25,8.25,5.3125,8.375],"texture":"#0"},"west":{"uv":[3.25,8.25,3.375,8.375],"texture":"#0"},"up":{"uv":[5.875,8.3125,5.75,8.25],"texture":"#0","rotation":90},"down":{"uv":[8.375,8.0,8.25,8.0625],"texture":"#0","rotation":270}}},{"from":[7.54,-4.17556,6.58806],"to":[8.46,-3.12556,7.63806],"rotation":{"origin":[8.0,-4.5375,8.0],"axis":"x","angle":45.0},"faces":{"north":{"uv":[7.75,5.25,7.875,5.0],"texture":"#0"},"east":{"uv":[1.0,7.0,1.25,6.75],"texture":"#0"},"south":{"uv":[5.0,8.0,5.125,7.75],"texture":"#0"},"west":{"uv":[6.75,1.25,7.0,1.0],"texture":"#0"},"up":{"uv":[7.75,5.5,8.0,5.625],"texture":"#0","rotation":270},"down":{"uv":[5.5,7.875,5.75,7.75],"texture":"#0","rotation":90}}},{"from":[7.5575,-3.76,7.525],"to":[8.4425,-2.81,8.475],"rotation":{"origin":[8.0,-4.5375,8.0],"axis":"y","angle":0.0},"faces":{"north":{"uv":[8.0,4.25,8.125,4.0],"texture":"#0"},"east":{"uv":[1.5,7.0,1.75,6.75],"texture":"#0"},"south":{"uv":[8.0,3.75,8.125,3.5],"texture":"#0"},"west":{"uv":[2.0,7.0,2.25,6.75],"texture":"#0"},"up":{"uv":[8.0,6.0,8.25,6.125],"texture":"#0","rotation":270},"down":{"uv":[8.0,4.625,8.25,4.5],"texture":"#0","rotation":90}}},{"from":[7.575,-4.14453,7.79406],"to":[8.425,-3.09453,8.24906],"rotation":{"origin":[8.0,-4.5375,8.0],"axis":"x","angle":-22.5},"faces":{"north":{"uv":[4.25,8.5,4.3125,8.25],"texture":"#0"},"east":{"uv":[6.0,8.0,6.125,7.75],"texture":"#0"},"south":{"uv":[3.75,8.5,3.8125,8.25],"texture":"#0"},"west":{"uv":[0.0,8.25,0.125,8.0],"texture":"#0"},"up":{"uv":[0.5,8.5,0.625,8.5625],"texture":"#0","rotation":270},"down":{"uv":[0.0,8.5625,0.125,8.5],"texture":"#0","rotation":90}}},{"from":[7.5715,-4.57451,7.561],"to":[8.4285,-4.09851,8.037],"rotation":{"origin":[8.0,-4.5375,8.0],"axis":"x","angle":45.0},"faces":{"north":{"uv":[8.25,5.625,8.3125,5.5],"texture":"#0"},"east":{"uv":[2.75,8.375,2.875,8.25],"texture":"#0"},"south":{"uv":[5.25,8.375,5.3125,8.25],"texture":"#0"},"west":{"uv":[3.25,8.375,3.375,8.25],"texture":"#0"},"up":{"uv":[8.25,8.0,8.375,8.0625],"texture":"#0","rotation":270},"down":{"uv":[5.75,8.3125,5.875,8.25],"texture":"#0","rotation":90}}},{"from":[7.575,-4.14453,7.75094],"to":[8.425,-3.09453,8.20594],"rotation":{"origin":[8.0,-4.5375,8.0],"axis":"x","angle":22.5},"faces":{"north":{"uv":[8.25,5.25,8.3125,5.0],"texture":"#0"},"east":{"uv":[0.5,8.25,0.625,8.0],"texture":"#0"},"south":{"uv":[4.75,8.5,4.8125,8.25],"texture":"#0"},"west":{"uv":[8.0,3.25,8.125,3.0],"texture":"#0"},"up":{"uv":[8.5,3.25,8.625,3.3125],"texture":"#0","rotation":270},"down":{"uv":[8.5,2.8125,8.625,2.75],"texture":"#0","rotation":90}}},{"from":[8.0,-10.5,5.62],"to":[8.0,-7.25,10.38],"rotation":{"origin":[8.0,2.9375,8.0],"axis":"y","angle":0.0},"faces":{"east":{"uv":[0.0,8.6875,1.1875,9.5],"texture":"#0"},"west":{"uv":[0.0,8.6875,1.1875,9.5],"texture":"#0"}}},{"from":[7.595,11.05725,5.86534],"to":[8.405,11.80725,6.66534],"rotation":{"origin":[8.0,14.9375,8.0],"axis":"x","angle":-45.0},"faces":{"north":{"uv":[7.6875,3.0,7.5,3.1875],"texture":"#0"},"east":{"uv":[2.6875,7.25,2.5,7.4375],"texture":"#0"},"south":{"uv":[7.6875,4.0,7.5,4.1875],"texture":"#0"},"west":{"uv":[7.6875,3.5,7.5,3.6875],"texture":"#0"},"up":{"uv":[6.5,7.6875,6.6875,7.5],"texture":"#0","rotation":90},"down":{"uv":[7.0,7.5,7.1875,7.6875],"texture":"#0","rotation":270}}},{"from":[7.6,10.25,9.0],"to":[8.4,11.25,9.8],"rotation":{"origin":[8.0,14.9375,8.0],"axis":"y","angle":0.0},"faces":{"north":{"uv":[6.9375,4.5,6.75,4.75],"texture":"#0"},"east":{"uv":[2.6875,6.75,2.5,7.0],"texture":"#0"},"south":{"uv":[5.6875,6.75,5.5,7.0],"texture":"#0"},"west":{"uv":[5.1875,6.75,5.0,7.0],"texture":"#0"},"up":{"uv":[7.5,7.6875,7.6875,7.5],"texture":"#0","rotation":90},"down":{"uv":[7.75,0.0,7.9375,0.1875],"texture":"#0","rotation":270}}},{"from":[7.5,10.37334,10.59054],"to":[8.5,11.37334,11.59054],"rotation":{"origin":[8.0,14.9375,8.0],"axis":"x","angle":22.5},"faces":{"north":{"uv":[6.5,4.0,6.25,4.25],"texture":"#0"},"east":{"uv":[6.5,3.5,6.25,3.75],"texture":"#0"},"south":{"uv":[6.5,6.0,6.25,6.25],"texture":"#0"},"west":{"uv":[6.5,4.5,6.25,4.75],"texture":"#0"},"up":{"uv":[3.0,6.75,3.25,6.5],"texture":"#0","rotation":90},"down":{"uv":[6.5,5.0,6.75,5.25],"texture":"#0","rotation":270}}},{"from":[7.4,10.97901,11.87271],"to":[8.6,12.47901,13.37271],"rotation":{"origin":[8.0,14.9375,8.0],"axis":"x","angle":45.0},"faces":{"north":{"uv":[5.8125,0.75,5.5,1.125],"texture":"#0"},"east":{"uv":[2.625,4.5,2.25,4.875],"texture":"#0"},"south":{"uv":[5.8125,1.5,5.5,1.875],"texture":"#0"},"west":{"uv":[5.125,0.0,4.75,0.375],"texture":"#0"},"up":{"uv":[5.5,2.5625,5.875,2.25],"texture":"#0","rotation":90},"down":{"uv":[5.5,3.0,5.875,3.3125],"texture":"#0","rotation":270}}},{"from":[7.8,6.495,3.125],"to":[8.2,11.255,6.375],"rotation":{"origin":[8.0,14.9375,8.0],"axis":"y","angle":0.0},"faces":{"east":{"uv":[3.25,0.0,4.4375,0.8125],"texture":"#0","rotation":270},"west":{"uv":[4.4375,0.0,3.25,0.8125],"texture":"#0","rotation":90}}},{"from":[7.8,8.495,8.475],"to":[8.2,13.255,11.725],"rotation":{"origin":[8.0,16.9375,6.85],"axis":"y","angle":0.0},"faces":{"east":{"uv":[3.25,0.8125,4.4375,0.0],"texture":"#0","rotation":270},"west":{"uv":[4.4375,0.8125,3.25,0.0],"texture":"#0","rotation":90}}},{"from":[7.9,9.045,8.575],"to":[8.1,16.055,16.425],"rotation":{"origin":[8.005,12.55,12.5],"axis":"x","angle":0.0},"faces":{"east":{"uv":[0.0,0.05,16.0,16.0],"texture":"#3"},"west":{"uv":[16.0,0.05,0.0,16.0],"texture":"#3"}}},{"from":[7.95,8.57467,8.87381],"to":[8.05,15.58467,13.97381],"rotation":{"origin":[8.0,12.07967,11.42381],"axis":"x","angle":-22.5},"faces":{"east":{"uv":[0.0,0.0,11.5,16.0],"texture":"#2"},"west":{"uv":[11.5,0.0,0.0,16.0],"texture":"#2"}}}],"textures":{"particle":"c5003305-de43-4f4b-aacb-d031c8a3aa3e","0":"c5003305-de43-4f4b-aacb-d031c8a3aa3e","1":"c97edb53-6b3c-4a70-bf7b-6eebbd4d47be","2":"ba1487c8-1e31-4e85-94b9-42be59cb7c9b","3":"060a60f4-7328-4209-8836-2bc3b7f5d7ea"},"gui_light":"front"}