{"display":{"thirdperson_righthand":{"translation":[0.0,0.5,1.75],"scale":[0.8,0.8,0.8]},"thirdperson_lefthand":{"rotation":[67.25,0.0,0.0],"translation":[-5.5,-10.25,10.0],"scale":[1.65,1.65,1.65]},"firstperson_righthand":{"translation":[1.25,0.5,0.0],"scale":[0.63,0.63,0.63]},"firstperson_lefthand":{"translation":[11.25,0.0,0.0],"scale":[0.01,0.01,0.01]},"ground":{"translation":[0.0,2.0,0.0],"scale":[1.22,1.22,1.22]},"gui":{"rotation":[0.0,180.0,0.0],"translation":[0.0,6.25,0.0],"scale":[0.54,0.54,0.54]},"head":{"translation":[0.0,-64.25,12.5],"scale":[3.45,3.45,3.45]},"fixed":{"rotation":[0.0,180.0,0.0],"translation":[0.0,-8.0,-5.5],"scale":[4.0,4.0,4.0]}},"elements":[{"from":[6.05331,-8.57991,7.14875],"to":[10.05331,-4.57991,8.84875],"rotation":{"origin":[8.0,-6.63322,8.0],"axis":"z","angle":45.0},"faces":{"north":{"uv":[6.0,0.0,5.0,1.0],"texture":"#1","rotation":270},"east":{"uv":[5.9375,2.5,5.5,3.5],"texture":"#1"},"south":{"uv":[5.0,1.0,6.0,0.0],"texture":"#1","rotation":180},"west":{"uv":[5.9375,3.75,5.5,4.75],"texture":"#1"},"up":{"uv":[5.5,5.4375,6.5,5.0],"texture":"#1","rotation":180},"down":{"uv":[5.5,5.75,6.5,6.1875],"texture":"#1","rotation":180}}},{"from":[8.78792,-9.27737,7.49875],"to":[10.78792,-7.27737,8.49875],"rotation":{"origin":[8.0,-6.63322,8.0],"axis":"z","angle":45.0},"faces":{"north":{"uv":[6.75,6.0,7.25,5.5],"texture":"#1","rotation":180},"east":{"uv":[8.5,4.75,8.25,5.25],"texture":"#1"},"south":{"uv":[6.75,5.25,7.25,4.75],"texture":"#1","rotation":180},"west":{"uv":[8.75,0.75,8.5,1.25],"texture":"#1"},"up":{"uv":[8.5,1.75,9.0,1.5],"texture":"#1","rotation":180},"down":{"uv":[8.5,2.0,9.0,2.25],"texture":"#1","rotation":180}}},{"from":[5.21208,-9.27737,7.49875],"to":[7.21208,-7.27737,8.49875],"rotation":{"origin":[8.0,-6.63322,8.0],"axis":"z","angle":-45.0},"faces":{"north":{"uv":[7.25,6.0,6.75,5.5],"texture":"#1","rotation":180},"east":{"uv":[8.5,0.75,8.75,1.25],"texture":"#1"},"south":{"uv":[7.25,5.25,6.75,4.75],"texture":"#1","rotation":180},"west":{"uv":[8.25,4.75,8.5,5.25],"texture":"#1"},"up":{"uv":[9.0,1.75,8.5,1.5],"texture":"#1","rotation":180},"down":{"uv":[9.0,2.0,8.5,2.25],"texture":"#1","rotation":180}}},{"from":[4.91919,-6.74686,7.61875],"to":[6.41919,-5.74686,8.37875],"rotation":{"origin":[8.0,-6.63322,8.0],"axis":"z","angle":-45.0},"faces":{"north":{"uv":[7.25,8.75,7.5,9.125],"texture":"#1","rotation":270},"east":{"uv":[5.5,9.6875,5.25,9.5],"texture":"#1","rotation":270},"south":{"uv":[5.5,8.75,5.75,9.125],"texture":"#1","rotation":90},"west":{"uv":[9.75,5.25,9.5,5.4375],"texture":"#1","rotation":270},"up":{"uv":[0.75,9.25,0.9375,9.625],"texture":"#1","rotation":90},"down":{"uv":[1.25,9.25,1.4375,9.625],"texture":"#1","rotation":90}}},{"from":[5.48867,-4.68407,7.62375],"to":[6.48867,-3.18407,8.37375],"rotation":{"origin":[8.0,-6.63322,8.0],"axis":"x","angle":0.0},"faces":{"north":{"uv":[8.75,8.0,9.0,8.375],"texture":"#1","rotation":180},"east":{"uv":[9.25,1.25,9.4375,1.625],"texture":"#1","rotation":180},"south":{"uv":[7.75,8.75,8.0,9.125],"texture":"#1","rotation":180},"west":{"uv":[1.75,9.25,1.9375,9.625],"texture":"#1","rotation":180},"up":{"uv":[9.75,5.75,9.5,5.9375],"texture":"#1"},"down":{"uv":[6.0,9.6875,5.75,9.5],"texture":"#1"}}},{"from":[3.78242,-5.97298,7.61875],"to":[4.49242,-5.26298,8.37875],"rotation":{"origin":[8.0,-6.63322,8.0],"axis":"z","angle":-45.0},"faces":{"north":{"uv":[9.75,0.0,9.9375,0.1875],"texture":"#1","rotation":270},"east":{"uv":[2.4375,9.9375,2.25,9.75],"texture":"#1","rotation":270},"south":{"uv":[8.75,9.5,8.9375,9.6875],"texture":"#1","rotation":90},"west":{"uv":[9.9375,2.5,9.75,2.6875],"texture":"#1","rotation":270},"up":{"uv":[0.0,9.75,0.1875,9.9375],"texture":"#1","rotation":90},"down":{"uv":[9.75,1.25,9.9375,1.4375],"texture":"#1","rotation":90}}},{"from":[9.58081,-6.74686,7.61875],"to":[11.08081,-5.74686,8.37875],"rotation":{"origin":[8.0,-6.63322,8.0],"axis":"z","angle":45.0},"faces":{"north":{"uv":[7.25,9.125,7.5,8.75],"texture":"#1","rotation":270},"east":{"uv":[9.75,5.4375,9.5,5.25],"texture":"#1","rotation":270},"south":{"uv":[5.5,9.125,5.75,8.75],"texture":"#1","rotation":90},"west":{"uv":[5.5,9.5,5.25,9.6875],"texture":"#1","rotation":270},"up":{"uv":[0.75,9.625,0.9375,9.25],"texture":"#1","rotation":90},"down":{"uv":[1.25,9.625,1.4375,9.25],"texture":"#1","rotation":90}}},{"from":[9.51133,-4.68407,7.62375],"to":[10.51133,-3.18407,8.37375],"rotation":{"origin":[8.0,-6.63322,8.0],"axis":"x","angle":0.0},"faces":{"north":{"uv":[9.0,8.0,8.75,8.375],"texture":"#1","rotation":180},"east":{"uv":[1.9375,9.25,1.75,9.625],"texture":"#1","rotation":180},"south":{"uv":[8.0,8.75,7.75,9.125],"texture":"#1","rotation":180},"west":{"uv":[9.4375,1.25,9.25,1.625],"texture":"#1","rotation":180},"up":{"uv":[9.5,5.75,9.75,5.9375],"texture":"#1"},"down":{"uv":[5.75,9.6875,6.0,9.5],"texture":"#1"}}},{"from":[11.50758,-5.97298,7.61875],"to":[12.21758,-5.26298,8.37875],"rotation":{"origin":[8.0,-6.63322,8.0],"axis":"z","angle":45.0},"faces":{"north":{"uv":[9.75,0.1875,9.9375,0.0],"texture":"#1","rotation":270},"east":{"uv":[9.9375,2.6875,9.75,2.5],"texture":"#1","rotation":270},"south":{"uv":[8.75,9.6875,8.9375,9.5],"texture":"#1","rotation":90},"west":{"uv":[2.4375,9.75,2.25,9.9375],"texture":"#1","rotation":270},"up":{"uv":[0.0,9.9375,0.1875,9.75],"texture":"#1","rotation":90},"down":{"uv":[9.75,1.4375,9.9375,1.25],"texture":"#1","rotation":90}}},{"from":[4.56108,-4.07213,6.82375],"to":[6.56108,-2.07213,9.17375],"rotation":{"origin":[8.0,-0.63322,8.0],"axis":"z","angle":45.0},"faces":{"north":{"uv":[6.75,7.0,6.25,6.5],"texture":"#1"},"east":{"uv":[6.75,8.5,6.9375,9.0],"texture":"#1","rotation":180},"south":{"uv":[6.0,7.0,5.5,6.5],"texture":"#1"},"west":{"uv":[8.75,2.5,8.9375,3.0],"texture":"#1","rotation":180},"up":{"uv":[9.25,4.75,8.75,4.9375],"texture":"#1"},"down":{"uv":[9.25,3.4375,8.75,3.25],"texture":"#1"}}},{"from":[-0.63361,-6.49116,10.5998],"to":[6.86639,1.00884,10.6098],"rotation":{"origin":[3.11639,-2.74116,10.6048],"axis":"y","angle":45.0},"faces":{"north":{"uv":[0.0,1.5,13.0,14.5],"texture":"#7"},"south":{"uv":[0.0,14.5,13.0,1.5],"texture":"#7","rotation":180}}},{"from":[9.13361,-6.49116,10.5998],"to":[16.63361,1.00884,10.6098],"rotation":{"origin":[12.88361,-2.74116,10.6048],"axis":"y","angle":-45.0},"faces":{"north":{"uv":[13.0,1.5,0.0,14.5],"texture":"#7"},"south":{"uv":[13.0,14.5,0.0,1.5],"texture":"#7","rotation":180}}},{"from":[9.00806,-12.10376,7.79875],"to":[17.00806,-4.10376,8.19875],"rotation":{"origin":[8.0,-6.63322,8.0],"axis":"z","angle":22.5},"faces":{"north":{"uv":[0.0,0.0,16.0,16.0],"texture":"#3","rotation":270},"south":{"uv":[0.0,16.0,16.0,0.0],"texture":"#3","rotation":270}}},{"from":[-1.00806,-12.10376,7.79875],"to":[6.99194,-4.10376,8.19875],"rotation":{"origin":[8.0,-6.63322,8.0],"axis":"z","angle":-22.5},"faces":{"north":{"uv":[0.0,16.0,16.0,0.0],"texture":"#3","rotation":270},"south":{"uv":[0.0,0.0,16.0,16.0],"texture":"#3","rotation":270}}},{"from":[5.13549,-0.49772,6.99875],"to":[7.63549,2.00228,8.99875],"rotation":{"origin":[8.0,2.36678,8.0],"axis":"z","angle":45.0},"faces":{"north":{"uv":[6.0,1.875,6.625,1.25],"texture":"#1","rotation":180},"east":{"uv":[6.25,3.75,6.875,3.25],"texture":"#1","rotation":270},"south":{"uv":[6.625,1.25,6.0,1.875],"texture":"#1","rotation":90},"west":{"uv":[6.25,4.0,6.875,4.5],"texture":"#1","rotation":270},"up":{"uv":[6.75,2.25,6.25,2.875],"texture":"#1","rotation":90},"down":{"uv":[6.75,0.0,6.25,0.625],"texture":"#1","rotation":90}}},{"from":[6.9,-1.01647,7.12375],"to":[9.1,1.18353,8.87375],"rotation":{"origin":[8.0,2.36678,8.0],"axis":"z","angle":0.0},"faces":{"north":{"uv":[7.5,1.25,7.0,1.75],"texture":"#1"},"east":{"uv":[7.4375,2.0,7.0,2.5],"texture":"#1"},"south":{"uv":[7.5,1.25,7.0,1.75],"texture":"#1"},"west":{"uv":[7.4375,6.25,7.0,6.75],"texture":"#1"},"up":{"uv":[7.0,7.4375,7.5,7.0],"texture":"#1","rotation":180},"down":{"uv":[7.25,2.75,7.75,3.1875],"texture":"#1","rotation":180}}},{"from":[8.5,-12.26739,8.175],"to":[25.5,4.73261,9.325],"rotation":{"origin":[13.0,-4.76739,9.0],"axis":"y","angle":-22.5},"faces":{"north":{"uv":[0.0,16.0,16.0,0.0],"texture":"#4","rotation":90},"south":{"uv":[16.0,16.0,0.0,0.0],"texture":"#4","rotation":270}}},{"from":[-9.5,-12.26739,8.175],"to":[7.5,4.73261,9.325],"rotation":{"origin":[3.0,-4.76739,9.0],"axis":"y","angle":22.5},"faces":{"north":{"uv":[0.0,0.0,16.0,16.0],"texture":"#4","rotation":90},"south":{"uv":[16.0,0.0,0.0,16.0],"texture":"#4","rotation":270}}},{"from":[-0.5,-15.26739,7.3],"to":[16.5,1.73261,8.7],"rotation":{"origin":[8.0,-6.76739,8.0],"axis":"z","angle":0.0},"faces":{"north":{"uv":[0.0,16.0,16.0,0.0],"texture":"#5","rotation":180},"south":{"uv":[16.0,16.0,0.0,0.0],"texture":"#5","rotation":180}}},{"from":[-12.0,-14.51739,8.0],"to":[5.0,2.48261,8.0],"rotation":{"origin":[5.0,-7.51739,8.0],"axis":"y","angle":22.5},"faces":{"north":{"uv":[16.0,16.0,0.0,0.0],"texture":"#6","rotation":180},"south":{"uv":[0.0,16.0,16.0,0.0],"texture":"#6","rotation":180}}},{"from":[11.0,-14.51739,8.0],"to":[28.0,2.48261,8.0],"rotation":{"origin":[11.0,-7.51739,8.0],"axis":"y","angle":-22.5},"faces":{"north":{"uv":[0.0,16.0,16.0,0.0],"texture":"#6","rotation":180},"south":{"uv":[16.0,16.0,0.0,0.0],"texture":"#6","rotation":180}}}],"textures":{"particle":"de9204c9-e38a-462f-a10b-0b80b5c36702","1":"e42c874d-2e05-4d21-aaea-da00092ab316","3":"80f8d2b8-fc89-4827-9537-685493fdba17","4":"e791f541-8b80-4e1b-af4c-c404c8d3a838","5":"7fc7fd78-1697-4b39-aa0f-4c5ef74abce7","6":"40e90b06-bbe7-41a7-a687-65a8aa347d52","7":"cc042d70-0b8e-4cd1-a2b9-5a01e1476387"},"gui_light":"front"}