{"display":{"thirdperson_righthand":{"translation":[0.0,3.0,0.75],"scale":[0.84961,0.84961,0.84961]},"thirdperson_lefthand":{"translation":[0.0,3.0,0.75],"scale":[0.84961,0.84961,0.84961]},"firstperson_righthand":{"rotation":[-12.23,-0.85,3.91],"translation":[6.0,2.0,-6.25],"scale":[0.75195,0.88477,0.88477]},"firstperson_lefthand":{"rotation":[-12.23,-0.85,3.91],"translation":[6.0,2.0,-6.25],"scale":[0.75195,0.88477,0.88477]},"ground":{"rotation":[0.0,0.0,-80.0],"translation":[-0.25,-1.0,-0.25],"scale":[0.68164,0.68164,0.68164]},"gui":{"rotation":[90.0,50.25,-90.0],"translation":[-1.75,-1.5,0.0],"scale":[0.51172,0.51172,0.51172]},"head":{"rotation":[-90.0,57.5,90.0],"translation":[-0.5,17.5,0.0],"scale":[0.89648,0.89648,0.89648]},"fixed":{"rotation":[0.0,90.0,0.0],"translation":[0.0,3.0,-2.0],"scale":[1.87695,1.87695,1.87695]}},"elements":[{"from":[7.4385,13.93014,-3.6976],"to":[8.6865,14.69551,-1.84984],"rotation":{"origin":[8.0,8.0,8.0],"axis":"x","angle":45.0},"faces":{"north":{"uv":[9.0,6.0,9.25,6.25],"texture":"#3"},"east":{"uv":[8.75,3.75,9.25,4.0],"texture":"#3"},"south":{"uv":[9.0,5.75,9.25,6.0],"texture":"#3"},"west":{"uv":[0.0,9.0,0.5,9.25],"texture":"#3"},"up":{"uv":[9.5,0.25,9.0,0.0],"texture":"#3","rotation":90},"down":{"uv":[9.5,0.25,9.0,0.5],"texture":"#3","rotation":270}}},{"from":[7.4375,14.95522,-0.5378],"to":[8.6875,17.95522,1.4622],"rotation":{"origin":[8.0,8.0,8.0],"axis":"x","angle":22.5},"faces":{"north":{"uv":[6.0,6.25,6.375,7.0],"texture":"#3"},"east":{"uv":[3.0,5.25,3.5,6.0],"texture":"#3"},"south":{"uv":[5.5,6.25,5.875,7.0],"texture":"#3"},"west":{"uv":[3.5,5.25,4.0,6.0],"texture":"#3"},"up":{"uv":[8.5,7.375,8.0,7.0],"texture":"#3","rotation":90},"down":{"uv":[8.0,8.0,7.5,8.375],"texture":"#3","rotation":270}}},{"from":[7.4385,14.95522,6.88095],"to":[8.6865,18.95522,8.88095],"rotation":{"origin":[8.0,8.0,8.0],"axis":"x","angle":-22.5},"faces":{"north":{"uv":[7.0,0.0,7.25,1.0],"texture":"#3"},"east":{"uv":[4.0,4.0,4.5,5.0],"texture":"#3"},"south":{"uv":[6.75,5.0,7.0,6.0],"texture":"#3"},"west":{"uv":[4.5,4.0,5.0,5.0],"texture":"#3"},"up":{"uv":[1.0,9.25,0.5,9.0],"texture":"#3","rotation":90},"down":{"uv":[9.5,0.5,9.0,0.75],"texture":"#3","rotation":270}}},{"from":[7.4375,12.12679,2.29062],"to":[8.6875,14.12679,6.29062],"rotation":{"origin":[8.0,8.0,8.0],"axis":"x","angle":22.5},"faces":{"north":{"uv":[8.0,8.0,8.375,8.5],"texture":"#3"},"east":{"uv":[4.0,5.0,5.0,5.5],"texture":"#3"},"south":{"uv":[8.0,7.5,8.375,8.0],"texture":"#3"},"west":{"uv":[5.0,4.0,6.0,4.5],"texture":"#3"},"up":{"uv":[5.0,5.875,4.0,5.5],"texture":"#3","rotation":90},"down":{"uv":[6.0,5.5,5.0,5.875],"texture":"#3","rotation":270}}},{"from":[7.4375,12.12679,9.70938],"to":[8.6875,14.12679,13.70938],"rotation":{"origin":[8.0,8.0,8.0],"axis":"x","angle":-22.5},"faces":{"north":{"uv":[8.25,0.5,8.625,1.0],"texture":"#3"},"east":{"uv":[5.0,4.5,6.0,5.0],"texture":"#3"},"south":{"uv":[8.25,0.0,8.625,0.5],"texture":"#3"},"west":{"uv":[5.0,5.0,6.0,5.5],"texture":"#3"},"up":{"uv":[7.0,0.375,6.0,0.0],"texture":"#3","rotation":90},"down":{"uv":[7.0,0.5,6.0,0.875],"texture":"#3","rotation":270}}},{"from":[7.4385,14.95522,7.11906],"to":[8.6865,18.95522,9.11906],"rotation":{"origin":[8.0,8.0,8.0],"axis":"x","angle":22.5},"faces":{"north":{"uv":[7.0,5.0,7.25,6.0],"texture":"#3"},"east":{"uv":[2.0,5.25,2.5,6.25],"texture":"#3"},"south":{"uv":[7.0,1.0,7.25,2.0],"texture":"#3"},"west":{"uv":[2.5,5.25,3.0,6.25],"texture":"#3"},"up":{"uv":[9.5,1.0,9.0,0.75],"texture":"#3","rotation":90},"down":{"uv":[1.5,9.0,1.0,9.25],"texture":"#3","rotation":270}}},{"from":[7.4375,14.95522,14.5378],"to":[8.6875,17.95522,16.5378],"rotation":{"origin":[8.0,8.0,8.0],"axis":"x","angle":-22.5},"faces":{"north":{"uv":[6.5,1.75,6.875,2.5],"texture":"#3"},"east":{"uv":[6.0,1.0,6.5,1.75],"texture":"#3"},"south":{"uv":[6.5,1.0,6.875,1.75],"texture":"#3"},"west":{"uv":[6.0,1.75,6.5,2.5],"texture":"#3"},"up":{"uv":[8.75,1.375,8.25,1.0],"texture":"#3","rotation":90},"down":{"uv":[8.75,1.5,8.25,1.875],"texture":"#3","rotation":270}}},{"from":[7.4385,13.93014,17.84984],"to":[8.6865,14.69551,19.6976],"rotation":{"origin":[8.0,8.0,8.0],"axis":"x","angle":-45.0},"faces":{"north":{"uv":[9.0,6.25,9.25,6.5],"texture":"#3"},"east":{"uv":[9.0,1.0,9.5,1.25],"texture":"#3"},"south":{"uv":[6.25,9.0,6.5,9.25],"texture":"#3"},"west":{"uv":[9.0,1.25,9.5,1.5],"texture":"#3"},"up":{"uv":[2.0,9.25,1.5,9.0],"texture":"#3","rotation":90},"down":{"uv":[9.5,1.5,9.0,1.75],"texture":"#3","rotation":270}}},{"from":[7.1875,-6.11898,7.25],"to":[8.6875,13.88102,8.75],"rotation":{"origin":[8.0,8.0,8.0],"axis":"y","angle":0.0},"faces":{"north":{"uv":[1.5,4.0,1.875,9.0],"texture":"#3"},"east":{"uv":[0.0,4.0,0.375,9.0],"texture":"#3"},"south":{"uv":[0.5,4.0,0.875,9.0],"texture":"#3"},"west":{"uv":[1.0,4.0,1.375,9.0],"texture":"#3"},"up":{"uv":[9.125,6.875,8.75,6.5],"texture":"#3","rotation":90},"down":{"uv":[8.875,8.75,8.5,9.125],"texture":"#3","rotation":270}}},{"from":[6.9375,11.63102,7.0],"to":[8.9375,16.63102,9.0],"rotation":{"origin":[8.0,8.0,8.0],"axis":"y","angle":0.0},"faces":{"north":{"uv":[3.5,4.0,4.0,5.25],"texture":"#3"},"east":{"uv":[2.0,4.0,2.5,5.25],"texture":"#3"},"south":{"uv":[2.5,4.0,3.0,5.25],"texture":"#3"},"west":{"uv":[3.0,4.0,3.5,5.25],"texture":"#3"},"up":{"uv":[7.5,2.5,7.0,2.0],"texture":"#3","rotation":90},"down":{"uv":[6.0,7.0,5.5,7.5],"texture":"#3","rotation":270}}},{"from":[7.1875,16.20522,6.86906],"to":[8.9375,17.70522,9.36906],"rotation":{"origin":[8.0,8.0,8.0],"axis":"x","angle":22.5},"faces":{"north":{"uv":[8.25,2.5,8.75,2.875],"texture":"#3"},"east":{"uv":[7.25,5.0,7.875,5.375],"texture":"#3"},"south":{"uv":[8.25,2.0,8.75,2.375],"texture":"#3"},"west":{"uv":[7.25,5.5,7.875,5.875],"texture":"#3"},"up":{"uv":[6.625,5.5,6.0,5.0],"texture":"#3","rotation":90},"down":{"uv":[6.625,5.5,6.0,6.0],"texture":"#3","rotation":270}}},{"from":[7.1875,16.20522,6.63094],"to":[8.9375,17.70522,9.13094],"rotation":{"origin":[8.0,8.0,8.0],"axis":"x","angle":-22.5},"faces":{"north":{"uv":[8.25,3.5,8.75,3.875],"texture":"#3"},"east":{"uv":[2.25,7.5,2.875,7.875],"texture":"#3"},"south":{"uv":[8.25,3.0,8.75,3.375],"texture":"#3"},"west":{"uv":[3.0,7.5,3.625,7.875],"texture":"#3"},"up":{"uv":[2.625,6.75,2.0,6.25],"texture":"#3","rotation":90},"down":{"uv":[3.375,6.25,2.75,6.75],"texture":"#3","rotation":270}}},{"from":[7.6875,16.64657,15.99974],"to":[8.4375,17.64657,21.99974],"rotation":{"origin":[8.0,8.0,8.0],"axis":"x","angle":-22.5},"faces":{"north":{"uv":[7.5,9.0,7.75,9.25],"texture":"#3"},"east":{"uv":[6.0,2.5,7.5,2.75],"texture":"#3"},"south":{"uv":[6.5,9.0,6.75,9.25],"texture":"#3"},"west":{"uv":[6.0,2.75,7.5,3.0],"texture":"#3"},"up":{"uv":[4.5,6.25,3.0,6.0],"texture":"#3","rotation":90},"down":{"uv":[7.5,3.0,6.0,3.25],"texture":"#3","rotation":270}}},{"from":[7.6875,18.76973,17.24249],"to":[8.4375,22.26973,18.24249],"rotation":{"origin":[8.0,8.0,8.0],"axis":"z","angle":0.0},"faces":{"north":{"uv":[5.75,7.5,6.0,8.375],"texture":"#3"},"east":{"uv":[7.25,1.0,7.5,1.875],"texture":"#3"},"south":{"uv":[5.25,7.5,5.5,8.375],"texture":"#3"},"west":{"uv":[5.5,7.5,5.75,8.375],"texture":"#3"},"up":{"uv":[9.25,7.75,9.0,7.5],"texture":"#3","rotation":90},"down":{"uv":[8.0,9.0,7.75,9.25],"texture":"#3","rotation":270}}},{"from":[7.6875,17.26388,21.99974],"to":[8.4375,17.64656,22.92362],"rotation":{"origin":[8.0,8.0,8.0],"axis":"x","angle":-22.5},"faces":{"north":{"uv":[9.25,8.25,9.5,8.375],"texture":"#3"},"east":{"uv":[8.0,9.25,8.25,9.375],"texture":"#3"},"south":{"uv":[9.25,8.0,9.5,8.125],"texture":"#3"},"west":{"uv":[8.25,9.25,8.5,9.375],"texture":"#3"},"up":{"uv":[9.25,8.0,9.0,7.75],"texture":"#3","rotation":90},"down":{"uv":[9.25,8.0,9.0,8.25],"texture":"#3","rotation":270}}},{"from":[7.6875,19.85789,6.62719],"to":[8.4375,22.85789,7.62719],"rotation":{"origin":[8.0,8.0,8.0],"axis":"x","angle":45.0},"faces":{"north":{"uv":[5.25,8.5,5.5,9.25],"texture":"#3"},"east":{"uv":[8.25,5.0,8.5,5.75],"texture":"#3"},"south":{"uv":[8.25,5.75,8.5,6.5],"texture":"#3"},"west":{"uv":[8.5,5.0,8.75,5.75],"texture":"#3"},"up":{"uv":[9.25,8.5,9.0,8.25],"texture":"#3","rotation":90},"down":{"uv":[9.25,8.5,9.0,8.75],"texture":"#3","rotation":270}}},{"from":[7.6875,19.85788,7.62719],"to":[8.4375,20.85788,8.62719],"rotation":{"origin":[8.0,8.0,8.0],"axis":"x","angle":45.0},"faces":{"north":{"uv":[0.25,9.25,0.5,9.5],"texture":"#3"},"east":{"uv":[9.0,8.75,9.25,9.0],"texture":"#3"},"south":{"uv":[9.0,9.0,9.25,9.25],"texture":"#3"},"west":{"uv":[0.0,9.25,0.25,9.5],"texture":"#3"},"up":{"uv":[0.75,9.5,0.5,9.25],"texture":"#3","rotation":90},"down":{"uv":[1.0,9.25,0.75,9.5],"texture":"#3","rotation":270}}},{"from":[7.6875,14.14841,16.53539],"to":[8.4375,16.64841,17.53539],"rotation":{"origin":[8.0,8.0,8.0],"axis":"z","angle":0.0},"faces":{"north":{"uv":[8.25,8.5,8.5,9.125],"texture":"#3"},"east":{"uv":[6.75,8.5,7.0,9.125],"texture":"#3"},"south":{"uv":[8.0,8.5,8.25,9.125],"texture":"#3"},"west":{"uv":[8.5,8.0,8.75,8.625],"texture":"#3"},"up":{"uv":[1.25,9.5,1.0,9.25],"texture":"#3","rotation":90},"down":{"uv":[1.5,9.25,1.25,9.5],"texture":"#3","rotation":270}}},{"from":[7.6875,13.82943,13.45665],"to":[8.4375,17.32943,14.45665],"rotation":{"origin":[8.0,8.0,8.0],"axis":"x","angle":22.5},"faces":{"north":{"uv":[6.5,7.5,6.75,8.375],"texture":"#3"},"east":{"uv":[6.0,7.5,6.25,8.375],"texture":"#3"},"south":{"uv":[7.5,6.0,7.75,6.875],"texture":"#3"},"west":{"uv":[6.25,7.5,6.5,8.375],"texture":"#3"},"up":{"uv":[1.75,9.5,1.5,9.25],"texture":"#3","rotation":90},"down":{"uv":[2.0,9.25,1.75,9.5],"texture":"#3","rotation":270}}},{"from":[7.6875,10.85655,10.73435],"to":[8.4375,15.85655,11.73435],"rotation":{"origin":[8.0,8.0,8.0],"axis":"x","angle":45.0},"faces":{"north":{"uv":[4.25,6.25,4.5,7.5],"texture":"#3"},"east":{"uv":[3.5,6.25,3.75,7.5],"texture":"#3"},"south":{"uv":[3.75,6.25,4.0,7.5],"texture":"#3"},"west":{"uv":[4.0,6.25,4.25,7.5],"texture":"#3"},"up":{"uv":[9.5,2.0,9.25,1.75],"texture":"#3","rotation":90},"down":{"uv":[9.5,2.0,9.25,2.25],"texture":"#3","rotation":270}}},{"from":[7.6875,8.08641,11.95336],"to":[8.4375,11.58641,12.95336],"rotation":{"origin":[8.0,8.0,8.0],"axis":"z","angle":0.0},"faces":{"north":{"uv":[7.75,1.0,8.0,1.875],"texture":"#3"},"east":{"uv":[6.75,7.5,7.0,8.375],"texture":"#3"},"south":{"uv":[7.5,7.0,7.75,7.875],"texture":"#3"},"west":{"uv":[7.75,0.0,8.0,0.875],"texture":"#3"},"up":{"uv":[9.5,2.5,9.25,2.25],"texture":"#3","rotation":90},"down":{"uv":[9.5,2.5,9.25,2.75],"texture":"#3","rotation":270}}},{"from":[7.6875,7.03342,13.03852],"to":[8.4375,10.53342,14.03852],"rotation":{"origin":[8.0,8.0,8.0],"axis":"x","angle":-45.0},"faces":{"north":{"uv":[8.0,0.0,8.25,0.875],"texture":"#3"},"east":{"uv":[7.75,2.0,8.0,2.875],"texture":"#3"},"south":{"uv":[7.75,6.0,8.0,6.875],"texture":"#3"},"west":{"uv":[7.75,7.0,8.0,7.875],"texture":"#3"},"up":{"uv":[9.5,3.0,9.25,2.75],"texture":"#3","rotation":90},"down":{"uv":[9.5,3.0,9.25,3.25],"texture":"#3","rotation":270}}},{"from":[7.6875,16.64657,-5.99974],"to":[8.4375,17.64657,2.6E-4],"rotation":{"origin":[8.0,8.0,8.0],"axis":"x","angle":22.5},"faces":{"north":{"uv":[9.25,3.5,9.5,3.75],"texture":"#3"},"east":{"uv":[6.0,3.25,7.5,3.5],"texture":"#3"},"south":{"uv":[9.25,3.25,9.5,3.5],"texture":"#3"},"west":{"uv":[6.0,3.5,7.5,3.75],"texture":"#3"},"up":{"uv":[7.5,4.0,6.0,3.75],"texture":"#3","rotation":90},"down":{"uv":[7.5,4.0,6.0,4.25],"texture":"#3","rotation":270}}},{"from":[7.6875,18.76973,-2.24249],"to":[8.4375,22.26973,-1.24249],"rotation":{"origin":[8.0,8.0,8.0],"axis":"z","angle":0.0},"faces":{"north":{"uv":[2.5,8.0,2.75,8.875],"texture":"#3"},"east":{"uv":[8.0,1.0,8.25,1.875],"texture":"#3"},"south":{"uv":[8.0,2.0,8.25,2.875],"texture":"#3"},"west":{"uv":[2.25,8.0,2.5,8.875],"texture":"#3"},"up":{"uv":[9.5,4.0,9.25,3.75],"texture":"#3","rotation":90},"down":{"uv":[4.5,9.25,4.25,9.5],"texture":"#3","rotation":270}}},{"from":[7.6875,19.85789,8.37281],"to":[8.4375,22.85789,9.37281],"rotation":{"origin":[8.0,8.0,8.0],"axis":"x","angle":-45.0},"faces":{"north":{"uv":[6.0,8.5,6.25,9.25],"texture":"#3"},"east":{"uv":[5.5,8.5,5.75,9.25],"texture":"#3"},"south":{"uv":[5.75,8.5,6.0,9.25],"texture":"#3"},"west":{"uv":[8.5,5.75,8.75,6.5],"texture":"#3"},"up":{"uv":[4.75,9.5,4.5,9.25],"texture":"#3","rotation":90},"down":{"uv":[9.5,4.75,9.25,5.0],"texture":"#3","rotation":270}}},{"from":[7.6875,19.85788,7.37281],"to":[8.4375,20.85788,8.37281],"rotation":{"origin":[8.0,8.0,8.0],"axis":"x","angle":-45.0},"faces":{"north":{"uv":[5.5,9.25,5.75,9.5],"texture":"#3"},"east":{"uv":[9.25,5.0,9.5,5.25],"texture":"#3"},"south":{"uv":[5.25,9.25,5.5,9.5],"texture":"#3"},"west":{"uv":[9.25,5.25,9.5,5.5],"texture":"#3"},"up":{"uv":[9.5,5.75,9.25,5.5],"texture":"#3","rotation":90},"down":{"uv":[6.0,9.25,5.75,9.5],"texture":"#3","rotation":270}}},{"from":[7.6875,14.14841,-1.53539],"to":[8.4375,16.64841,-0.53539],"rotation":{"origin":[8.0,8.0,8.0],"axis":"z","angle":0.0},"faces":{"north":{"uv":[8.75,2.25,9.0,2.875],"texture":"#3"},"east":{"uv":[8.75,0.0,9.0,0.625],"texture":"#3"},"south":{"uv":[8.75,0.75,9.0,1.375],"texture":"#3"},"west":{"uv":[8.75,1.5,9.0,2.125],"texture":"#3"},"up":{"uv":[9.5,6.0,9.25,5.75],"texture":"#3","rotation":90},"down":{"uv":[6.25,9.25,6.0,9.5],"texture":"#3","rotation":270}}},{"from":[7.6875,13.82943,1.54335],"to":[8.4375,17.32943,2.54335],"rotation":{"origin":[8.0,8.0,8.0],"axis":"x","angle":-22.5},"faces":{"north":{"uv":[3.5,8.0,3.75,8.875],"texture":"#3"},"east":{"uv":[2.75,8.0,3.0,8.875],"texture":"#3"},"south":{"uv":[3.0,8.0,3.25,8.875],"texture":"#3"},"west":{"uv":[3.25,8.0,3.5,8.875],"texture":"#3"},"up":{"uv":[9.5,6.25,9.25,6.0],"texture":"#3","rotation":90},"down":{"uv":[6.5,9.25,6.25,9.5],"texture":"#3","rotation":270}}},{"from":[7.6875,10.85655,4.26565],"to":[8.4375,15.85655,5.26565],"rotation":{"origin":[8.0,8.0,8.0],"axis":"x","angle":-45.0},"faces":{"north":{"uv":[5.25,6.25,5.5,7.5],"texture":"#3"},"east":{"uv":[4.5,6.25,4.75,7.5],"texture":"#3"},"south":{"uv":[4.75,6.25,5.0,7.5],"texture":"#3"},"west":{"uv":[5.0,6.25,5.25,7.5],"texture":"#3"},"up":{"uv":[9.5,6.5,9.25,6.25],"texture":"#3","rotation":90},"down":{"uv":[6.75,9.25,6.5,9.5],"texture":"#3","rotation":270}}},{"from":[7.6875,8.08641,3.04664],"to":[8.4375,11.58641,4.04664],"rotation":{"origin":[8.0,8.0,8.0],"axis":"z","angle":0.0},"faces":{"north":{"uv":[4.5,8.0,4.75,8.875],"texture":"#3"},"east":{"uv":[3.75,8.0,4.0,8.875],"texture":"#3"},"south":{"uv":[4.0,8.0,4.25,8.875],"texture":"#3"},"west":{"uv":[4.25,8.0,4.5,8.875],"texture":"#3"},"up":{"uv":[9.5,6.75,9.25,6.5],"texture":"#3","rotation":90},"down":{"uv":[7.0,9.25,6.75,9.5],"texture":"#3","rotation":270}}},{"from":[7.6875,7.03342,1.96148],"to":[8.4375,10.53342,2.96148],"rotation":{"origin":[8.0,8.0,8.0],"axis":"x","angle":45.0},"faces":{"north":{"uv":[8.0,6.0,8.25,6.875],"texture":"#3"},"east":{"uv":[4.75,8.0,5.0,8.875],"texture":"#3"},"south":{"uv":[5.0,8.0,5.25,8.875],"texture":"#3"},"west":{"uv":[8.0,5.0,8.25,5.875],"texture":"#3"},"up":{"uv":[9.5,7.0,9.25,6.75],"texture":"#3","rotation":90},"down":{"uv":[7.25,9.25,7.0,9.5],"texture":"#3","rotation":270}}},{"from":[7.6875,17.26388,-6.92362],"to":[8.4375,17.64656,-5.99974],"rotation":{"origin":[8.0,8.0,8.0],"axis":"x","angle":22.5},"faces":{"north":{"uv":[9.25,8.75,9.5,8.875],"texture":"#3"},"east":{"uv":[8.5,9.25,8.75,9.375],"texture":"#3"},"south":{"uv":[9.25,8.5,9.5,8.625],"texture":"#3"},"west":{"uv":[8.75,9.25,9.0,9.375],"texture":"#3"},"up":{"uv":[9.5,7.25,9.25,7.0],"texture":"#3","rotation":90},"down":{"uv":[7.5,9.25,7.25,9.5],"texture":"#3","rotation":270}}},{"from":[6.9375,-3.09023,-3.09023],"to":[8.9375,-1.09023,-1.09023],"rotation":{"origin":[8.0,8.0,8.0],"axis":"x","angle":-45.0},"faces":{"north":{"uv":[7.0,6.75,7.5,7.25],"texture":"#3"},"east":{"uv":[6.0,7.0,6.5,7.5],"texture":"#3"},"south":{"uv":[7.0,6.25,7.5,6.75],"texture":"#3"},"west":{"uv":[6.5,7.0,7.0,7.5],"texture":"#3"},"up":{"uv":[7.75,0.5,7.25,0.0],"texture":"#3","rotation":90},"down":{"uv":[7.75,0.5,7.25,1.0],"texture":"#3","rotation":270}}},{"from":[7.1875,16.19007,12.51376],"to":[8.9375,17.44007,13.51376],"rotation":{"origin":[8.0,8.0,8.0],"axis":"x","angle":-22.5},"faces":{"north":{"uv":[6.25,8.5,6.75,8.875],"texture":"#3"},"east":{"uv":[9.0,3.25,9.25,3.625],"texture":"#3"},"south":{"uv":[8.25,6.5,8.75,6.875],"texture":"#3"},"west":{"uv":[3.5,9.0,3.75,9.375],"texture":"#3"},"up":{"uv":[9.25,2.25,9.0,1.75],"texture":"#3","rotation":90},"down":{"uv":[2.5,9.0,2.25,9.5],"texture":"#3","rotation":270}}},{"from":[7.1875,14.61147,15.78273],"to":[8.9375,14.99415,16.70661],"rotation":{"origin":[8.0,8.0,8.0],"axis":"x","angle":-45.0},"faces":{"north":{"uv":[7.5,9.25,8.0,9.375],"texture":"#3"},"east":{"uv":[9.0,9.25,9.25,9.375],"texture":"#3"},"south":{"uv":[9.25,7.25,9.75,7.375],"texture":"#3"},"west":{"uv":[9.25,9.0,9.5,9.125],"texture":"#3"},"up":{"uv":[9.25,2.75,9.0,2.25],"texture":"#3","rotation":90},"down":{"uv":[2.75,9.0,2.5,9.5],"texture":"#3","rotation":270}}},{"from":[6.9375,16.19007,5.10757],"to":[9.1875,17.69007,6.10757],"rotation":{"origin":[8.0,8.0,8.0],"axis":"x","angle":22.5},"faces":{"north":{"uv":[7.5,3.5,8.125,3.875],"texture":"#3"},"east":{"uv":[3.75,9.0,4.0,9.375],"texture":"#3"},"south":{"uv":[7.5,3.0,8.125,3.375],"texture":"#3"},"west":{"uv":[4.0,9.0,4.25,9.375],"texture":"#3"},"up":{"uv":[9.0,3.625,8.75,3.0],"texture":"#3","rotation":90},"down":{"uv":[9.0,5.0,8.75,5.625],"texture":"#3","rotation":270}}},{"from":[6.6875,15.1294,10.9531],"to":[9.4375,16.1294,12.4531],"rotation":{"origin":[8.0,8.0,8.0],"axis":"x","angle":-22.5},"faces":{"north":{"uv":[8.25,4.0,9.0,4.25],"texture":"#3"},"east":{"uv":[9.0,4.0,9.375,4.25],"texture":"#3"},"south":{"uv":[7.5,4.0,8.25,4.25],"texture":"#3"},"west":{"uv":[4.25,9.0,4.625,9.25],"texture":"#3"},"up":{"uv":[6.875,7.0,6.5,6.25],"texture":"#3","rotation":90},"down":{"uv":[2.375,6.75,2.0,7.5],"texture":"#3","rotation":270}}},{"from":[6.6875,15.12941,3.5469],"to":[9.4375,16.12941,5.0469],"rotation":{"origin":[8.0,8.0,8.0],"axis":"x","angle":22.5},"faces":{"north":{"uv":[8.5,7.25,9.25,7.5],"texture":"#3"},"east":{"uv":[9.0,4.25,9.375,4.5],"texture":"#3"},"south":{"uv":[8.5,7.0,9.25,7.25],"texture":"#3"},"west":{"uv":[9.0,4.5,9.375,4.75],"texture":"#3"},"up":{"uv":[2.875,7.5,2.5,6.75],"texture":"#3","rotation":90},"down":{"uv":[3.375,6.75,3.0,7.5],"texture":"#3","rotation":270}}},{"from":[6.9375,16.19007,9.89243],"to":[9.1875,17.69007,10.89243],"rotation":{"origin":[8.0,8.0,8.0],"axis":"x","angle":-22.5},"faces":{"north":{"uv":[4.5,7.5,5.125,7.875],"texture":"#3"},"east":{"uv":[4.75,9.0,5.0,9.375],"texture":"#3"},"south":{"uv":[3.75,7.5,4.375,7.875],"texture":"#3"},"west":{"uv":[9.0,4.75,9.25,5.125],"texture":"#3"},"up":{"uv":[9.0,6.375,8.75,5.75],"texture":"#3","rotation":90},"down":{"uv":[9.0,8.0,8.75,8.625],"texture":"#3","rotation":270}}},{"from":[7.1875,16.19007,2.48624],"to":[8.9375,17.44007,3.48624],"rotation":{"origin":[8.0,8.0,8.0],"axis":"x","angle":22.5},"faces":{"north":{"uv":[8.5,7.5,9.0,7.875],"texture":"#3"},"east":{"uv":[5.0,9.0,5.25,9.375],"texture":"#3"},"south":{"uv":[7.5,8.5,8.0,8.875],"texture":"#3"},"west":{"uv":[9.0,5.25,9.25,5.625],"texture":"#3"},"up":{"uv":[3.0,9.5,2.75,9.0],"texture":"#3","rotation":90},"down":{"uv":[9.25,2.75,9.0,3.25],"texture":"#3","rotation":270}}},{"from":[7.1875,14.61147,-0.70661],"to":[8.9375,14.99415,0.21727],"rotation":{"origin":[8.0,8.0,8.0],"axis":"x","angle":45.0},"faces":{"north":{"uv":[9.25,7.75,9.75,7.875],"texture":"#3"},"east":{"uv":[9.25,9.25,9.5,9.375],"texture":"#3"},"south":{"uv":[9.25,7.5,9.75,7.625],"texture":"#3"},"west":{"uv":[0.0,9.5,0.25,9.625],"texture":"#3"},"up":{"uv":[3.25,9.5,3.0,9.0],"texture":"#3","rotation":90},"down":{"uv":[3.5,9.0,3.25,9.5],"texture":"#3","rotation":270}}},{"from":[7.7125,5.03342,-8.03852],"to":[8.4125,13.03342,3.96148],"rotation":{"origin":[8.0,8.0,8.0],"axis":"x","angle":45.0},"faces":{"north":{"uv":[7.25,7.25,7.375,9.25],"texture":"#3"},"east":{"uv":[0.0,0.0,3.0,2.0],"texture":"#3"},"south":{"uv":[7.0,7.25,7.125,9.25],"texture":"#3"},"west":{"uv":[0.0,2.0,3.0,4.0],"texture":"#3"},"up":{"uv":[9.0,4.375,6.0,4.25],"texture":"#3","rotation":90},"down":{"uv":[7.5,6.0,4.5,6.125],"texture":"#3","rotation":270}}},{"from":[7.7125,5.03342,12.03852],"to":[8.4125,13.03342,24.03852],"rotation":{"origin":[8.0,8.0,8.0],"axis":"x","angle":-45.0},"faces":{"north":{"uv":[2.0,7.5,2.125,9.5],"texture":"#3"},"east":{"uv":[3.0,0.0,6.0,2.0],"texture":"#3"},"south":{"uv":[7.5,1.0,7.625,3.0],"texture":"#3"},"west":{"uv":[3.0,2.0,6.0,4.0],"texture":"#3"},"up":{"uv":[9.0,4.625,6.0,4.5],"texture":"#3","rotation":90},"down":{"uv":[9.0,4.75,6.0,4.875],"texture":"#3","rotation":270}}}],"textures":{"particle":"665fe379-4935-4dfc-897e-6e9bf7ad10cf","3":"665fe379-4935-4dfc-897e-6e9bf7ad10cf"},"gui_light":"front"}