{"display":{"thirdperson_righthand":{"translation":[0.0,2.75,1.25],"scale":[0.48,0.48,0.48]},"thirdperson_lefthand":{"translation":[0.0,2.75,1.25],"scale":[0.48,0.48,0.48]},"firstperson_righthand":{"translation":[17.0,-5.0,-13.5]},"firstperson_lefthand":{"translation":[17.0,-5.0,-13.5]},"ground":{"rotation":[0.0,0.0,147.0],"translation":[0.5,0.5,0.0],"scale":[0.63,0.63,0.63]},"gui":{"rotation":[-90.0,45.0,90.0],"translation":[-0.25,0.25,0.0],"scale":[1.06,1.06,1.06]},"head":{"scale":[0.01,0.01,0.01]},"fixed":{"rotation":[-90.0,-90.0,90.0],"translation":[0.0,-1.75,0.0],"scale":[1.43,1.43,1.43]}},"elements":[{"from":[7.15,1.58307,4.8716],"to":[8.85,5.58307,8.8716],"rotation":{"origin":[8.0,2.24216,7.48696],"axis":"x","angle":45.0},"faces":{"north":{"uv":[5.5,4.75,5.9375,3.75],"texture":"#1"},"east":{"uv":[5.0,1.0,6.0,0.0],"texture":"#1"},"south":{"uv":[5.5,3.5,5.9375,2.5],"texture":"#1"},"west":{"uv":[6.0,0.0,5.0,1.0],"texture":"#1","rotation":90},"up":{"uv":[5.5,5.75,6.5,6.1875],"texture":"#1","rotation":270},"down":{"uv":[5.5,5.4375,6.5,5.0],"texture":"#1","rotation":90}}},{"from":[7.625,9.86352,5.72392],"to":[8.375,10.86352,8.22392],"rotation":{"origin":[8.0,2.24216,7.48696],"axis":"x","angle":0.0},"faces":{"north":{"uv":[8.1875,10.3125,8.25,10.4375],"texture":"#1"},"east":{"uv":[8.4375,10.4375,8.1875,9.8125],"texture":"#1","rotation":90},"south":{"uv":[4.75,9.6875,5.0,9.5],"texture":"#1","rotation":90},"west":{"uv":[8.4375,9.8125,8.1875,10.4375],"texture":"#1","rotation":90},"up":{"uv":[8.1875,10.4375,8.25,9.8125],"texture":"#1"},"down":{"uv":[8.1875,9.8125,8.25,10.4375],"texture":"#1"}}},{"from":[7.625,8.61352,6.47392],"to":[8.375,9.61352,8.97392],"rotation":{"origin":[8.0,2.24216,7.48696],"axis":"x","angle":0.0},"faces":{"north":{"uv":[8.1875,10.3125,8.25,10.4375],"texture":"#1"},"east":{"uv":[8.4375,10.4375,8.1875,9.8125],"texture":"#1","rotation":90},"west":{"uv":[8.4375,9.8125,8.1875,10.4375],"texture":"#1","rotation":90},"up":{"uv":[8.1875,10.4375,8.25,9.8125],"texture":"#1"},"down":{"uv":[8.1875,9.8125,8.25,10.4375],"texture":"#1"}}},{"from":[7.45,7.777,7.45],"to":[8.55,11.777,8.55],"rotation":{"origin":[8.0,2.24216,7.48696],"axis":"y","angle":0.0},"faces":{"north":{"uv":[7.0,1.0,7.25,0.0],"texture":"#1"},"east":{"uv":[7.0,1.0,7.25,0.0],"texture":"#1"},"south":{"uv":[7.0,1.0,7.25,0.0],"texture":"#1"},"west":{"uv":[7.0,1.0,7.25,0.0],"texture":"#1"},"up":{"uv":[3.0,9.25,3.25,9.5],"texture":"#1","rotation":270},"down":{"uv":[9.25,2.75,9.5,2.5],"texture":"#1","rotation":90}}},{"from":[7.2,6.777,7.2],"to":[8.8,7.777,8.8],"rotation":{"origin":[8.0,2.24216,7.48696],"axis":"y","angle":0.0},"faces":{"north":{"uv":[4.75,9.25,5.125,9.0],"texture":"#1"},"east":{"uv":[4.75,9.25,5.125,9.0],"texture":"#1"},"south":{"uv":[4.75,9.25,5.125,9.0],"texture":"#1"},"west":{"uv":[4.75,9.25,5.125,9.0],"texture":"#1"},"up":{"uv":[7.75,1.75,8.125,2.125],"texture":"#1","rotation":270},"down":{"uv":[7.75,1.375,8.125,1.0],"texture":"#1","rotation":90}}},{"from":[7.0,3.27534,9.24569],"to":[9.0,5.77534,11.74569],"rotation":{"origin":[8.0,2.24216,7.48696],"axis":"x","angle":-45.0},"faces":{"north":{"uv":[6.25,2.875,6.75,2.25],"texture":"#1"},"east":{"uv":[6.0,1.875,6.625,1.25],"texture":"#1"},"south":{"uv":[6.25,0.625,6.75,0.0],"texture":"#1"},"west":{"uv":[6.625,1.25,6.0,1.875],"texture":"#1","rotation":270},"up":{"uv":[6.25,4.0,6.875,4.5],"texture":"#1","rotation":270},"down":{"uv":[6.25,3.75,6.875,3.25],"texture":"#1","rotation":90}}},{"from":[7.125,4.8841,6.9],"to":[8.875,7.0841,9.1],"rotation":{"origin":[8.0,2.24216,7.48696],"axis":"y","angle":0.0},"faces":{"north":{"uv":[7.0,6.75,7.4375,6.25],"texture":"#1"},"east":{"uv":[7.0,1.75,7.5,1.25],"texture":"#1"},"south":{"uv":[7.0,2.5,7.4375,2.0],"texture":"#1"},"west":{"uv":[7.0,1.75,7.5,1.25],"texture":"#1"},"up":{"uv":[7.25,2.75,7.75,3.1875],"texture":"#1","rotation":270},"down":{"uv":[7.0,7.4375,7.5,7.0],"texture":"#1","rotation":90}}},{"from":[7.275,7.69726,13.66761],"to":[8.725,9.44726,15.41761],"rotation":{"origin":[8.0,2.24216,7.48696],"axis":"x","angle":-45.0},"faces":{"north":{"uv":[7.5,8.4375,7.8125,8.0],"texture":"#1"},"east":{"uv":[7.25,3.9375,7.6875,3.5],"texture":"#1"},"south":{"uv":[5.5,8.4375,5.8125,8.0],"texture":"#1"},"west":{"uv":[5.5,7.6875,5.9375,7.25],"texture":"#1"},"up":{"uv":[4.75,8.25,5.1875,8.5625],"texture":"#1","rotation":270},"down":{"uv":[8.25,4.3125,8.6875,4.0],"texture":"#1","rotation":90}}},{"from":[7.4,10.9341,7.25],"to":[8.6,12.4341,8.75],"rotation":{"origin":[8.0,2.24216,7.48696],"axis":"y","angle":0.0},"faces":{"north":{"uv":[9.0,6.375,9.25,6.0],"texture":"#1"},"east":{"uv":[7.75,6.125,8.125,5.75],"texture":"#1"},"south":{"uv":[9.0,5.625,9.25,5.25],"texture":"#1"},"west":{"uv":[7.75,6.125,8.125,5.75],"texture":"#1"},"up":{"uv":[0.0,9.25,0.375,9.5],"texture":"#1","rotation":270},"down":{"uv":[9.0,7.0,9.375,6.75],"texture":"#1","rotation":90}}}],"textures":{"particle":"3ceb121d-581e-43d7-bb79-7e83bf499001","1":"242663a3-1446-4dda-b853-800503fc87c2"},"gui_light":"front"}