{"display":{"thirdperson_righthand":{"translation":[0.0,3.75,1.0],"scale":[0.7,0.7,0.7]},"thirdperson_lefthand":{"translation":[0.0,3.75,1.0],"scale":[0.7,0.7,0.7]},"firstperson_righthand":{"rotation":[-11.5,16.0,0.0],"translation":[0.0,6.75,1.25],"scale":[0.5,0.5,0.5]},"firstperson_lefthand":{"rotation":[-11.5,16.0,0.0],"translation":[0.0,6.75,1.25],"scale":[0.5,0.5,0.5]},"ground":{"rotation":[-90.0,145.0,90.0],"scale":[0.5,0.5,0.5]},"gui":{"rotation":[-90.0,-128.25,-90.0],"translation":[-2.75,1.75,-3.0],"scale":[0.7,0.7,0.7]},"head":{"rotation":[-90.0,145.0,90.0],"translation":[6.0,0.0,-3.0]},"fixed":{"rotation":[-90.0,145.0,90.0],"translation":[4.75,0.0,-3.0]}},"elements":[{"from":[7.0,-4.91629,16.51063],"to":[9.0,-1.91629,19.51063],"rotation":{"origin":[8.0,7.53953,6.20638],"axis":"x","angle":45.0},"faces":{"north":{"uv":[8.0,7.5,10.0,8.5],"texture":"#0","rotation":270},"east":{"uv":[6.0,8.5,8.0,10.5],"texture":"#0","rotation":90},"south":{"uv":[8.0,6.5,10.0,7.5],"texture":"#0","rotation":270},"west":{"uv":[6.0,6.5,8.0,8.5],"texture":"#0","rotation":90},"up":{"uv":[6.0,10.5,8.0,11.5],"texture":"#0","rotation":90},"down":{"uv":[6.0,11.5,8.0,12.5],"texture":"#0","rotation":270}}},{"from":[7.0,-7.80427,5.8063],"to":[9.0,12.19573,7.8063],"rotation":{"origin":[8.0,7.53953,6.20638],"axis":"y","angle":0.0},"faces":{"north":{"uv":[4.5,0.0,6.0,14.0],"texture":"#0"},"east":{"uv":[3.0,0.0,4.5,14.0],"texture":"#0"},"south":{"uv":[1.5,0.0,3.0,14.0],"texture":"#0"},"west":{"uv":[0.0,0.0,1.5,14.0],"texture":"#0"},"up":{"uv":[1.5,15.5,0.0,14.0],"texture":"#0","rotation":270},"down":{"uv":[3.0,15.5,1.5,14.0],"texture":"#0","rotation":90}}},{"from":[6.5,-8.30427,5.3063],"to":[9.5,-5.30427,8.3063],"rotation":{"origin":[8.0,7.53953,6.20638],"axis":"y","angle":0.0},"faces":{"north":{"uv":[13.5,0.0,15.0,1.5],"texture":"#0"},"east":{"uv":[12.0,0.0,13.5,1.5],"texture":"#0"},"south":{"uv":[12.0,1.5,13.5,3.0],"texture":"#0"},"west":{"uv":[13.5,1.5,15.0,3.0],"texture":"#0"},"up":{"uv":[13.5,3.0,15.0,4.5],"texture":"#0","rotation":270},"down":{"uv":[12.0,3.0,13.5,4.5],"texture":"#0","rotation":90}}},{"from":[6.8,-1.00427,5.6063],"to":[9.2,7.39573,8.0063],"rotation":{"origin":[8.0,7.53953,6.20638],"axis":"y","angle":0.0},"faces":{"north":{"uv":[10.5,0.0,12.0,5.0],"texture":"#0"},"east":{"uv":[9.0,0.0,10.5,5.0],"texture":"#0"},"south":{"uv":[7.5,0.0,9.0,5.0],"texture":"#0"},"west":{"uv":[6.0,0.0,7.5,5.0],"texture":"#0"},"up":{"uv":[7.5,6.5,6.0,5.0],"texture":"#0","rotation":270},"down":{"uv":[9.0,6.5,7.5,5.0],"texture":"#0","rotation":90}}},{"from":[8.0,1.19573,3.3063],"to":[8.0,6.19573,4.3063],"rotation":{"origin":[8.0,7.53953,6.20638],"axis":"y","angle":0.0},"faces":{"north":{"uv":[0.0,0.0,0.0,0.0],"texture":"#0"},"east":{"uv":[0.0,16.0,4.0,15.5],"texture":"#0","rotation":90},"south":{"uv":[0.0,0.0,0.0,0.0],"texture":"#0"},"west":{"uv":[0.0,16.0,4.0,15.5],"texture":"#0","rotation":90},"up":{"uv":[0.0,0.0,0.0,0.0],"texture":"#0"},"down":{"uv":[0.0,0.0,0.0,0.0],"texture":"#0"}}},{"from":[8.0,-3.21156,1.09939],"to":[8.0,2.78844,2.09939],"rotation":{"origin":[8.0,7.53953,6.20638],"axis":"x","angle":-22.5},"faces":{"north":{"uv":[0.0,0.0,0.0,0.0],"texture":"#0"},"east":{"uv":[9.0,16.0,6.0,15.5],"texture":"#0","rotation":90},"south":{"uv":[0.0,0.0,0.0,0.0],"texture":"#0"},"west":{"uv":[9.0,16.0,6.0,15.5],"texture":"#0","rotation":90},"up":{"uv":[0.0,0.0,0.0,0.0],"texture":"#0"},"down":{"uv":[0.0,0.0,0.0,0.0],"texture":"#0"}}},{"from":[8.0,4.53865,5.10593],"to":[8.0,8.53865,6.10593],"rotation":{"origin":[8.0,7.53953,6.20638],"axis":"x","angle":45.0},"faces":{"north":{"uv":[0.0,0.0,0.0,0.0],"texture":"#0"},"east":{"uv":[4.0,16.0,6.0,15.5],"texture":"#0","rotation":90},"south":{"uv":[0.0,0.0,0.0,0.0],"texture":"#0"},"west":{"uv":[4.0,16.0,6.0,15.5],"texture":"#0","rotation":90},"up":{"uv":[0.0,0.0,0.0,0.0],"texture":"#0"},"down":{"uv":[0.0,0.0,0.0,0.0],"texture":"#0"}}},{"from":[6.8,9.99573,5.6063],"to":[9.2,14.39573,8.0063],"rotation":{"origin":[8.0,7.53953,6.20638],"axis":"y","angle":0.0},"faces":{"north":{"uv":[7.5,12.5,9.0,15.0],"texture":"#0"},"east":{"uv":[6.0,12.5,7.5,15.0],"texture":"#0"},"south":{"uv":[10.5,12.5,12.0,15.0],"texture":"#0"},"west":{"uv":[9.0,12.5,10.5,15.0],"texture":"#0"},"up":{"uv":[10.5,12.5,9.0,11.0],"texture":"#0","rotation":270},"down":{"uv":[12.0,12.5,10.5,11.0],"texture":"#0","rotation":90}}},{"from":[7.5,10.19573,1.8063],"to":[8.5,14.19573,5.8063],"rotation":{"origin":[8.0,7.53953,6.20638],"axis":"y","angle":0.0},"faces":{"north":{"uv":[9.0,8.5,9.5,10.5],"texture":"#0"},"east":{"uv":[10.5,8.5,8.5,10.5],"texture":"#0"},"south":{"uv":[0.0,0.0,0.0,0.0],"texture":"#0"},"west":{"uv":[8.5,8.5,10.5,10.5],"texture":"#0"},"up":{"uv":[10.5,10.5,8.5,10.0],"texture":"#0","rotation":270},"down":{"uv":[10.5,9.0,8.5,8.5],"texture":"#0","rotation":90}}},{"from":[7.5,9.69003,9.10643],"to":[8.5,13.69003,13.10643],"rotation":{"origin":[8.0,7.53953,6.20638],"axis":"x","angle":-22.5},"faces":{"north":{"uv":[9.0,8.5,9.5,10.5],"texture":"#0"},"east":{"uv":[10.5,8.5,8.5,10.5],"texture":"#0"},"south":{"uv":[0.0,0.0,0.0,0.0],"texture":"#0"},"west":{"uv":[10.5,8.5,8.5,10.5],"texture":"#0"},"up":{"uv":[8.5,10.5,10.5,10.0],"texture":"#0","rotation":270},"down":{"uv":[10.5,8.5,8.5,9.0],"texture":"#0","rotation":90}}},{"from":[7.5,12.0542,-0.02673],"to":[8.5,16.0542,5.97327],"rotation":{"origin":[8.0,7.53953,6.20638],"axis":"x","angle":-45.0},"faces":{"north":{"uv":[14.5,8.5,15.0,10.5],"texture":"#0"},"east":{"uv":[14.5,8.5,11.5,10.5],"texture":"#0"},"south":{"uv":[0.0,0.0,0.0,0.0],"texture":"#0"},"west":{"uv":[11.5,8.5,14.5,10.5],"texture":"#0"},"up":{"uv":[15.0,11.5,12.0,11.0],"texture":"#0","rotation":270},"down":{"uv":[14.5,11.0,11.5,10.5],"texture":"#0","rotation":90}}},{"from":[8.0,8.79062,11.76592],"to":[8.0,14.79062,17.76592],"rotation":{"origin":[8.0,7.53953,6.20638],"axis":"x","angle":-22.5},"faces":{"north":{"uv":[0.0,0.0,0.0,0.0],"texture":"#0"},"east":{"uv":[13.5,8.5,16.0,5.5],"texture":"#0","rotation":270},"south":{"uv":[0.0,0.0,0.0,0.0],"texture":"#0"},"west":{"uv":[13.5,5.5,16.0,8.5],"texture":"#0","rotation":270},"up":{"uv":[0.0,0.0,0.0,0.0],"texture":"#0"},"down":{"uv":[0.0,0.0,0.0,0.0],"texture":"#0"}}},{"from":[8.0,2.62376,5.55013],"to":[8.0,7.62376,11.55013],"rotation":{"origin":[8.0,7.53953,6.20638],"axis":"x","angle":-22.5},"faces":{"north":{"uv":[16.0,8.5,13.5,5.5],"texture":"#0","rotation":270},"east":{"uv":[16.0,5.5,13.5,8.5],"texture":"#0","rotation":270},"south":{"uv":[16.0,8.5,13.5,5.5],"texture":"#0","rotation":270},"west":{"uv":[16.0,8.5,13.5,5.5],"texture":"#0","rotation":270},"up":{"uv":[16.0,8.5,13.5,5.5],"texture":"#0","rotation":270},"down":{"uv":[16.0,8.5,13.5,5.5],"texture":"#0","rotation":270}}},{"from":[7.3,10.52781,3.08595],"to":[8.7,15.92781,5.48595],"rotation":{"origin":[8.0,7.53953,6.20638],"axis":"x","angle":-22.5},"faces":{"north":{"uv":[15.0,11.5,15.5,14.5],"texture":"#0"},"east":{"uv":[12.0,11.5,13.5,14.5],"texture":"#0"},"south":{"uv":[15.5,11.5,16.0,14.5],"texture":"#0"},"west":{"uv":[13.5,11.5,15.0,14.5],"texture":"#0"},"up":{"uv":[14.0,16.0,12.5,15.0],"texture":"#0","rotation":270},"down":{"uv":[15.5,16.0,14.0,15.0],"texture":"#0","rotation":90}}},{"from":[7.3,9.20639,12.85064],"to":[8.7,11.60639,15.25064],"rotation":{"origin":[8.0,7.53953,6.20638],"axis":"x","angle":-45.0},"faces":{"north":{"uv":[13.5,8.5,12.5,7.0],"texture":"#0"},"east":{"uv":[10.0,7.0,11.5,8.5],"texture":"#0"},"south":{"uv":[12.5,7.0,11.5,5.5],"texture":"#0"},"west":{"uv":[10.0,5.5,11.5,7.0],"texture":"#0"},"up":{"uv":[12.5,8.5,11.5,7.0],"texture":"#0"},"down":{"uv":[13.5,7.0,12.5,5.5],"texture":"#0","rotation":180}}},{"from":[7.3,13.26957,8.18804],"to":[8.7,15.66957,10.58804],"rotation":{"origin":[8.0,7.53953,6.20638],"axis":"x","angle":22.5},"faces":{"north":{"uv":[12.5,8.5,11.5,7.0],"texture":"#0","rotation":180},"east":{"uv":[10.0,7.0,11.5,8.5],"texture":"#0","rotation":90},"south":{"uv":[13.5,7.0,12.5,5.5],"texture":"#0","rotation":180},"west":{"uv":[10.0,5.5,11.5,7.0],"texture":"#0","rotation":270},"up":{"uv":[12.5,7.0,11.5,5.5],"texture":"#0"},"down":{"uv":[13.5,8.5,12.5,7.0],"texture":"#0","rotation":180}}},{"from":[8.5,16.0542,5.97327],"to":[7.5,12.0542,-0.02673],"rotation":{"origin":[8.0,7.53953,6.20638],"axis":"x","angle":-45.0},"faces":{"north":{"uv":[0.0,0.0,0.0,0.0],"texture":"#0"},"east":{"uv":[11.5,10.5,14.5,8.5],"texture":"#0"},"south":{"uv":[14.5,10.5,15.0,8.5],"texture":"#0"},"west":{"uv":[14.5,10.5,11.5,8.5],"texture":"#0"},"up":{"uv":[11.5,11.0,14.5,10.5],"texture":"#0","rotation":270},"down":{"uv":[12.0,11.5,15.0,11.0],"texture":"#0","rotation":90}}},{"from":[8.5,14.19573,5.8063],"to":[7.5,10.19573,1.8063],"rotation":{"origin":[8.0,7.53953,6.20638],"axis":"y","angle":0.0},"faces":{"north":{"uv":[0.0,0.0,0.0,0.0],"texture":"#0"},"east":{"uv":[8.5,10.5,10.5,8.5],"texture":"#0"},"south":{"uv":[9.0,10.5,9.5,8.5],"texture":"#0"},"west":{"uv":[10.5,10.5,8.5,8.5],"texture":"#0"},"up":{"uv":[8.5,9.0,10.5,8.5],"texture":"#0","rotation":270},"down":{"uv":[8.5,10.5,10.5,10.0],"texture":"#0","rotation":90}}},{"from":[8.5,13.69003,13.10643],"to":[7.5,9.69003,9.10643],"rotation":{"origin":[8.0,7.53953,6.20638],"axis":"x","angle":-22.5},"faces":{"north":{"uv":[0.0,0.0,0.0,0.0],"texture":"#0"},"east":{"uv":[10.5,10.5,8.5,8.5],"texture":"#0"},"south":{"uv":[9.0,10.5,9.5,8.5],"texture":"#0"},"west":{"uv":[8.5,10.5,10.5,8.5],"texture":"#0"},"up":{"uv":[10.5,9.0,8.5,8.5],"texture":"#0","rotation":270},"down":{"uv":[10.5,10.5,8.5,10.0],"texture":"#0","rotation":90}}}],"textures":{"0":"af5f5180-9553-4f4a-a3fb-76d3aa87aee9"},"gui_light":"front"}