{"display":{"thirdperson_righthand":{"rotation":[-48.0,0.0,-180.0],"translation":[0.0,0.5,-1.0],"scale":[0.5,0.5,0.5]},"thirdperson_lefthand":{"rotation":[-48.0,0.0,-180.0],"translation":[0.0,0.5,-1.0],"scale":[0.5,0.5,0.5]},"firstperson_righthand":{"rotation":[82.0,-180.0,0.0],"translation":[0.0,1.0,1.25],"scale":[0.5,0.5,0.5]},"firstperson_lefthand":{"rotation":[82.0,-180.0,0.0],"translation":[0.0,1.0,1.25],"scale":[0.5,0.5,0.5]},"ground":{"scale":[0.5,0.5,0.5]},"gui":{"rotation":[71.0,-135.0,62.0],"translation":[0.0,-0.75,0.0],"scale":[0.95,0.95,0.95]},"head":{"rotation":[120.0,0.0,0.0],"translation":[0.0,3.75,-9.25]},"fixed":{"rotation":[90.0,-135.0,90.0],"translation":[0.0,0.0,-0.5]}},"elements":[{"from":[7.5,-1.0,8.0],"to":[8.5,9.0,9.0],"rotation":{"origin":[8.0,0.5,8.5],"axis":"y","angle":-45.0},"faces":{"north":{"uv":[5.0,6.0,5.5,11.0],"texture":"#0"},"east":{"uv":[6.0,6.0,6.5,11.0],"texture":"#0"},"south":{"uv":[7.0,6.0,7.5,11.0],"texture":"#0"},"west":{"uv":[8.0,6.0,8.5,11.0],"texture":"#0"},"up":{"uv":[10.5,0.5,10.0,0.0],"texture":"#0"},"down":{"uv":[10.5,1.0,10.0,1.5],"texture":"#0"}}},{"from":[8.0,5.5,6.5],"to":[8.0,16.5,15.5],"rotation":{"origin":[8.0,10.5,8.5],"axis":"x","angle":-45.0},"faces":{"north":{"uv":[10.0,9.0,10.0,14.5],"texture":"#0"},"east":{"uv":[0.0,0.0,4.5,5.5],"texture":"#0"},"south":{"uv":[9.0,10.5,9.0,16.0],"texture":"#0"},"west":{"uv":[5.0,0.0,9.5,5.5],"texture":"#0"},"up":{"uv":[10.5,13.5,10.5,9.0],"texture":"#0"},"down":{"uv":[9.5,10.5,9.5,15.0],"texture":"#0"}}},{"from":[7.5,9.0,7.0],"to":[8.5,13.0,11.0],"rotation":{"origin":[8.0,10.5,8.5],"axis":"x","angle":-45.0},"faces":{"north":{"uv":[0.0,8.5,0.5,10.5],"texture":"#0"},"east":{"uv":[0.0,6.0,2.0,8.0],"texture":"#0"},"south":{"uv":[1.0,8.5,1.5,10.5],"texture":"#0"},"west":{"uv":[2.5,6.0,4.5,8.0],"texture":"#0"},"up":{"uv":[2.5,10.5,2.0,8.5],"texture":"#0"},"down":{"uv":[3.5,8.5,3.0,10.5],"texture":"#0"}}},{"from":[6.5,0.0,7.0],"to":[7.5,2.0,8.0],"rotation":{"origin":[8.0,0.5,8.5],"axis":"y","angle":-45.0},"faces":{"north":{"uv":[4.0,8.5,4.5,9.5],"texture":"#0"},"east":{"uv":[9.0,6.0,9.5,7.0],"texture":"#0"},"south":{"uv":[9.0,7.5,9.5,8.5],"texture":"#0"},"west":{"uv":[9.0,9.0,9.5,10.0],"texture":"#0"},"up":{"uv":[10.5,2.5,10.0,2.0],"texture":"#0"},"down":{"uv":[10.5,3.0,10.0,3.5],"texture":"#0"}}},{"from":[6.5,3.0,7.0],"to":[7.5,4.0,8.0],"rotation":{"origin":[8.0,0.5,8.5],"axis":"y","angle":-45.0},"faces":{"north":{"uv":[4.0,10.0,4.5,10.5],"texture":"#0"},"east":{"uv":[10.0,4.0,10.5,4.5],"texture":"#0"},"south":{"uv":[10.0,5.0,10.5,5.5],"texture":"#0"},"west":{"uv":[10.0,6.0,10.5,6.5],"texture":"#0"},"up":{"uv":[10.5,7.5,10.0,7.0],"texture":"#0"},"down":{"uv":[10.5,8.0,10.0,8.5],"texture":"#0"}}}],"textures":{"particle":"9175df1d-be60-47e6-9a93-03bc9aae7004","0":"9175df1d-be60-47e6-9a93-03bc9aae7004"},"gui_light":"front"}