{"display":{"thirdperson_righthand":{"translation":[0.0,5.25,0.5],"scale":[0.8,0.8,0.8]},"thirdperson_lefthand":{"translation":[0.0,5.25,0.5],"scale":[0.8,0.8,0.8]},"firstperson_righthand":{"rotation":[4.73,-8.54,0.59],"translation":[3.5,1.75,-9.0],"scale":[1.45,1.45,1.45]},"firstperson_lefthand":{"rotation":[3.03,-14.15,3.46],"translation":[0.75,2.0,-10.0],"scale":[1.45,1.45,1.45]},"ground":{"rotation":[26.0,0.0,0.0],"translation":[0.0,4.25,1.5],"scale":[0.59,0.59,0.59]},"gui":{"rotation":[37.25,62.0,0.0],"translation":[1.75,1.5,0.0],"scale":[0.69,0.69,0.69]},"head":{"rotation":[-90.0,-63.5,90.0],"translation":[1.0,-15.75,9.75],"scale":[1.33,1.33,1.33]},"fixed":{"rotation":[90.0,0.0,-180.0],"translation":[0.0,-3.75,-12.0],"scale":[1.8,1.8,1.8]}},"elements":[{"from":[3.31777,2.14875,1.54794],"to":[7.31777,3.84875,5.54794],"rotation":{"origin":[10.50125,3.0,1.01739],"axis":"y","angle":-22.5},"faces":{"north":{"uv":[5.5,5.75,6.5,6.1875],"texture":"#1","rotation":180},"east":{"uv":[5.9375,3.75,5.5,4.75],"texture":"#1","rotation":270},"south":{"uv":[5.5,5.4375,6.5,5.0],"texture":"#1"},"west":{"uv":[5.9375,2.5,5.5,3.5],"texture":"#1","rotation":90},"up":{"uv":[5.0,1.0,6.0,0.0],"texture":"#1"},"down":{"uv":[6.0,0.0,5.0,1.0],"texture":"#1","rotation":270}}},{"from":[5.73235,2.61875,-0.76167],"to":[6.73235,3.37875,0.73833],"rotation":{"origin":[5.91791,2.99875,-0.77755],"axis":"y","angle":-45.0},"faces":{"north":{"uv":[9.5,5.25,9.75,5.4375],"texture":"#1","rotation":180},"east":{"uv":[1.4375,9.25,1.25,9.625],"texture":"#1","rotation":270},"south":{"uv":[5.25,9.6875,5.5,9.5],"texture":"#1"},"west":{"uv":[0.9375,9.25,0.75,9.625],"texture":"#1","rotation":90},"up":{"uv":[5.75,8.75,5.5,9.125],"texture":"#1","rotation":180},"down":{"uv":[7.5,8.75,7.25,9.125],"texture":"#1"}}},{"from":[5.73509,2.62375,-1.54146],"to":[6.73509,3.37375,-0.04146],"rotation":{"origin":[5.91791,2.99875,-0.77755],"axis":"y","angle":0.0},"faces":{"north":{"uv":[9.5,5.75,9.75,5.9375],"texture":"#1","rotation":180},"east":{"uv":[1.9375,9.25,1.75,9.625],"texture":"#1","rotation":270},"south":{"uv":[5.75,9.6875,6.0,9.5],"texture":"#1"},"west":{"uv":[9.4375,1.25,9.25,1.625],"texture":"#1","rotation":90},"up":{"uv":[8.0,8.75,7.75,9.125],"texture":"#1","rotation":180},"down":{"uv":[9.0,8.0,8.75,8.375],"texture":"#1"}}},{"from":[5.24847,2.61875,-1.89844],"to":[5.95847,3.37875,-1.18844],"rotation":{"origin":[5.91791,2.99875,-0.77755],"axis":"y","angle":-45.0},"faces":{"north":{"uv":[9.75,2.5,9.9375,2.6875],"texture":"#1","rotation":180},"east":{"uv":[9.9375,1.25,9.75,1.4375],"texture":"#1","rotation":270},"south":{"uv":[2.25,9.9375,2.4375,9.75],"texture":"#1"},"west":{"uv":[0.1875,9.75,0.0,9.9375],"texture":"#1","rotation":90},"up":{"uv":[8.9375,9.5,8.75,9.6875],"texture":"#1","rotation":180},"down":{"uv":[9.9375,0.0,9.75,0.1875],"texture":"#1"}}},{"from":[1.2484,2.74875,1.46335],"to":[3.2484,3.74875,3.46335],"rotation":{"origin":[10.50125,3.25,1.01739],"axis":"y","angle":0.0},"faces":{"north":{"uv":[9.0,1.75,8.5,1.5],"texture":"#1"},"east":{"uv":[8.5,0.75,8.75,1.25],"texture":"#1","rotation":90},"south":{"uv":[9.0,2.0,8.5,2.25],"texture":"#1","rotation":180},"west":{"uv":[8.25,4.75,8.5,5.25],"texture":"#1","rotation":270},"up":{"uv":[6.75,4.75,7.25,5.25],"texture":"#1"},"down":{"uv":[6.75,5.5,7.25,6.0],"texture":"#1","rotation":180}}},{"from":[-3.46744,2.99625,0.02623],"to":[3.03256,3.00625,6.52623],"rotation":{"origin":[-0.21744,3.00125,3.27623],"axis":"y","angle":-22.5},"faces":{"up":{"uv":[1.5,10.25,0.0,11.75],"texture":"#1","rotation":270},"down":{"uv":[0.0,10.25,1.5,11.75],"texture":"#1","rotation":270}}},{"from":[-2.72422,2.79875,-4.72067],"to":[5.27578,3.19875,3.27933],"rotation":{"origin":[10.50125,3.0,1.01739],"axis":"y","angle":22.5},"faces":{"up":{"uv":[0.0,16.0,16.0,0.0],"texture":"#3","rotation":90},"down":{"uv":[0.0,0.0,16.0,16.0],"texture":"#3","rotation":270}}},{"from":[8.68223,2.14875,1.54794],"to":[12.68223,3.84875,5.54794],"rotation":{"origin":[5.49875,3.0,1.01739],"axis":"y","angle":22.5},"faces":{"north":{"uv":[6.5,5.75,5.5,6.1875],"texture":"#1","rotation":180},"east":{"uv":[5.9375,3.5,5.5,2.5],"texture":"#1","rotation":90},"south":{"uv":[6.5,5.4375,5.5,5.0],"texture":"#1"},"west":{"uv":[5.9375,4.75,5.5,3.75],"texture":"#1","rotation":270},"up":{"uv":[6.0,1.0,5.0,0.0],"texture":"#1"},"down":{"uv":[6.0,1.0,5.0,0.0],"texture":"#1","rotation":270}}},{"from":[9.26765,2.61875,-0.76167],"to":[10.26765,3.37875,0.73833],"rotation":{"origin":[10.08209,2.99875,-0.77755],"axis":"y","angle":45.0},"faces":{"north":{"uv":[9.75,5.25,9.5,5.4375],"texture":"#1","rotation":180},"east":{"uv":[0.9375,9.625,0.75,9.25],"texture":"#1","rotation":90},"south":{"uv":[5.5,9.6875,5.25,9.5],"texture":"#1"},"west":{"uv":[1.4375,9.625,1.25,9.25],"texture":"#1","rotation":270},"up":{"uv":[5.5,8.75,5.75,9.125],"texture":"#1","rotation":180},"down":{"uv":[7.25,8.75,7.5,9.125],"texture":"#1"}}},{"from":[9.26491,2.62375,-1.54146],"to":[10.26491,3.37375,-0.04146],"rotation":{"origin":[10.08209,2.99875,-0.77755],"axis":"y","angle":0.0},"faces":{"north":{"uv":[9.75,5.75,9.5,5.9375],"texture":"#1","rotation":180},"east":{"uv":[9.4375,1.625,9.25,1.25],"texture":"#1","rotation":90},"south":{"uv":[6.0,9.6875,5.75,9.5],"texture":"#1"},"west":{"uv":[1.9375,9.625,1.75,9.25],"texture":"#1","rotation":270},"up":{"uv":[7.75,8.75,8.0,9.125],"texture":"#1","rotation":180},"down":{"uv":[8.75,8.0,9.0,8.375],"texture":"#1"}}},{"from":[10.04153,2.61875,-1.89844],"to":[10.75153,3.37875,-1.18844],"rotation":{"origin":[10.08209,2.99875,-0.77755],"axis":"y","angle":45.0},"faces":{"north":{"uv":[9.9375,2.5,9.75,2.6875],"texture":"#1","rotation":180},"east":{"uv":[0.1875,9.9375,0.0,9.75],"texture":"#1","rotation":90},"south":{"uv":[2.4375,9.9375,2.25,9.75],"texture":"#1"},"west":{"uv":[9.9375,1.4375,9.75,1.25],"texture":"#1","rotation":270},"up":{"uv":[8.75,9.5,8.9375,9.6875],"texture":"#1","rotation":180},"down":{"uv":[9.75,0.0,9.9375,0.1875],"texture":"#1"}}},{"from":[12.7516,2.74875,1.46335],"to":[14.7516,3.74875,3.46335],"rotation":{"origin":[5.49875,3.25,1.01739],"axis":"y","angle":0.0},"faces":{"north":{"uv":[8.5,1.75,9.0,1.5],"texture":"#1"},"east":{"uv":[8.25,5.25,8.5,4.75],"texture":"#1","rotation":270},"south":{"uv":[8.5,2.0,9.0,2.25],"texture":"#1","rotation":180},"west":{"uv":[8.5,1.25,8.75,0.75],"texture":"#1","rotation":90},"up":{"uv":[7.25,4.75,6.75,5.25],"texture":"#1"},"down":{"uv":[7.25,5.5,6.75,6.0],"texture":"#1","rotation":180}}},{"from":[12.96744,2.99625,0.02623],"to":[19.46744,3.00625,6.52623],"rotation":{"origin":[16.21744,3.00125,3.27623],"axis":"y","angle":22.5},"faces":{"up":{"uv":[1.5,11.75,0.0,10.25],"texture":"#1","rotation":270},"down":{"uv":[0.0,11.75,1.5,10.25],"texture":"#1","rotation":270}}},{"from":[10.72422,2.79875,-4.72067],"to":[18.72422,3.19875,3.27933],"rotation":{"origin":[5.49875,3.0,1.01739],"axis":"y","angle":-22.5},"faces":{"up":{"uv":[0.0,0.0,16.0,16.0],"texture":"#3","rotation":90},"down":{"uv":[0.0,16.0,16.0,0.0],"texture":"#3","rotation":270}}},{"from":[7.0,2.32375,-0.1271],"to":[9.0,3.67375,1.8729],"rotation":{"origin":[8.0,2.99875,0.8729],"axis":"y","angle":-45.0},"faces":{"north":{"uv":[8.75,3.4375,9.25,3.25],"texture":"#1"},"east":{"uv":[6.75,9.0,6.9375,8.5],"texture":"#1","rotation":270},"south":{"uv":[8.75,4.75,9.25,4.9375],"texture":"#1","rotation":180},"west":{"uv":[8.75,3.0,8.9375,2.5],"texture":"#1","rotation":90},"up":{"uv":[5.5,7.0,6.0,6.5],"texture":"#1","rotation":180},"down":{"uv":[6.25,7.0,6.75,6.5],"texture":"#1"}}},{"from":[1.75125,3.49875,5.02623],"to":[14.25125,3.49875,7.52623],"rotation":{"origin":[8.00125,3.5,2.26739],"axis":"y","angle":0.0},"faces":{"up":{"uv":[11.875,5.625,11.4375,9.3125],"texture":"#1","rotation":270},"down":{"uv":[11.4375,5.625,11.875,9.3125],"texture":"#1","rotation":270}}},{"from":[7.45125,-1.02625,9.45],"to":[8.55125,2.97375,10.55],"rotation":{"origin":[8.00125,0.97375,10.0],"axis":"x","angle":-22.5},"faces":{"north":{"uv":[7.25,0.0,7.0,1.0],"texture":"#1","rotation":180},"east":{"uv":[7.25,0.0,7.0,1.0],"texture":"#1","rotation":180},"south":{"uv":[7.25,0.0,7.0,1.0],"texture":"#1","rotation":180},"west":{"uv":[7.25,0.0,7.0,1.0],"texture":"#1","rotation":180},"up":{"uv":[3.0,9.25,3.25,9.5],"texture":"#1","rotation":90},"down":{"uv":[9.25,2.75,9.5,2.5],"texture":"#1","rotation":270}}},{"from":[-0.49875,2.42375,-7.5],"to":[16.50125,3.57375,9.5],"rotation":{"origin":[8.00125,3.0,1.76739],"axis":"y","angle":0.0},"faces":{"up":{"uv":[16.0,16.0,0.0,0.0],"texture":"#4","rotation":90},"down":{"uv":[0.0,16.0,16.0,0.0],"texture":"#4","rotation":90}}},{"from":[-0.49875,2.29875,-7.5],"to":[16.50125,3.69875,9.5],"rotation":{"origin":[8.00125,3.0,1.76739],"axis":"y","angle":0.0},"faces":{"up":{"uv":[16.0,16.0,0.0,0.0],"texture":"#5","rotation":90},"down":{"uv":[0.0,16.0,16.0,0.0],"texture":"#5","rotation":90}}},{"from":[7.20125,2.22375,9.2],"to":[8.80125,2.72375,10.8],"rotation":{"origin":[8.00125,0.97375,10.0],"axis":"x","angle":-22.5},"faces":{"north":{"uv":[9.875,6.25,9.5,6.375],"texture":"#1","rotation":180},"east":{"uv":[9.875,6.25,9.5,6.375],"texture":"#1","rotation":180},"south":{"uv":[9.875,6.25,9.5,6.375],"texture":"#1","rotation":180},"west":{"uv":[9.875,6.25,9.5,6.375],"texture":"#1","rotation":180},"up":{"uv":[8.0,0.0,8.375,0.375],"texture":"#1","rotation":90},"down":{"uv":[7.75,7.625,8.125,7.25],"texture":"#1","rotation":270}}},{"from":[5.17114,2.10236,8.67115],"to":[9.17114,3.80236,12.67115],"rotation":{"origin":[8.0,2.95236,11.5],"axis":"y","angle":-45.0},"faces":{"north":{"uv":[6.5,5.4375,5.5,5.0],"texture":"#1"},"east":{"uv":[5.5,3.75,5.9375,4.75],"texture":"#1","rotation":90},"south":{"uv":[6.5,5.75,5.5,6.1875],"texture":"#1","rotation":180},"west":{"uv":[5.5,2.5,5.9375,3.5],"texture":"#1","rotation":270},"up":{"uv":[5.0,0.0,6.0,1.0],"texture":"#1"},"down":{"uv":[5.0,0.0,6.0,1.0],"texture":"#1","rotation":270}}},{"from":[5.02608,2.57236,10.41587],"to":[6.02608,3.33236,11.91587],"rotation":{"origin":[8.0,2.95236,11.5],"axis":"y","angle":0.0},"faces":{"north":{"uv":[5.5,9.6875,5.25,9.5],"texture":"#1"},"east":{"uv":[1.25,9.25,1.4375,9.625],"texture":"#1","rotation":90},"south":{"uv":[9.75,5.25,9.5,5.4375],"texture":"#1","rotation":180},"west":{"uv":[0.75,9.25,0.9375,9.625],"texture":"#1","rotation":270},"up":{"uv":[5.5,8.75,5.75,9.125],"texture":"#1"},"down":{"uv":[7.25,8.75,7.5,9.125],"texture":"#1","rotation":180}}},{"from":[6.15081,2.57736,13.04088],"to":[7.15081,3.32736,14.54088],"rotation":{"origin":[8.0,2.95236,11.5],"axis":"y","angle":-45.0},"faces":{"north":{"uv":[6.0,9.6875,5.75,9.5],"texture":"#1"},"east":{"uv":[1.75,9.25,1.9375,9.625],"texture":"#1","rotation":90},"south":{"uv":[9.75,5.75,9.5,5.9375],"texture":"#1","rotation":180},"west":{"uv":[9.25,1.25,9.4375,1.625],"texture":"#1","rotation":270},"up":{"uv":[7.75,8.75,8.0,9.125],"texture":"#1"},"down":{"uv":[8.75,8.0,9.0,8.375],"texture":"#1","rotation":180}}},{"from":[4.5422,2.57236,12.34264],"to":[5.2522,3.33236,13.05264],"rotation":{"origin":[8.0,2.95236,11.5],"axis":"y","angle":0.0},"faces":{"north":{"uv":[2.4375,9.9375,2.25,9.75],"texture":"#1"},"east":{"uv":[9.75,1.25,9.9375,1.4375],"texture":"#1","rotation":90},"south":{"uv":[9.9375,2.5,9.75,2.6875],"texture":"#1","rotation":180},"west":{"uv":[0.0,9.75,0.1875,9.9375],"texture":"#1","rotation":270},"up":{"uv":[8.75,9.5,8.9375,9.6875],"texture":"#1"},"down":{"uv":[9.75,0.0,9.9375,0.1875],"texture":"#1","rotation":180}}},{"from":[2.02608,2.82236,3.16587],"to":[3.02608,3.58236,4.66587],"rotation":{"origin":[5.0,3.20236,4.25],"axis":"y","angle":0.0},"faces":{"north":{"uv":[5.5,9.6875,5.25,9.5],"texture":"#1"},"east":{"uv":[1.25,9.25,1.4375,9.625],"texture":"#1","rotation":90},"south":{"uv":[9.75,5.25,9.5,5.4375],"texture":"#1","rotation":180},"west":{"uv":[0.75,9.25,0.9375,9.625],"texture":"#1","rotation":270},"up":{"uv":[5.5,8.75,5.75,9.125],"texture":"#1"},"down":{"uv":[7.25,8.75,7.5,9.125],"texture":"#1","rotation":180}}},{"from":[3.15081,2.82736,5.79088],"to":[4.15081,3.57736,7.29088],"rotation":{"origin":[5.0,3.20236,4.25],"axis":"y","angle":-45.0},"faces":{"north":{"uv":[6.0,9.6875,5.75,9.5],"texture":"#1"},"east":{"uv":[1.75,9.25,1.9375,9.625],"texture":"#1","rotation":90},"south":{"uv":[9.75,5.75,9.5,5.9375],"texture":"#1","rotation":180},"west":{"uv":[9.25,1.25,9.4375,1.625],"texture":"#1","rotation":270},"up":{"uv":[7.75,8.75,8.0,9.125],"texture":"#1"},"down":{"uv":[8.75,8.0,9.0,8.375],"texture":"#1","rotation":180}}},{"from":[1.5422,2.82236,5.09264],"to":[2.2522,3.58236,5.80264],"rotation":{"origin":[5.0,3.20236,4.25],"axis":"y","angle":0.0},"faces":{"north":{"uv":[2.4375,9.9375,2.25,9.75],"texture":"#1"},"east":{"uv":[9.75,1.25,9.9375,1.4375],"texture":"#1","rotation":90},"south":{"uv":[9.9375,2.5,9.75,2.6875],"texture":"#1","rotation":180},"west":{"uv":[0.0,9.75,0.1875,9.9375],"texture":"#1","rotation":270},"up":{"uv":[8.75,9.5,8.9375,9.6875],"texture":"#1"},"down":{"uv":[9.75,0.0,9.9375,0.1875],"texture":"#1","rotation":180}}},{"from":[12.97392,2.82236,3.16587],"to":[13.97392,3.58236,4.66587],"rotation":{"origin":[11.0,3.20236,4.25],"axis":"y","angle":0.0},"faces":{"north":{"uv":[5.25,9.6875,5.5,9.5],"texture":"#1"},"east":{"uv":[0.75,9.625,0.9375,9.25],"texture":"#1","rotation":270},"south":{"uv":[9.5,5.25,9.75,5.4375],"texture":"#1","rotation":180},"west":{"uv":[1.25,9.625,1.4375,9.25],"texture":"#1","rotation":90},"up":{"uv":[5.75,8.75,5.5,9.125],"texture":"#1"},"down":{"uv":[7.5,8.75,7.25,9.125],"texture":"#1","rotation":180}}},{"from":[11.84919,2.82736,5.79088],"to":[12.84919,3.57736,7.29088],"rotation":{"origin":[11.0,3.20236,4.25],"axis":"y","angle":45.0},"faces":{"north":{"uv":[5.75,9.6875,6.0,9.5],"texture":"#1"},"east":{"uv":[9.25,1.625,9.4375,1.25],"texture":"#1","rotation":270},"south":{"uv":[9.5,5.75,9.75,5.9375],"texture":"#1","rotation":180},"west":{"uv":[1.75,9.625,1.9375,9.25],"texture":"#1","rotation":90},"up":{"uv":[8.0,8.75,7.75,9.125],"texture":"#1"},"down":{"uv":[9.0,8.0,8.75,8.375],"texture":"#1","rotation":180}}},{"from":[13.7478,2.82236,5.09264],"to":[14.4578,3.58236,5.80264],"rotation":{"origin":[11.0,3.20236,4.25],"axis":"y","angle":0.0},"faces":{"north":{"uv":[2.25,9.9375,2.4375,9.75],"texture":"#1"},"east":{"uv":[0.0,9.9375,0.1875,9.75],"texture":"#1","rotation":270},"south":{"uv":[9.75,2.5,9.9375,2.6875],"texture":"#1","rotation":180},"west":{"uv":[9.75,1.4375,9.9375,1.25],"texture":"#1","rotation":90},"up":{"uv":[8.9375,9.5,8.75,9.6875],"texture":"#1"},"down":{"uv":[9.9375,0.0,9.75,0.1875],"texture":"#1","rotation":180}}},{"from":[4.38538,2.45236,11.42091],"to":[6.38538,3.45236,13.42091],"rotation":{"origin":[8.0,2.95236,11.5],"axis":"y","angle":-45.0},"faces":{"north":{"uv":[9.0,1.75,8.5,1.5],"texture":"#1"},"east":{"uv":[8.5,0.75,8.75,1.25],"texture":"#1","rotation":90},"south":{"uv":[9.0,2.0,8.5,2.25],"texture":"#1","rotation":180},"west":{"uv":[8.25,4.75,8.5,5.25],"texture":"#1","rotation":270},"up":{"uv":[6.75,4.75,7.25,5.25],"texture":"#1"},"down":{"uv":[6.75,5.5,7.25,6.0],"texture":"#1","rotation":180}}},{"from":[7.92091,2.45236,7.88538],"to":[9.92091,3.45236,9.88538],"rotation":{"origin":[8.0,2.95236,11.5],"axis":"y","angle":-45.0},"faces":{"north":{"uv":[8.5,4.75,8.25,5.25],"texture":"#1","rotation":90},"east":{"uv":[8.5,2.0,9.0,2.25],"texture":"#1","rotation":180},"south":{"uv":[8.75,0.75,8.5,1.25],"texture":"#1","rotation":270},"west":{"uv":[8.5,1.75,9.0,1.5],"texture":"#1"},"up":{"uv":[7.25,4.75,6.75,5.25],"texture":"#1","rotation":270},"down":{"uv":[7.25,5.5,6.75,6.0],"texture":"#1","rotation":270}}},{"from":[9.97392,2.57236,10.41587],"to":[10.97392,3.33236,11.91587],"rotation":{"origin":[8.0,2.95236,11.5],"axis":"y","angle":0.0},"faces":{"north":{"uv":[5.25,9.6875,5.5,9.5],"texture":"#1"},"east":{"uv":[0.9375,9.25,0.75,9.625],"texture":"#1","rotation":90},"south":{"uv":[9.5,5.25,9.75,5.4375],"texture":"#1","rotation":180},"west":{"uv":[1.4375,9.25,1.25,9.625],"texture":"#1","rotation":270},"up":{"uv":[5.75,8.75,5.5,9.125],"texture":"#1"},"down":{"uv":[7.5,8.75,7.25,9.125],"texture":"#1","rotation":180}}},{"from":[9.54088,2.57736,9.65081],"to":[11.04088,3.32736,10.65081],"rotation":{"origin":[8.0,2.95236,11.5],"axis":"y","angle":-45.0},"faces":{"north":{"uv":[9.4375,1.25,9.25,1.625],"texture":"#1","rotation":90},"east":{"uv":[9.5,5.75,9.75,5.9375],"texture":"#1","rotation":180},"south":{"uv":[1.9375,9.25,1.75,9.625],"texture":"#1","rotation":270},"west":{"uv":[5.75,9.6875,6.0,9.5],"texture":"#1"},"up":{"uv":[8.0,8.75,7.75,9.125],"texture":"#1","rotation":270},"down":{"uv":[9.0,8.0,8.75,8.375],"texture":"#1","rotation":270}}},{"from":[10.7478,2.57236,12.34264],"to":[11.4578,3.33236,13.05264],"rotation":{"origin":[8.0,2.95236,11.5],"axis":"y","angle":0.0},"faces":{"north":{"uv":[2.25,9.9375,2.4375,9.75],"texture":"#1"},"east":{"uv":[0.1875,9.75,0.0,9.9375],"texture":"#1","rotation":90},"south":{"uv":[9.75,2.5,9.9375,2.6875],"texture":"#1","rotation":180},"west":{"uv":[9.9375,1.25,9.75,1.4375],"texture":"#1","rotation":270},"up":{"uv":[8.9375,9.5,8.75,9.6875],"texture":"#1"},"down":{"uv":[9.9375,0.0,9.75,0.1875],"texture":"#1","rotation":180}}},{"from":[7.075,-1.62355,9.43993],"to":[8.925,0.37645,11.43993],"rotation":{"origin":[8.0,-1.13176,10.61304],"axis":"x","angle":45.0},"faces":{"north":{"uv":[6.9375,8.5,6.75,9.0],"texture":"#1"},"east":{"uv":[6.0,6.5,5.5,7.0],"texture":"#1"},"south":{"uv":[8.9375,2.5,8.75,3.0],"texture":"#1"},"west":{"uv":[6.75,6.5,6.25,7.0],"texture":"#1"},"up":{"uv":[8.75,3.4375,9.25,3.25],"texture":"#1","rotation":90},"down":{"uv":[8.75,4.75,9.25,4.9375],"texture":"#1","rotation":270}}},{"from":[7.125,-2.73617,9.70976],"to":[8.875,-0.23617,10.70976],"rotation":{"origin":[8.0,-1.13176,10.61304],"axis":"x","angle":-22.5},"faces":{"north":{"uv":[8.6875,5.5,8.5,6.125],"texture":"#1"},"east":{"uv":[6.5,7.25,6.25,7.875],"texture":"#1"},"south":{"uv":[8.6875,6.5,8.5,7.125],"texture":"#1"},"west":{"uv":[7.75,0.0,7.5,0.625],"texture":"#1"},"up":{"uv":[4.75,9.6875,5.0,9.5],"texture":"#1","rotation":90},"down":{"uv":[9.5,4.75,9.75,4.9375],"texture":"#1","rotation":270}}},{"from":[7.58896,1.95236,11.08896],"to":[10.08896,3.95236,13.58896],"rotation":{"origin":[8.0,2.95236,11.5],"axis":"y","angle":-45.0},"faces":{"north":{"uv":[6.25,2.25,6.75,2.875],"texture":"#1","rotation":90},"east":{"uv":[6.875,4.0,6.25,4.5],"texture":"#1","rotation":180},"south":{"uv":[6.25,0.0,6.75,0.625],"texture":"#1","rotation":270},"west":{"uv":[6.875,3.75,6.25,3.25],"texture":"#1"},"up":{"uv":[6.0,1.25,6.625,1.875],"texture":"#1","rotation":270},"down":{"uv":[6.0,1.25,6.625,1.875],"texture":"#1","rotation":180}}},{"from":[6.9,2.07736,11.58646],"to":[9.1,3.82736,13.78646],"rotation":{"origin":[8.0,2.95236,11.5],"axis":"y","angle":0.0},"faces":{"north":{"uv":[7.5,7.4375,7.0,7.0],"texture":"#1"},"east":{"uv":[7.0,6.25,7.4375,6.75],"texture":"#1","rotation":90},"south":{"uv":[7.75,2.75,7.25,3.1875],"texture":"#1","rotation":180},"west":{"uv":[7.0,2.0,7.4375,2.5],"texture":"#1","rotation":270},"up":{"uv":[7.0,1.25,7.5,1.75],"texture":"#1"},"down":{"uv":[7.0,1.25,7.5,1.75],"texture":"#1","rotation":180}}},{"from":[7.125,2.47454,1.25],"to":[8.875,3.47454,11.25],"rotation":{"origin":[8.0,2.97454,16.5],"axis":"x","angle":0.0},"faces":{"north":{"uv":[9.75,2.125,9.25,2.0],"texture":"#1","rotation":180},"east":{"uv":[2.0625,2.14375,2.125,4.76875],"texture":"#1","rotation":90},"south":{"uv":[2.75,9.25,2.25,9.375],"texture":"#1"},"west":{"uv":[2.0625,4.76875,2.125,2.14375],"texture":"#1","rotation":90},"up":{"uv":[2.125,2.14375,1.6875,4.76875],"texture":"#1"},"down":{"uv":[1.6875,2.14375,2.125,4.76875],"texture":"#1","rotation":180}}},{"from":[8.0,2.5,-5.72377],"to":[8.0,4.5,10.77623],"rotation":{"origin":[8.0,3.5,2.52623],"axis":"z","angle":-22.5},"faces":{"east":{"uv":[4.8125,10.25,4.375,13.9375],"texture":"#1","rotation":90},"west":{"uv":[4.375,10.25,4.8125,13.9375],"texture":"#1","rotation":270}}},{"from":[8.0,2.5,-5.72377],"to":[8.0,4.5,10.77623],"rotation":{"origin":[8.0,3.5,2.52623],"axis":"z","angle":22.5},"faces":{"east":{"uv":[4.8125,10.25,4.375,13.9375],"texture":"#1","rotation":90},"west":{"uv":[4.375,10.25,4.8125,13.9375],"texture":"#1","rotation":270}}}],"textures":{"particle":"68147f89-7934-4712-b321-212d85e4eea5","1":"57b86687-9845-4443-8700-35f565d8fdd5","3":"eae88cd3-2ba0-4b3d-9650-e2be39d61751","4":"5b180563-29da-48d7-ad18-29821d7fbeda","5":"3084f053-712e-4989-b4ca-c629a630a9b3"},"gui_light":"front"}