{"display":{"thirdperson_righthand":{"rotation":[0.0,90.0,0.0],"translation":[0.0,2.5,0.0]},"thirdperson_lefthand":{"rotation":[0.0,-90.0,0.0],"translation":[0.0,2.5,0.0]},"firstperson_righthand":{"rotation":[0.0,90.0,0.0],"translation":[0.0,4.25,0.0]},"firstperson_lefthand":{"rotation":[0.0,-90.0,0.0],"translation":[0.0,3.75,0.0]},"ground":{"rotation":[90.0,0.0,0.0]},"gui":{"scale":[1.0,0.72,1.0]},"fixed":{"scale":[1.04,1.0,1.0]}},"elements":[{"from":[8.0,-3.0,8.0],"to":[9.0,-2.0,9.0],"rotation":{"origin":[0.0,0.0,0.0],"axis":"z","angle":45.0},"faces":{"north":{"uv":[0.0,0.0,0.5,0.5],"texture":"#0"},"east":{"uv":[0.0,0.5,0.5,1.0],"texture":"#0"},"south":{"uv":[0.5,0.0,1.0,0.5],"texture":"#0"},"west":{"uv":[0.5,0.5,1.0,1.0],"texture":"#0"},"up":{"uv":[0.5,1.5,0.0,1.0],"texture":"#0"},"down":{"uv":[1.5,0.0,1.0,0.5],"texture":"#0"}}},{"from":[8.0,-4.0,8.0],"to":[9.0,-3.0,9.0],"rotation":{"origin":[0.0,0.0,0.0],"axis":"z","angle":45.0},"faces":{"north":{"uv":[0.5,1.0,1.0,1.5],"texture":"#0"},"east":{"uv":[1.0,0.5,1.5,1.0],"texture":"#0"},"south":{"uv":[1.0,1.0,1.5,1.5],"texture":"#0"},"west":{"uv":[0.0,1.5,0.5,2.0],"texture":"#0"},"up":{"uv":[2.0,0.5,1.5,0.0],"texture":"#0"},"down":{"uv":[1.0,1.5,0.5,2.0],"texture":"#0"}}},{"from":[7.0,-3.0,8.0],"to":[8.0,-2.0,9.0],"rotation":{"origin":[0.0,0.0,0.0],"axis":"z","angle":45.0},"faces":{"north":{"uv":[1.5,0.5,2.0,1.0],"texture":"#0"},"east":{"uv":[1.0,1.5,1.5,2.0],"texture":"#0"},"south":{"uv":[1.5,1.0,2.0,1.5],"texture":"#0"},"west":{"uv":[1.5,1.5,2.0,2.0],"texture":"#0"},"up":{"uv":[0.5,2.5,0.0,2.0],"texture":"#0"},"down":{"uv":[2.5,0.0,2.0,0.5],"texture":"#0"}}},{"from":[9.0,-2.0,8.0],"to":[10.0,-1.0,9.0],"rotation":{"origin":[0.0,0.0,0.0],"axis":"z","angle":45.0},"faces":{"north":{"uv":[0.5,2.0,1.0,2.5],"texture":"#0"},"east":{"uv":[2.0,0.5,2.5,1.0],"texture":"#0"},"south":{"uv":[1.0,2.0,1.5,2.5],"texture":"#0"},"west":{"uv":[2.0,1.0,2.5,1.5],"texture":"#0"},"up":{"uv":[2.0,2.5,1.5,2.0],"texture":"#0"},"down":{"uv":[2.5,1.5,2.0,2.0],"texture":"#0"}}},{"from":[10.0,-2.0,8.0],"to":[11.0,-1.0,9.0],"rotation":{"origin":[0.0,0.0,0.0],"axis":"z","angle":45.0},"faces":{"north":{"uv":[2.0,2.0,2.5,2.5],"texture":"#0"},"east":{"uv":[0.0,2.5,0.5,3.0],"texture":"#0"},"south":{"uv":[2.5,0.0,3.0,0.5],"texture":"#0"},"west":{"uv":[0.5,2.5,1.0,3.0],"texture":"#0"},"up":{"uv":[3.0,1.0,2.5,0.5],"texture":"#0"},"down":{"uv":[1.5,2.5,1.0,3.0],"texture":"#0"}}},{"from":[10.0,-3.0,8.0],"to":[11.0,-2.0,9.0],"rotation":{"origin":[0.0,0.0,0.0],"axis":"z","angle":45.0},"faces":{"north":{"uv":[2.5,1.0,3.0,1.5],"texture":"#0"},"east":{"uv":[1.5,2.5,2.0,3.0],"texture":"#0"},"south":{"uv":[2.5,1.5,3.0,2.0],"texture":"#0"},"west":{"uv":[2.0,2.5,2.5,3.0],"texture":"#0"},"up":{"uv":[3.0,2.5,2.5,2.0],"texture":"#0"},"down":{"uv":[3.0,2.5,2.5,3.0],"texture":"#0"}}},{"from":[11.0,-3.0,8.0],"to":[12.0,-2.0,9.0],"rotation":{"origin":[0.0,0.0,0.0],"axis":"z","angle":45.0},"faces":{"north":{"uv":[0.0,3.0,0.5,3.5],"texture":"#0"},"east":{"uv":[3.0,0.0,3.5,0.5],"texture":"#0"},"south":{"uv":[0.5,3.0,1.0,3.5],"texture":"#0"},"west":{"uv":[3.0,0.5,3.5,1.0],"texture":"#0"},"up":{"uv":[1.5,3.5,1.0,3.0],"texture":"#0"},"down":{"uv":[3.5,1.0,3.0,1.5],"texture":"#0"}}},{"from":[11.0,-4.0,8.0],"to":[12.0,-3.0,9.0],"rotation":{"origin":[0.0,0.0,0.0],"axis":"z","angle":45.0},"faces":{"north":{"uv":[1.5,3.0,2.0,3.5],"texture":"#0"},"east":{"uv":[3.0,1.5,3.5,2.0],"texture":"#0"},"south":{"uv":[2.0,3.0,2.5,3.5],"texture":"#0"},"west":{"uv":[3.0,2.0,3.5,2.5],"texture":"#0"},"up":{"uv":[3.0,3.5,2.5,3.0],"texture":"#0"},"down":{"uv":[3.5,2.5,3.0,3.0],"texture":"#0"}}},{"from":[10.0,-5.0,8.0],"to":[11.0,-4.0,9.0],"rotation":{"origin":[0.0,0.0,0.0],"axis":"z","angle":45.0},"faces":{"north":{"uv":[3.0,3.0,3.5,3.5],"texture":"#0"},"east":{"uv":[0.0,3.5,0.5,4.0],"texture":"#0"},"south":{"uv":[3.5,0.0,4.0,0.5],"texture":"#0"},"west":{"uv":[0.5,3.5,1.0,4.0],"texture":"#0"},"up":{"uv":[4.0,1.0,3.5,0.5],"texture":"#0"},"down":{"uv":[1.5,3.5,1.0,4.0],"texture":"#0"}}},{"from":[9.0,-6.0,8.0],"to":[10.0,-5.0,9.0],"rotation":{"origin":[0.0,0.0,0.0],"axis":"z","angle":45.0},"faces":{"north":{"uv":[3.5,1.0,4.0,1.5],"texture":"#0"},"east":{"uv":[1.5,3.5,2.0,4.0],"texture":"#0"},"south":{"uv":[3.5,1.5,4.0,2.0],"texture":"#0"},"west":{"uv":[2.0,3.5,2.5,4.0],"texture":"#0"},"up":{"uv":[4.0,2.5,3.5,2.0],"texture":"#0"},"down":{"uv":[3.0,3.5,2.5,4.0],"texture":"#0"}}},{"from":[11.0,-5.0,8.0],"to":[12.0,-4.0,9.0],"rotation":{"origin":[0.0,0.0,0.0],"axis":"z","angle":45.0},"faces":{"north":{"uv":[3.5,2.5,4.0,3.0],"texture":"#0"},"east":{"uv":[3.0,3.5,3.5,4.0],"texture":"#0"},"south":{"uv":[3.5,3.0,4.0,3.5],"texture":"#0"},"west":{"uv":[3.5,3.5,4.0,4.0],"texture":"#0"},"up":{"uv":[0.5,4.5,0.0,4.0],"texture":"#0"},"down":{"uv":[4.5,0.0,4.0,0.5],"texture":"#0"}}},{"from":[12.0,-4.0,8.0],"to":[13.0,-3.0,9.0],"rotation":{"origin":[0.0,0.0,0.0],"axis":"z","angle":45.0},"faces":{"north":{"uv":[0.5,4.0,1.0,4.5],"texture":"#0"},"east":{"uv":[4.0,0.5,4.5,1.0],"texture":"#0"},"south":{"uv":[1.0,4.0,1.5,4.5],"texture":"#0"},"west":{"uv":[4.0,1.0,4.5,1.5],"texture":"#0"},"up":{"uv":[2.0,4.5,1.5,4.0],"texture":"#0"},"down":{"uv":[4.5,1.5,4.0,2.0],"texture":"#0"}}},{"from":[9.0,-1.0,8.0],"to":[10.0,0.0,9.0],"rotation":{"origin":[0.0,0.0,0.0],"axis":"z","angle":45.0},"faces":{"north":{"uv":[2.0,4.0,2.5,4.5],"texture":"#0"},"east":{"uv":[4.0,2.0,4.5,2.5],"texture":"#0"},"south":{"uv":[2.5,4.0,3.0,4.5],"texture":"#0"},"west":{"uv":[4.0,2.5,4.5,3.0],"texture":"#0"},"up":{"uv":[3.5,4.5,3.0,4.0],"texture":"#0"},"down":{"uv":[4.5,3.0,4.0,3.5],"texture":"#0"}}},{"from":[9.0,-3.0,8.0],"to":[10.0,-2.0,9.0],"rotation":{"origin":[0.0,0.0,0.0],"axis":"z","angle":45.0},"faces":{"north":{"uv":[3.5,4.0,4.0,4.5],"texture":"#0"},"east":{"uv":[4.0,3.5,4.5,4.0],"texture":"#0"},"south":{"uv":[4.0,4.0,4.5,4.5],"texture":"#0"},"west":{"uv":[0.0,4.5,0.5,5.0],"texture":"#0"},"up":{"uv":[5.0,0.5,4.5,0.0],"texture":"#0"},"down":{"uv":[1.0,4.5,0.5,5.0],"texture":"#0"}}},{"from":[8.0,-2.0,8.0],"to":[9.0,-1.0,9.0],"rotation":{"origin":[0.0,0.0,0.0],"axis":"z","angle":45.0},"faces":{"north":{"uv":[4.5,0.5,5.0,1.0],"texture":"#0"},"east":{"uv":[1.0,4.5,1.5,5.0],"texture":"#0"},"south":{"uv":[4.5,1.0,5.0,1.5],"texture":"#0"},"west":{"uv":[1.5,4.5,2.0,5.0],"texture":"#0"},"up":{"uv":[5.0,2.0,4.5,1.5],"texture":"#0"},"down":{"uv":[2.5,4.5,2.0,5.0],"texture":"#0"}}},{"from":[7.0,-4.0,8.0],"to":[8.0,-3.0,9.0],"rotation":{"origin":[0.0,0.0,0.0],"axis":"z","angle":45.0},"faces":{"north":{"uv":[4.5,2.0,5.0,2.5],"texture":"#0"},"east":{"uv":[2.5,4.5,3.0,5.0],"texture":"#0"},"south":{"uv":[4.5,2.5,5.0,3.0],"texture":"#0"},"west":{"uv":[3.0,4.5,3.5,5.0],"texture":"#0"},"up":{"uv":[5.0,3.5,4.5,3.0],"texture":"#0"},"down":{"uv":[4.0,4.5,3.5,5.0],"texture":"#0"}}},{"from":[6.0,-5.0,8.0],"to":[7.0,-4.0,9.0],"rotation":{"origin":[0.0,0.0,0.0],"axis":"z","angle":45.0},"faces":{"north":{"uv":[4.5,3.5,5.0,4.0],"texture":"#0"},"east":{"uv":[4.0,4.5,4.5,5.0],"texture":"#0"},"south":{"uv":[4.5,4.0,5.0,4.5],"texture":"#0"},"west":{"uv":[4.5,4.5,5.0,5.0],"texture":"#0"},"up":{"uv":[0.5,5.5,0.0,5.0],"texture":"#0"},"down":{"uv":[5.5,0.0,5.0,0.5],"texture":"#0"}}},{"from":[6.0,-6.0,8.0],"to":[7.0,-5.0,9.0],"rotation":{"origin":[0.0,0.0,0.0],"axis":"z","angle":45.0},"faces":{"north":{"uv":[0.5,5.0,1.0,5.5],"texture":"#0"},"east":{"uv":[5.0,0.5,5.5,1.0],"texture":"#0"},"south":{"uv":[1.0,5.0,1.5,5.5],"texture":"#0"},"west":{"uv":[5.0,1.0,5.5,1.5],"texture":"#0"},"up":{"uv":[2.0,5.5,1.5,5.0],"texture":"#0"},"down":{"uv":[5.5,1.5,5.0,2.0],"texture":"#0"}}},{"from":[6.0,-4.0,8.0],"to":[7.0,-3.0,9.0],"rotation":{"origin":[0.0,0.0,0.0],"axis":"z","angle":45.0},"faces":{"north":{"uv":[2.0,5.0,2.5,5.5],"texture":"#0"},"east":{"uv":[5.0,2.0,5.5,2.5],"texture":"#0"},"south":{"uv":[2.5,5.0,3.0,5.5],"texture":"#0"},"west":{"uv":[5.0,2.5,5.5,3.0],"texture":"#0"},"up":{"uv":[3.5,5.5,3.0,5.0],"texture":"#0"},"down":{"uv":[5.5,3.0,5.0,3.5],"texture":"#0"}}},{"from":[5.0,-5.0,8.0],"to":[6.0,-4.0,9.0],"rotation":{"origin":[0.0,0.0,0.0],"axis":"z","angle":45.0},"faces":{"north":{"uv":[3.5,5.0,4.0,5.5],"texture":"#0"},"east":{"uv":[5.0,3.5,5.5,4.0],"texture":"#0"},"south":{"uv":[4.0,5.0,4.5,5.5],"texture":"#0"},"west":{"uv":[5.0,4.0,5.5,4.5],"texture":"#0"},"up":{"uv":[5.0,5.5,4.5,5.0],"texture":"#0"},"down":{"uv":[5.5,4.5,5.0,5.0],"texture":"#0"}}},{"from":[7.0,-5.0,8.0],"to":[8.0,-4.0,9.0],"rotation":{"origin":[0.0,0.0,0.0],"axis":"z","angle":45.0},"faces":{"north":{"uv":[5.0,5.0,5.5,5.5],"texture":"#0"},"east":{"uv":[0.0,5.5,0.5,6.0],"texture":"#0"},"south":{"uv":[5.5,0.0,6.0,0.5],"texture":"#0"},"west":{"uv":[0.5,5.5,1.0,6.0],"texture":"#0"},"up":{"uv":[6.0,1.0,5.5,0.5],"texture":"#0"},"down":{"uv":[1.5,5.5,1.0,6.0],"texture":"#0"}}},{"from":[10.0,-1.0,8.0],"to":[11.0,0.0,9.0],"rotation":{"origin":[0.0,0.0,0.0],"axis":"z","angle":45.0},"faces":{"north":{"uv":[5.5,1.0,6.0,1.5],"texture":"#0"},"east":{"uv":[1.5,5.5,2.0,6.0],"texture":"#0"},"south":{"uv":[5.5,1.5,6.0,2.0],"texture":"#0"},"west":{"uv":[2.0,5.5,2.5,6.0],"texture":"#0"},"up":{"uv":[6.0,2.5,5.5,2.0],"texture":"#0"},"down":{"uv":[3.0,5.5,2.5,6.0],"texture":"#0"}}},{"from":[11.0,-1.0,8.0],"to":[12.0,0.0,9.0],"rotation":{"origin":[0.0,0.0,0.0],"axis":"z","angle":45.0},"faces":{"north":{"uv":[5.5,2.5,6.0,3.0],"texture":"#0"},"east":{"uv":[3.0,5.5,3.5,6.0],"texture":"#0"},"south":{"uv":[5.5,3.0,6.0,3.5],"texture":"#0"},"west":{"uv":[3.5,5.5,4.0,6.0],"texture":"#0"},"up":{"uv":[6.0,4.0,5.5,3.5],"texture":"#0"},"down":{"uv":[4.5,5.5,4.0,6.0],"texture":"#0"}}},{"from":[10.0,0.0,8.0],"to":[11.0,1.0,9.0],"rotation":{"origin":[0.0,0.0,0.0],"axis":"z","angle":45.0},"faces":{"north":{"uv":[5.5,4.0,6.0,4.5],"texture":"#0"},"east":{"uv":[4.5,5.5,5.0,6.0],"texture":"#0"},"south":{"uv":[5.5,4.5,6.0,5.0],"texture":"#0"},"west":{"uv":[5.0,5.5,5.5,6.0],"texture":"#0"},"up":{"uv":[6.0,5.5,5.5,5.0],"texture":"#0"},"down":{"uv":[6.0,5.5,5.5,6.0],"texture":"#0"}}},{"from":[11.0,0.0,8.0],"to":[12.0,1.0,9.0],"rotation":{"origin":[0.0,0.0,0.0],"axis":"z","angle":45.0},"faces":{"north":{"uv":[0.0,6.0,0.5,6.5],"texture":"#0"},"east":{"uv":[6.0,0.0,6.5,0.5],"texture":"#0"},"south":{"uv":[0.5,6.0,1.0,6.5],"texture":"#0"},"west":{"uv":[6.0,0.5,6.5,1.0],"texture":"#0"},"up":{"uv":[1.5,6.5,1.0,6.0],"texture":"#0"},"down":{"uv":[6.5,1.0,6.0,1.5],"texture":"#0"}}},{"from":[11.0,1.0,8.0],"to":[12.0,2.0,9.0],"rotation":{"origin":[0.0,0.0,0.0],"axis":"z","angle":45.0},"faces":{"north":{"uv":[1.5,6.0,2.0,6.5],"texture":"#0"},"east":{"uv":[6.0,1.5,6.5,2.0],"texture":"#0"},"south":{"uv":[2.0,6.0,2.5,6.5],"texture":"#0"},"west":{"uv":[6.0,2.0,6.5,2.5],"texture":"#0"},"up":{"uv":[3.0,6.5,2.5,6.0],"texture":"#0"},"down":{"uv":[6.5,2.5,6.0,3.0],"texture":"#0"}}},{"from":[12.0,0.0,8.0],"to":[13.0,1.0,9.0],"rotation":{"origin":[0.0,0.0,0.0],"axis":"z","angle":45.0},"faces":{"north":{"uv":[3.0,6.0,3.5,6.5],"texture":"#0"},"east":{"uv":[6.0,3.0,6.5,3.5],"texture":"#0"},"south":{"uv":[3.5,6.0,4.0,6.5],"texture":"#0"},"west":{"uv":[6.0,3.5,6.5,4.0],"texture":"#0"},"up":{"uv":[4.5,6.5,4.0,6.0],"texture":"#0"},"down":{"uv":[6.5,4.0,6.0,4.5],"texture":"#0"}}},{"from":[12.0,1.0,8.0],"to":[13.0,2.0,9.0],"rotation":{"origin":[0.0,0.0,0.0],"axis":"z","angle":45.0},"faces":{"north":{"uv":[4.5,6.0,5.0,6.5],"texture":"#0"},"east":{"uv":[6.0,4.5,6.5,5.0],"texture":"#0"},"south":{"uv":[5.0,6.0,5.5,6.5],"texture":"#0"},"west":{"uv":[6.0,5.0,6.5,5.5],"texture":"#0"},"up":{"uv":[6.0,6.5,5.5,6.0],"texture":"#0"},"down":{"uv":[6.5,5.5,6.0,6.0],"texture":"#0"}}},{"from":[12.0,2.0,8.0],"to":[13.0,3.0,9.0],"rotation":{"origin":[0.0,0.0,0.0],"axis":"z","angle":45.0},"faces":{"north":{"uv":[6.0,6.0,6.5,6.5],"texture":"#0"},"east":{"uv":[0.0,6.5,0.5,7.0],"texture":"#0"},"south":{"uv":[6.5,0.0,7.0,0.5],"texture":"#0"},"west":{"uv":[0.5,6.5,1.0,7.0],"texture":"#0"},"up":{"uv":[7.0,1.0,6.5,0.5],"texture":"#0"},"down":{"uv":[1.5,6.5,1.0,7.0],"texture":"#0"}}},{"from":[13.0,1.0,8.0],"to":[14.0,2.0,9.0],"rotation":{"origin":[0.0,0.0,0.0],"axis":"z","angle":45.0},"faces":{"north":{"uv":[6.5,1.0,7.0,1.5],"texture":"#0"},"east":{"uv":[1.5,6.5,2.0,7.0],"texture":"#0"},"south":{"uv":[6.5,1.5,7.0,2.0],"texture":"#0"},"west":{"uv":[2.0,6.5,2.5,7.0],"texture":"#0"},"up":{"uv":[7.0,2.5,6.5,2.0],"texture":"#0"},"down":{"uv":[3.0,6.5,2.5,7.0],"texture":"#0"}}},{"from":[13.0,2.0,8.0],"to":[14.0,3.0,9.0],"rotation":{"origin":[0.0,0.0,0.0],"axis":"z","angle":45.0},"faces":{"north":{"uv":[6.5,2.5,7.0,3.0],"texture":"#0"},"east":{"uv":[3.0,6.5,3.5,7.0],"texture":"#0"},"south":{"uv":[6.5,3.0,7.0,3.5],"texture":"#0"},"west":{"uv":[3.5,6.5,4.0,7.0],"texture":"#0"},"up":{"uv":[7.0,4.0,6.5,3.5],"texture":"#0"},"down":{"uv":[4.5,6.5,4.0,7.0],"texture":"#0"}}},{"from":[14.0,2.0,8.0],"to":[15.0,3.0,9.0],"rotation":{"origin":[0.0,0.0,0.0],"axis":"z","angle":45.0},"faces":{"north":{"uv":[6.5,4.0,7.0,4.5],"texture":"#0"},"east":{"uv":[4.5,6.5,5.0,7.0],"texture":"#0"},"south":{"uv":[6.5,4.5,7.0,5.0],"texture":"#0"},"west":{"uv":[5.0,6.5,5.5,7.0],"texture":"#0"},"up":{"uv":[7.0,5.5,6.5,5.0],"texture":"#0"},"down":{"uv":[6.0,6.5,5.5,7.0],"texture":"#0"}}},{"from":[14.0,3.0,8.0],"to":[15.0,4.0,9.0],"rotation":{"origin":[0.0,0.0,0.0],"axis":"z","angle":45.0},"faces":{"north":{"uv":[6.5,5.5,7.0,6.0],"texture":"#0"},"east":{"uv":[6.0,6.5,6.5,7.0],"texture":"#0"},"south":{"uv":[6.5,6.0,7.0,6.5],"texture":"#0"},"west":{"uv":[6.5,6.5,7.0,7.0],"texture":"#0"},"up":{"uv":[0.5,7.5,0.0,7.0],"texture":"#0"},"down":{"uv":[7.5,0.0,7.0,0.5],"texture":"#0"}}},{"from":[15.0,3.0,8.0],"to":[16.0,4.0,9.0],"rotation":{"origin":[0.0,0.0,0.0],"axis":"z","angle":45.0},"faces":{"north":{"uv":[0.5,7.0,1.0,7.5],"texture":"#0"},"east":{"uv":[7.0,0.5,7.5,1.0],"texture":"#0"},"south":{"uv":[1.0,7.0,1.5,7.5],"texture":"#0"},"west":{"uv":[7.0,1.0,7.5,1.5],"texture":"#0"},"up":{"uv":[2.0,7.5,1.5,7.0],"texture":"#0"},"down":{"uv":[7.5,1.5,7.0,2.0],"texture":"#0"}}},{"from":[15.0,4.0,8.0],"to":[16.0,5.0,9.0],"rotation":{"origin":[0.0,0.0,0.0],"axis":"z","angle":45.0},"faces":{"north":{"uv":[2.0,7.0,2.5,7.5],"texture":"#0"},"east":{"uv":[7.0,2.0,7.5,2.5],"texture":"#0"},"south":{"uv":[2.5,7.0,3.0,7.5],"texture":"#0"},"west":{"uv":[7.0,2.5,7.5,3.0],"texture":"#0"},"up":{"uv":[3.5,7.5,3.0,7.0],"texture":"#0"},"down":{"uv":[7.5,3.0,7.0,3.5],"texture":"#0"}}},{"from":[15.0,5.0,8.0],"to":[16.0,6.0,9.0],"rotation":{"origin":[0.0,0.0,0.0],"axis":"z","angle":45.0},"faces":{"north":{"uv":[3.5,7.0,4.0,7.5],"texture":"#0"},"east":{"uv":[7.0,3.5,7.5,4.0],"texture":"#0"},"south":{"uv":[4.0,7.0,4.5,7.5],"texture":"#0"},"west":{"uv":[7.0,4.0,7.5,4.5],"texture":"#0"},"up":{"uv":[5.0,7.5,4.5,7.0],"texture":"#0"},"down":{"uv":[7.5,4.5,7.0,5.0],"texture":"#0"}}},{"from":[16.0,5.0,8.0],"to":[17.0,6.0,9.0],"rotation":{"origin":[0.0,0.0,0.0],"axis":"z","angle":45.0},"faces":{"north":{"uv":[5.0,7.0,5.5,7.5],"texture":"#0"},"east":{"uv":[7.0,5.0,7.5,5.5],"texture":"#0"},"south":{"uv":[5.5,7.0,6.0,7.5],"texture":"#0"},"west":{"uv":[7.0,5.5,7.5,6.0],"texture":"#0"},"up":{"uv":[6.5,7.5,6.0,7.0],"texture":"#0"},"down":{"uv":[7.5,6.0,7.0,6.5],"texture":"#0"}}},{"from":[17.0,5.0,8.0],"to":[18.0,6.0,9.0],"rotation":{"origin":[0.0,0.0,0.0],"axis":"z","angle":45.0},"faces":{"north":{"uv":[6.5,7.0,7.0,7.5],"texture":"#0"},"east":{"uv":[7.0,6.5,7.5,7.0],"texture":"#0"},"south":{"uv":[7.0,7.0,7.5,7.5],"texture":"#0"},"west":{"uv":[0.0,7.5,0.5,8.0],"texture":"#0"},"up":{"uv":[8.0,0.5,7.5,0.0],"texture":"#0"},"down":{"uv":[1.0,7.5,0.5,8.0],"texture":"#0"}}},{"from":[17.0,6.0,8.0],"to":[18.0,7.0,9.0],"rotation":{"origin":[0.0,0.0,0.0],"axis":"z","angle":45.0},"faces":{"north":{"uv":[7.5,0.5,8.0,1.0],"texture":"#0"},"east":{"uv":[1.0,7.5,1.5,8.0],"texture":"#0"},"south":{"uv":[7.5,1.0,8.0,1.5],"texture":"#0"},"west":{"uv":[1.5,7.5,2.0,8.0],"texture":"#0"},"up":{"uv":[8.0,2.0,7.5,1.5],"texture":"#0"},"down":{"uv":[2.5,7.5,2.0,8.0],"texture":"#0"}}},{"from":[17.0,7.0,8.0],"to":[18.0,8.0,9.0],"rotation":{"origin":[0.0,0.0,0.0],"axis":"z","angle":45.0},"faces":{"north":{"uv":[7.5,2.0,8.0,2.5],"texture":"#0"},"east":{"uv":[2.5,7.5,3.0,8.0],"texture":"#0"},"south":{"uv":[7.5,2.5,8.0,3.0],"texture":"#0"},"west":{"uv":[3.0,7.5,3.5,8.0],"texture":"#0"},"up":{"uv":[8.0,3.5,7.5,3.0],"texture":"#0"},"down":{"uv":[4.0,7.5,3.5,8.0],"texture":"#0"}}},{"from":[18.0,7.0,8.0],"to":[19.0,8.0,9.0],"rotation":{"origin":[0.0,0.0,0.0],"axis":"z","angle":45.0},"faces":{"north":{"uv":[7.5,3.5,8.0,4.0],"texture":"#0"},"east":{"uv":[4.0,7.5,4.5,8.0],"texture":"#0"},"south":{"uv":[7.5,4.0,8.0,4.5],"texture":"#0"},"west":{"uv":[4.5,7.5,5.0,8.0],"texture":"#0"},"up":{"uv":[8.0,5.0,7.5,4.5],"texture":"#0"},"down":{"uv":[5.5,7.5,5.0,8.0],"texture":"#0"}}},{"from":[18.0,6.0,8.0],"to":[19.0,7.0,9.0],"rotation":{"origin":[0.0,0.0,0.0],"axis":"z","angle":45.0},"faces":{"north":{"uv":[7.5,5.0,8.0,5.5],"texture":"#0"},"east":{"uv":[5.5,7.5,6.0,8.0],"texture":"#0"},"south":{"uv":[7.5,5.5,8.0,6.0],"texture":"#0"},"west":{"uv":[6.0,7.5,6.5,8.0],"texture":"#0"},"up":{"uv":[8.0,6.5,7.5,6.0],"texture":"#0"},"down":{"uv":[7.0,7.5,6.5,8.0],"texture":"#0"}}},{"from":[16.0,6.0,8.0],"to":[17.0,7.0,9.0],"rotation":{"origin":[0.0,0.0,0.0],"axis":"z","angle":45.0},"faces":{"north":{"uv":[7.5,6.5,8.0,7.0],"texture":"#0"},"east":{"uv":[7.0,7.5,7.5,8.0],"texture":"#0"},"south":{"uv":[7.5,7.0,8.0,7.5],"texture":"#0"},"west":{"uv":[7.5,7.5,8.0,8.0],"texture":"#0"},"up":{"uv":[0.5,8.5,0.0,8.0],"texture":"#0"},"down":{"uv":[8.5,0.0,8.0,0.5],"texture":"#0"}}},{"from":[16.0,4.0,8.0],"to":[17.0,5.0,9.0],"rotation":{"origin":[0.0,0.0,0.0],"axis":"z","angle":45.0},"faces":{"north":{"uv":[0.5,8.0,1.0,8.5],"texture":"#0"},"east":{"uv":[8.0,0.5,8.5,1.0],"texture":"#0"},"south":{"uv":[1.0,8.0,1.5,8.5],"texture":"#0"},"west":{"uv":[8.0,1.0,8.5,1.5],"texture":"#0"},"up":{"uv":[2.0,8.5,1.5,8.0],"texture":"#0"},"down":{"uv":[8.5,1.5,8.0,2.0],"texture":"#0"}}},{"from":[14.0,4.0,8.0],"to":[15.0,5.0,9.0],"rotation":{"origin":[0.0,0.0,0.0],"axis":"z","angle":45.0},"faces":{"north":{"uv":[2.0,8.0,2.5,8.5],"texture":"#0"},"east":{"uv":[8.0,2.0,8.5,2.5],"texture":"#0"},"south":{"uv":[2.5,8.0,3.0,8.5],"texture":"#0"},"west":{"uv":[8.0,2.5,8.5,3.0],"texture":"#0"},"up":{"uv":[3.5,8.5,3.0,8.0],"texture":"#0"},"down":{"uv":[8.5,3.0,8.0,3.5],"texture":"#0"}}},{"from":[13.0,3.0,8.0],"to":[14.0,4.0,9.0],"rotation":{"origin":[0.0,0.0,0.0],"axis":"z","angle":45.0},"faces":{"north":{"uv":[3.5,8.0,4.0,8.5],"texture":"#0"},"east":{"uv":[8.0,3.5,8.5,4.0],"texture":"#0"},"south":{"uv":[4.0,8.0,4.5,8.5],"texture":"#0"},"west":{"uv":[8.0,4.0,8.5,4.5],"texture":"#0"},"up":{"uv":[5.0,8.5,4.5,8.0],"texture":"#0"},"down":{"uv":[8.5,4.5,8.0,5.0],"texture":"#0"}}}],"textures":{"particle":"819a4520-2978-4027-af73-1efc110c9c25","0":"819a4520-2978-4027-af73-1efc110c9c25"}}