{"display":{"thirdperson_righthand":{"translation":[0.0,3.75,1.0],"scale":[0.7,0.7,0.7]},"thirdperson_lefthand":{"translation":[0.0,3.75,1.0],"scale":[0.7,0.7,0.7]},"firstperson_righthand":{"rotation":[-11.5,16.0,0.0],"translation":[0.0,6.75,1.25],"scale":[0.5,0.5,0.5]},"firstperson_lefthand":{"rotation":[-11.5,16.0,0.0],"translation":[0.0,6.75,1.25],"scale":[0.5,0.5,0.5]},"ground":{"rotation":[-90.0,145.0,90.0],"scale":[0.5,0.5,0.5]},"gui":{"rotation":[-90.0,-128.25,-90.0],"translation":[-2.75,1.75,-3.0],"scale":[0.7,0.7,0.7]},"head":{"rotation":[-90.0,145.0,90.0],"translation":[6.0,0.0,-3.0]},"fixed":{"rotation":[-90.0,145.0,90.0],"translation":[4.75,0.0,-3.0]}},"elements":[{"from":[7.0,-5.25371,-3.65563],"to":[9.0,-2.25371,-0.65563],"rotation":{"origin":[7.71705,5.17202,6.91549],"axis":"x","angle":-45.0},"faces":{"north":{"uv":[9.0,14.5,11.0,15.5],"texture":"#0","rotation":270},"east":{"uv":[8.0,8.5,10.0,10.5],"texture":"#0"},"south":{"uv":[9.0,12.5,11.0,13.5],"texture":"#0","rotation":90},"west":{"uv":[8.0,10.5,10.0,12.5],"texture":"#0","rotation":180},"up":{"uv":[9.0,13.5,11.0,14.5],"texture":"#0","rotation":270},"down":{"uv":[11.0,14.5,13.0,15.5],"texture":"#0","rotation":90}}},{"from":[7.0,-6.80368,5.81268],"to":[9.0,12.19632,7.81268],"rotation":{"origin":[7.71705,5.17202,6.91549],"axis":"x","angle":0.0},"faces":{"north":{"uv":[4.5,0.0,6.0,13.5],"texture":"#0"},"east":{"uv":[3.0,0.0,4.5,13.5],"texture":"#0"},"south":{"uv":[1.5,0.0,3.0,13.5],"texture":"#0"},"west":{"uv":[0.0,0.0,1.5,13.5],"texture":"#0"},"up":{"uv":[1.5,15.5,0.0,14.0],"texture":"#0","rotation":270},"down":{"uv":[3.0,15.5,1.5,14.0],"texture":"#0","rotation":90}}},{"from":[6.8,-7.00368,5.61268],"to":[9.2,-4.60368,8.01268],"rotation":{"origin":[7.71705,5.17202,6.91549],"axis":"x","angle":0.0},"faces":{"north":{"uv":[7.5,14.0,9.0,15.5],"texture":"#0"},"east":{"uv":[3.0,14.0,4.5,15.5],"texture":"#0"},"south":{"uv":[4.5,14.0,6.0,15.5],"texture":"#0"},"west":{"uv":[6.0,14.0,7.5,15.5],"texture":"#0"},"up":{"uv":[6.0,12.5,7.5,14.0],"texture":"#0"},"down":{"uv":[7.5,12.5,9.0,14.0],"texture":"#0"}}},{"from":[6.9,11.45486,5.71268],"to":[9.1,13.65486,7.91268],"rotation":{"origin":[7.71705,5.17202,6.91549],"axis":"x","angle":0.0},"faces":{"north":{"uv":[7.5,15.5,9.0,14.0],"texture":"#0"},"east":{"uv":[3.0,15.5,4.5,14.0],"texture":"#0"},"south":{"uv":[4.5,15.5,6.0,14.0],"texture":"#0"},"west":{"uv":[6.0,15.5,7.5,14.0],"texture":"#0"},"up":{"uv":[7.5,14.0,9.0,12.5],"texture":"#0"},"down":{"uv":[6.0,14.0,7.5,12.5],"texture":"#0"}}},{"from":[6.5875,0.09632,7.83768],"to":[6.7875,1.29632,9.03768],"rotation":{"origin":[7.71705,5.17202,6.91549],"axis":"x","angle":0.0},"faces":{"north":{"uv":[14.5,14.5,14.0,15.5],"texture":"#0","rotation":180},"south":{"uv":[13.5,14.5,13.0,15.5],"texture":"#0"},"west":{"uv":[16.0,14.5,15.0,15.5],"texture":"#0","rotation":90},"up":{"uv":[15.0,14.5,14.5,15.5],"texture":"#0","rotation":180},"down":{"uv":[14.0,14.5,13.5,15.5],"texture":"#0"}}},{"from":[6.5875,5.53382,7.83768],"to":[6.7875,6.73382,9.03768],"rotation":{"origin":[7.71705,5.17202,6.91549],"axis":"x","angle":0.0},"faces":{"north":{"uv":[15.0,14.5,14.5,15.5],"texture":"#0"},"south":{"uv":[14.0,14.5,13.5,15.5],"texture":"#0"},"west":{"uv":[16.0,14.5,15.0,15.5],"texture":"#0"},"up":{"uv":[13.5,14.5,13.0,15.5],"texture":"#0"},"down":{"uv":[14.5,14.5,14.0,15.5],"texture":"#0"}}},{"from":[6.7125,1.31139,8.01353],"to":[6.7125,5.51139,8.61353],"rotation":{"origin":[7.71705,5.17202,6.91549],"axis":"x","angle":0.0},"faces":{"east":{"uv":[14.5,14.0,11.0,14.5],"texture":"#0","rotation":270},"west":{"uv":[11.0,14.0,14.5,14.5],"texture":"#0","rotation":90}}},{"from":[9.2125,5.53382,7.83768],"to":[9.4125,6.73382,9.03768],"rotation":{"origin":[8.28295,5.17202,6.91549],"axis":"x","angle":0.0},"faces":{"north":{"uv":[14.5,14.5,15.0,15.5],"texture":"#0"},"east":{"uv":[15.0,14.5,16.0,15.5],"texture":"#0"},"south":{"uv":[13.5,14.5,14.0,15.5],"texture":"#0"},"up":{"uv":[13.0,14.5,13.5,15.5],"texture":"#0"},"down":{"uv":[14.0,14.5,14.5,15.5],"texture":"#0"}}},{"from":[9.2875,1.31139,8.01353],"to":[9.2875,5.51139,8.61353],"rotation":{"origin":[8.28295,5.17202,6.91549],"axis":"x","angle":0.0},"faces":{"east":{"uv":[11.0,14.5,14.5,14.0],"texture":"#0","rotation":90},"west":{"uv":[14.5,14.5,11.0,14.0],"texture":"#0","rotation":270}}},{"from":[9.2125,0.09632,7.83768],"to":[9.4125,1.29632,9.03768],"rotation":{"origin":[8.28295,5.17202,6.91549],"axis":"x","angle":0.0},"faces":{"north":{"uv":[14.0,14.5,14.5,15.5],"texture":"#0","rotation":180},"east":{"uv":[16.0,15.5,15.0,14.5],"texture":"#0","rotation":90},"south":{"uv":[13.0,14.5,13.5,15.5],"texture":"#0"},"up":{"uv":[14.5,14.5,15.0,15.5],"texture":"#0","rotation":180},"down":{"uv":[13.5,14.5,14.0,15.5],"texture":"#0"}}},{"from":[6.8,-1.00368,6.86268],"to":[9.2,7.39632,9.26268],"rotation":{"origin":[7.71705,5.17202,6.91549],"axis":"x","angle":0.0},"faces":{"north":{"uv":[12.0,0.0,14.0,6.5],"texture":"#0"},"east":{"uv":[10.0,0.0,12.0,6.5],"texture":"#0"},"south":{"uv":[8.0,0.0,10.0,6.5],"texture":"#0"},"west":{"uv":[6.0,0.0,8.0,6.5],"texture":"#0"},"up":{"uv":[8.0,8.5,6.0,6.5],"texture":"#0","rotation":270},"down":{"uv":[10.0,8.5,8.0,6.5],"texture":"#0","rotation":90}}},{"from":[6.8,13.71153,1.62238],"to":[9.2,16.11153,9.02238],"rotation":{"origin":[7.71705,5.17202,6.91549],"axis":"x","angle":0.0},"faces":{"north":{"uv":[16.0,6.5,14.0,4.5],"texture":"#0","rotation":90},"east":{"uv":[14.0,6.5,16.0,12.5],"texture":"#0","rotation":270},"south":{"uv":[16.0,6.5,14.0,4.5],"texture":"#0","rotation":90},"west":{"uv":[10.0,6.5,12.0,12.5],"texture":"#0","rotation":270},"up":{"uv":[12.0,6.5,14.0,12.5],"texture":"#0","rotation":180},"down":{"uv":[14.0,12.5,12.0,6.5],"texture":"#0"}}},{"from":[8.0,14.08201,-1.78833],"to":[8.0,18.08201,6.21167],"rotation":{"origin":[7.71705,5.17202,6.91549],"axis":"x","angle":-22.5},"faces":{"east":{"uv":[0.0,0.0,13.0,7.0],"texture":"#1"},"south":{"uv":[0.0,0.0,0.0,0.0],"texture":"#1","rotation":90},"west":{"uv":[13.0,0.0,0.0,7.0],"texture":"#1"}}},{"from":[8.0,12.47542,4.40416],"to":[8.0,16.47542,12.40416],"rotation":{"origin":[6.91705,5.17202,6.91549],"axis":"x","angle":22.5},"faces":{"east":{"uv":[0.0,7.0,13.0,14.0],"texture":"#1"},"south":{"uv":[0.0,0.0,0.0,0.0],"texture":"#1","rotation":90},"west":{"uv":[13.0,7.0,0.0,14.0],"texture":"#1"}}}],"textures":{"particle":"b706771f-afad-4ce2-b27c-1eadd05d48a3","0":"b706771f-afad-4ce2-b27c-1eadd05d48a3","1":"e5bb7169-3f31-4ea1-a13f-c779282ce451"},"gui_light":"front"}