{"display":{"fixed":{"rotation":[-90.0,0.0,0.0],"translation":[0.0,0.0,-12.75],"scale":[1.6,1.6,1.6]}},"elements":[{"from":[6.0,8.0,6.0],"to":[10.0,9.0,10.0],"faces":{"down":{"uv":[7.5,0.75,7.0,1.25],"texture":"#2"},"up":{"uv":[7.375,6.375,6.875,5.875],"texture":"#2"},"north":{"uv":[8.0,3.125,8.5,3.25],"texture":"#2"},"south":{"uv":[3.375,8.0,3.875,8.125],"texture":"#2"},"west":{"uv":[8.0,3.375,8.5,3.5],"texture":"#2"},"east":{"uv":[8.0,3.25,8.5,3.375],"texture":"#2"}}},{"from":[6.0,0.0,6.0],"to":[10.0,2.0,10.0],"faces":{"down":{"uv":[7.75,6.375,7.25,6.875],"texture":"#2"},"up":{"uv":[7.5,2.75,7.0,2.25],"texture":"#2"},"north":{"uv":[7.0,2.75,7.5,3.0],"texture":"#2"},"south":{"uv":[7.875,4.0,8.375,4.25],"texture":"#2"},"west":{"uv":[7.875,4.25,8.375,4.5],"texture":"#2"},"east":{"uv":[7.875,3.75,8.375,4.0],"texture":"#2"}}},{"from":[6.3,1.9,6.3],"to":[9.699999,8.3,9.699999],"faces":{"down":{"uv":[7.5,1.75,7.0,2.25],"texture":"#2"},"up":{"uv":[7.5,1.75,7.0,1.25],"texture":"#2"},"north":{"uv":[3.375,6.75,3.875,7.625],"texture":"#2"},"south":{"uv":[4.375,6.75,4.875,7.625],"texture":"#2"},"west":{"uv":[4.875,6.75,5.375,7.625],"texture":"#2"},"east":{"uv":[3.875,6.75,4.375,7.625],"texture":"#2"}}},{"from":[6.4,7.0,6.5],"to":[9.4,22.0,9.5],"rotation":{"origin":[7.5,8.0,7.5],"axis":"z","angle":22.5},"faces":{"down":{"uv":[4.5,7.625,4.125,8.0],"texture":"#2"},"up":{"uv":[4.125,8.0,3.75,7.625],"texture":"#2"},"north":{"uv":[0.375,6.75,0.75,8.625],"texture":"#2"},"south":{"uv":[1.125,6.75,1.5,8.625],"texture":"#2"},"west":{"uv":[1.5,6.75,1.875,8.625],"texture":"#2"},"east":{"uv":[0.75,6.75,1.125,8.625],"texture":"#2"}}},{"from":[6.4,6.0,6.5],"to":[9.4,9.0,24.5],"rotation":{"origin":[7.5,8.0,7.5],"axis":"x","angle":-45.0},"faces":{"down":{"uv":[0.375,6.75,0.0,9.0],"texture":"#2"},"up":{"uv":[7.0,3.0,6.625,0.75],"texture":"#2"},"north":{"uv":[7.75,5.875,8.125,6.25],"texture":"#2"},"south":{"uv":[7.75,6.25,8.125,6.625],"texture":"#2"},"west":{"uv":[6.625,0.375,8.875,0.75],"texture":"#2"},"east":{"uv":[6.625,0.0,8.875,0.375],"texture":"#2"}}},{"from":[7.7,23.0,6.5],"to":[10.7,24.0,9.5],"rotation":{"origin":[7.5,8.0,7.5],"axis":"z","angle":-45.0},"faces":{"down":{"uv":[8.125,7.0,7.75,7.375],"texture":"#2"},"up":{"uv":[8.125,7.0,7.75,6.625],"texture":"#2"},"north":{"uv":[0.375,8.875,0.75,9.0],"texture":"#2"},"south":{"uv":[8.875,0.5,9.25,0.625],"texture":"#2"},"west":{"uv":[8.875,0.625,9.25,0.75],"texture":"#2"},"east":{"uv":[8.875,0.375,9.25,0.5],"texture":"#2"}}},{"from":[7.2,22.0,6.0],"to":[11.2,23.0,10.0],"rotation":{"origin":[7.5,8.0,7.5],"axis":"z","angle":-45.0},"faces":{"down":{"uv":[7.875,4.875,7.375,5.375],"texture":"#2"},"up":{"uv":[7.75,7.375,7.25,6.875],"texture":"#2"},"north":{"uv":[7.625,8.5,8.125,8.625],"texture":"#2"},"south":{"uv":[0.375,8.625,0.875,8.75],"texture":"#2"},"west":{"uv":[0.875,8.625,1.375,8.75],"texture":"#2"},"east":{"uv":[8.125,8.5,8.625,8.625],"texture":"#2"}}},{"from":[6.7,21.0,5.5],"to":[11.7,22.0,10.5],"rotation":{"origin":[7.5,8.0,7.5],"axis":"z","angle":-45.0},"faces":{"down":{"uv":[7.5,3.0,6.875,3.625],"texture":"#2"},"up":{"uv":[7.25,7.375,6.625,6.75],"texture":"#2"},"north":{"uv":[8.0,1.625,8.625,1.75],"texture":"#2"},"south":{"uv":[8.0,1.875,8.625,2.0],"texture":"#2"},"west":{"uv":[8.0,2.0,8.625,2.125],"texture":"#2"},"east":{"uv":[8.0,1.75,8.625,1.875],"texture":"#2"}}},{"from":[6.2,23.0,6.5],"to":[9.2,24.0,9.5],"rotation":{"origin":[7.5,8.0,7.5],"axis":"z","angle":22.5},"faces":{"down":{"uv":[8.125,7.0,7.75,7.375],"texture":"#2"},"up":{"uv":[8.125,7.0,7.75,6.625],"texture":"#2"},"north":{"uv":[0.375,8.875,0.75,9.0],"texture":"#2"},"south":{"uv":[8.875,0.5,9.25,0.625],"texture":"#2"},"west":{"uv":[8.875,0.625,9.25,0.75],"texture":"#2"},"east":{"uv":[8.875,0.375,9.25,0.5],"texture":"#2"}}},{"from":[5.7,22.0,6.0],"to":[9.7,23.0,10.0],"rotation":{"origin":[7.5,8.0,7.5],"axis":"z","angle":22.5},"faces":{"down":{"uv":[7.875,4.875,7.375,5.375],"texture":"#2"},"up":{"uv":[7.75,7.375,7.25,6.875],"texture":"#2"},"north":{"uv":[7.625,8.5,8.125,8.625],"texture":"#2"},"south":{"uv":[0.375,8.625,0.875,8.75],"texture":"#2"},"west":{"uv":[0.875,8.625,1.375,8.75],"texture":"#2"},"east":{"uv":[8.125,8.5,8.625,8.625],"texture":"#2"}}},{"from":[5.2,21.0,5.5],"to":[10.2,22.0,10.5],"rotation":{"origin":[7.5,8.0,7.5],"axis":"z","angle":22.5},"faces":{"down":{"uv":[7.5,3.0,6.875,3.625],"texture":"#2"},"up":{"uv":[7.25,7.375,6.625,6.75],"texture":"#2"},"north":{"uv":[8.0,1.625,8.625,1.75],"texture":"#2"},"south":{"uv":[8.0,1.875,8.625,2.0],"texture":"#2"},"west":{"uv":[8.0,2.0,8.625,2.125],"texture":"#2"},"east":{"uv":[8.0,1.75,8.625,1.875],"texture":"#2"}}},{"from":[6.2,26.0,6.7],"to":[9.2,27.0,9.7],"rotation":{"origin":[7.5,8.0,7.5],"axis":"x","angle":45.0},"faces":{"down":{"uv":[8.125,7.0,7.75,7.375],"texture":"#2"},"up":{"uv":[8.125,7.0,7.75,6.625],"texture":"#2"},"north":{"uv":[0.375,8.875,0.75,9.0],"texture":"#2"},"south":{"uv":[8.875,0.5,9.25,0.625],"texture":"#2"},"west":{"uv":[8.875,0.625,9.25,0.75],"texture":"#2"},"east":{"uv":[8.875,0.375,9.25,0.5],"texture":"#2"}}},{"from":[5.7,25.0,6.2],"to":[9.7,26.0,10.2],"rotation":{"origin":[7.5,8.0,7.5],"axis":"x","angle":45.0},"faces":{"down":{"uv":[7.875,4.875,7.375,5.375],"texture":"#2"},"up":{"uv":[7.75,7.375,7.25,6.875],"texture":"#2"},"north":{"uv":[7.625,8.5,8.125,8.625],"texture":"#2"},"south":{"uv":[0.375,8.625,0.875,8.75],"texture":"#2"},"west":{"uv":[0.875,8.625,1.375,8.75],"texture":"#2"},"east":{"uv":[8.125,8.5,8.625,8.625],"texture":"#2"}}},{"from":[5.2,24.0,5.7],"to":[10.2,25.0,10.7],"rotation":{"origin":[7.5,8.0,7.5],"axis":"x","angle":45.0},"faces":{"down":{"uv":[7.5,3.0,6.875,3.625],"texture":"#2"},"up":{"uv":[7.25,7.375,6.625,6.75],"texture":"#2"},"north":{"uv":[8.0,1.625,8.625,1.75],"texture":"#2"},"south":{"uv":[8.0,1.875,8.625,2.0],"texture":"#2"},"west":{"uv":[8.0,2.0,8.625,2.125],"texture":"#2"},"east":{"uv":[8.0,1.75,8.625,1.875],"texture":"#2"}}},{"from":[2.5081,16.3776,6.1],"to":[5.5081,17.3776,10.1],"rotation":{"origin":[1.8,16.9,8.1],"axis":"z","angle":22.5},"faces":{"down":{"uv":[7.0,7.375,6.625,7.875],"texture":"#2"},"up":{"uv":[6.625,7.875,6.25,7.375],"texture":"#2"},"north":{"uv":[8.625,3.125,9.0,3.25],"texture":"#2"},"south":{"uv":[8.625,3.25,9.0,3.375],"texture":"#2"},"west":{"uv":[8.125,6.5,8.625,6.625],"texture":"#2"},"east":{"uv":[8.125,6.375,8.625,6.5],"texture":"#2"}}},{"from":[-4.96,16.8326,1.1],"to":[8.04,16.8336,15.1],"rotation":{"origin":[1.8,16.9,8.1],"axis":"z","angle":22.5},"faces":{"down":{"uv":[3.25,1.75,1.625,3.5],"texture":"#2"},"up":{"uv":[1.625,3.5,0.0,1.75],"texture":"#2"},"north":{"uv":[0.0,0.0,1.625,0.0],"texture":"#2"},"south":{"uv":[0.0,0.0,1.625,0.0],"texture":"#2"},"west":{"uv":[0.0,0.0,1.75,0.0],"texture":"#2"},"east":{"uv":[0.0,0.0,1.75,0.0],"texture":"#2"}}},{"from":[0.5081,16.3776,5.1],"to":[4.5081,17.3776,6.1],"rotation":{"origin":[1.8,16.9,8.1],"axis":"z","angle":22.5},"faces":{"down":{"uv":[8.625,7.0,8.125,7.125],"texture":"#2"},"up":{"uv":[8.625,7.0,8.125,6.875],"texture":"#2"},"north":{"uv":[8.125,6.625,8.625,6.75],"texture":"#2"},"south":{"uv":[8.125,6.75,8.625,6.875],"texture":"#2"},"west":{"uv":[9.0,3.0,9.125,3.125],"texture":"#2"},"east":{"uv":[9.0,2.875,9.125,3.0],"texture":"#2"}}},{"from":[-0.4919,16.3776,4.1],"to":[2.5081,17.3776,5.1],"rotation":{"origin":[1.8,16.9,8.1],"axis":"z","angle":22.5},"faces":{"down":{"uv":[4.625,8.625,4.25,8.75],"texture":"#2"},"up":{"uv":[9.0,3.625,8.625,3.5],"texture":"#2"},"north":{"uv":[8.625,3.375,9.0,3.5],"texture":"#2"},"south":{"uv":[3.5,8.625,3.875,8.75],"texture":"#2"},"west":{"uv":[9.0,3.125,9.125,3.25],"texture":"#2"},"east":{"uv":[3.125,9.0,3.25,9.125],"texture":"#2"}}},{"from":[-3.4919,16.3776,7.6],"to":[-1.4919,17.3776,8.6],"rotation":{"origin":[1.8,16.9,8.1],"axis":"z","angle":22.5},"faces":{"down":{"uv":[9.125,4.625,8.875,4.75],"texture":"#2"},"up":{"uv":[4.75,9.0,4.5,8.875],"texture":"#2"},"north":{"uv":[8.875,4.0,9.125,4.125],"texture":"#2"},"south":{"uv":[4.25,8.875,4.5,9.0],"texture":"#2"},"west":{"uv":[9.0,3.25,9.125,3.375],"texture":"#2"},"east":{"uv":[3.25,9.0,3.375,9.125],"texture":"#2"}}},{"from":[-0.4919,16.3776,11.1],"to":[2.5081,17.3776,12.1],"rotation":{"origin":[1.8,16.9,8.1],"axis":"z","angle":22.5},"faces":{"down":{"uv":[6.25,8.625,5.875,8.75],"texture":"#2"},"up":{"uv":[5.75,8.75,5.375,8.625],"texture":"#2"},"north":{"uv":[4.625,8.625,5.0,8.75],"texture":"#2"},"south":{"uv":[5.0,8.625,5.375,8.75],"texture":"#2"},"west":{"uv":[9.0,3.375,9.125,3.5],"texture":"#2"},"east":{"uv":[3.375,9.0,3.5,9.125],"texture":"#2"}}},{"from":[0.5081,16.3776,10.1],"to":[4.5081,17.3776,11.1],"rotation":{"origin":[1.8,16.9,8.1],"axis":"z","angle":22.5},"faces":{"down":{"uv":[8.625,7.5,8.125,7.625],"texture":"#2"},"up":{"uv":[8.625,7.5,8.125,7.375],"texture":"#2"},"north":{"uv":[8.125,7.125,8.625,7.25],"texture":"#2"},"south":{"uv":[8.125,7.25,8.625,7.375],"texture":"#2"},"west":{"uv":[9.0,3.5,9.125,3.625],"texture":"#2"},"east":{"uv":[3.5,9.0,3.625,9.125],"texture":"#2"}}},{"from":[-1.4919,16.3776,7.1],"to":[2.5081,17.3776,9.1],"rotation":{"origin":[1.8,16.9,8.1],"axis":"z","angle":22.5},"faces":{"down":{"uv":[5.75,7.875,5.25,8.125],"texture":"#2"},"up":{"uv":[8.375,5.25,7.875,5.0],"texture":"#2"},"north":{"uv":[8.125,7.625,8.625,7.75],"texture":"#2"},"south":{"uv":[7.75,8.125,8.25,8.25],"texture":"#2"},"west":{"uv":[8.875,4.75,9.125,4.875],"texture":"#2"},"east":{"uv":[4.75,8.875,5.0,9.0],"texture":"#2"}}},{"from":[4.0919,18.3776,6.1],"to":[7.0919,19.3776,10.1],"rotation":{"origin":[1.8,16.9,8.1],"axis":"y","angle":22.5},"faces":{"down":{"uv":[7.75,7.375,7.375,7.875],"texture":"#2"},"up":{"uv":[7.375,7.875,7.0,7.375],"texture":"#2"},"north":{"uv":[8.625,5.875,9.0,6.0],"texture":"#2"},"south":{"uv":[8.625,6.0,9.0,6.125],"texture":"#2"},"west":{"uv":[8.125,7.875,8.625,8.0],"texture":"#2"},"east":{"uv":[8.125,7.75,8.625,7.875],"texture":"#2"}}},{"from":[1.56,18.8326,1.1],"to":[14.56,18.8336,15.1],"rotation":{"origin":[1.8,16.9,8.1],"axis":"y","angle":22.5},"faces":{"down":{"uv":[4.875,1.75,3.25,3.5],"texture":"#2"},"up":{"uv":[4.875,1.75,3.25,0.0],"texture":"#2"},"north":{"uv":[0.0,0.0,1.625,0.0],"texture":"#2"},"south":{"uv":[0.0,0.0,1.625,0.0],"texture":"#2"},"west":{"uv":[0.0,0.0,1.75,0.0],"texture":"#2"},"east":{"uv":[0.0,0.0,1.75,0.0],"texture":"#2"}}},{"from":[5.0919,18.3776,10.1],"to":[9.0919,19.3776,11.1],"rotation":{"origin":[1.8,16.9,8.1],"axis":"y","angle":22.5},"faces":{"down":{"uv":[4.875,8.25,4.375,8.375],"texture":"#2"},"up":{"uv":[4.375,8.375,3.875,8.25],"texture":"#2"},"north":{"uv":[8.125,8.0,8.625,8.125],"texture":"#2"},"south":{"uv":[3.375,8.25,3.875,8.375],"texture":"#2"},"west":{"uv":[9.0,3.625,9.125,3.75],"texture":"#2"},"east":{"uv":[3.625,9.0,3.75,9.125],"texture":"#2"}}},{"from":[7.0919,18.3776,11.1],"to":[10.0919,19.3776,12.1],"rotation":{"origin":[1.8,16.9,8.1],"axis":"y","angle":22.5},"faces":{"down":{"uv":[9.0,6.5,8.625,6.625],"texture":"#2"},"up":{"uv":[9.0,6.5,8.625,6.375],"texture":"#2"},"north":{"uv":[8.625,6.125,9.0,6.25],"texture":"#2"},"south":{"uv":[8.625,6.25,9.0,6.375],"texture":"#2"},"west":{"uv":[4.0,9.0,4.125,9.125],"texture":"#2"},"east":{"uv":[3.875,9.0,4.0,9.125],"texture":"#2"}}},{"from":[11.0919,18.3776,7.6],"to":[13.0919,19.3776,8.6],"rotation":{"origin":[1.8,16.9,8.1],"axis":"y","angle":22.5},"faces":{"down":{"uv":[5.5,8.875,5.25,9.0],"texture":"#2"},"up":{"uv":[9.125,5.125,8.875,5.0],"texture":"#2"},"north":{"uv":[8.875,4.875,9.125,5.0],"texture":"#2"},"south":{"uv":[5.0,8.875,5.25,9.0],"texture":"#2"},"west":{"uv":[9.0,4.125,9.125,4.25],"texture":"#2"},"east":{"uv":[4.125,9.0,4.25,9.125],"texture":"#2"}}},{"from":[7.0919,18.3776,4.1],"to":[10.0919,19.3776,5.1],"rotation":{"origin":[1.8,16.9,8.1],"axis":"y","angle":22.5},"faces":{"down":{"uv":[9.0,6.875,8.625,7.0],"texture":"#2"},"up":{"uv":[9.0,6.875,8.625,6.75],"texture":"#2"},"north":{"uv":[6.625,8.625,7.0,8.75],"texture":"#2"},"south":{"uv":[8.625,6.625,9.0,6.75],"texture":"#2"},"west":{"uv":[9.0,4.25,9.125,4.375],"texture":"#2"},"east":{"uv":[4.25,9.0,4.375,9.125],"texture":"#2"}}},{"from":[5.0919,18.3776,5.1],"to":[9.0919,19.3776,6.1],"rotation":{"origin":[1.8,16.9,8.1],"axis":"y","angle":22.5},"faces":{"down":{"uv":[8.75,8.25,8.25,8.375],"texture":"#2"},"up":{"uv":[8.75,8.25,8.25,8.125],"texture":"#2"},"north":{"uv":[4.875,8.25,5.375,8.375],"texture":"#2"},"south":{"uv":[7.75,8.25,8.25,8.375],"texture":"#2"},"west":{"uv":[9.0,4.375,9.125,4.5],"texture":"#2"},"east":{"uv":[4.375,9.0,4.5,9.125],"texture":"#2"}}},{"from":[7.0919,18.3776,7.1],"to":[11.0919,19.3776,9.1],"rotation":{"origin":[1.8,16.9,8.1],"axis":"y","angle":22.5},"faces":{"down":{"uv":[8.375,5.5,7.875,5.75],"texture":"#2"},"up":{"uv":[8.375,5.5,7.875,5.25],"texture":"#2"},"north":{"uv":[1.875,8.375,2.375,8.5],"texture":"#2"},"south":{"uv":[2.375,8.375,2.875,8.5],"texture":"#2"},"west":{"uv":[8.875,5.625,9.125,5.75],"texture":"#2"},"east":{"uv":[5.5,8.875,5.75,9.0],"texture":"#2"}}},{"from":[3.8,12.3776,2.8081],"to":[7.8,13.3776,5.8081],"rotation":{"origin":[1.8,16.9,8.1],"axis":"x","angle":-22.5},"faces":{"down":{"uv":[7.75,7.375,7.375,7.875],"texture":"#2","rotation":90},"up":{"uv":[7.375,7.875,7.0,7.375],"texture":"#2","rotation":270},"north":{"uv":[8.125,7.75,8.625,7.875],"texture":"#2"},"south":{"uv":[8.125,7.875,8.625,8.0],"texture":"#2"},"west":{"uv":[8.625,5.875,9.0,6.0],"texture":"#2"},"east":{"uv":[8.625,6.0,9.0,6.125],"texture":"#2"}}},{"from":[-1.2,12.8326,-4.66],"to":[12.8,12.8336,8.34],"rotation":{"origin":[1.8,16.9,8.1],"axis":"x","angle":-22.5},"faces":{"down":{"uv":[4.875,1.75,3.25,3.5],"texture":"#2","rotation":90},"up":{"uv":[4.875,1.75,3.25,0.0],"texture":"#2","rotation":270},"north":{"uv":[0.0,0.0,1.75,0.0],"texture":"#2"},"south":{"uv":[0.0,0.0,1.75,0.0],"texture":"#2"},"west":{"uv":[0.0,0.0,1.625,0.0],"texture":"#2"},"east":{"uv":[0.0,0.0,1.625,0.0],"texture":"#2"}}},{"from":[7.8,12.3776,0.8081],"to":[8.799999,13.3776,4.8081],"rotation":{"origin":[1.8,16.9,8.1],"axis":"x","angle":-22.5},"faces":{"down":{"uv":[4.875,8.25,4.375,8.375],"texture":"#2","rotation":90},"up":{"uv":[4.375,8.375,3.875,8.25],"texture":"#2","rotation":270},"north":{"uv":[3.625,9.0,3.75,9.125],"texture":"#2"},"south":{"uv":[9.0,3.625,9.125,3.75],"texture":"#2"},"west":{"uv":[8.125,8.0,8.625,8.125],"texture":"#2"},"east":{"uv":[3.375,8.25,3.875,8.375],"texture":"#2"}}},{"from":[8.8,12.3776,-0.1919],"to":[9.8,13.3776,2.8081],"rotation":{"origin":[1.8,16.9,8.1],"axis":"x","angle":-22.5},"faces":{"down":{"uv":[9.0,6.5,8.625,6.625],"texture":"#2","rotation":90},"up":{"uv":[9.0,6.5,8.625,6.375],"texture":"#2","rotation":270},"north":{"uv":[3.875,9.0,4.0,9.125],"texture":"#2"},"south":{"uv":[4.0,9.0,4.125,9.125],"texture":"#2"},"west":{"uv":[8.625,6.125,9.0,6.25],"texture":"#2"},"east":{"uv":[8.625,6.25,9.0,6.375],"texture":"#2"}}},{"from":[5.3,12.3776,-3.1919],"to":[6.3,13.3776,-1.1919],"rotation":{"origin":[1.8,16.9,8.1],"axis":"x","angle":-22.5},"faces":{"down":{"uv":[5.5,8.875,5.25,9.0],"texture":"#2","rotation":90},"up":{"uv":[9.125,5.125,8.875,5.0],"texture":"#2","rotation":270},"north":{"uv":[4.125,9.0,4.25,9.125],"texture":"#2"},"south":{"uv":[9.0,4.125,9.125,4.25],"texture":"#2"},"west":{"uv":[8.875,4.875,9.125,5.0],"texture":"#2"},"east":{"uv":[5.0,8.875,5.25,9.0],"texture":"#2"}}},{"from":[1.8,12.3776,-0.1919],"to":[2.8,13.3776,2.8081],"rotation":{"origin":[1.8,16.9,8.1],"axis":"x","angle":-22.5},"faces":{"down":{"uv":[9.0,6.875,8.625,7.0],"texture":"#2","rotation":90},"up":{"uv":[9.0,6.875,8.625,6.75],"texture":"#2","rotation":270},"north":{"uv":[4.25,9.0,4.375,9.125],"texture":"#2"},"south":{"uv":[9.0,4.25,9.125,4.375],"texture":"#2"},"west":{"uv":[6.625,8.625,7.0,8.75],"texture":"#2"},"east":{"uv":[8.625,6.625,9.0,6.75],"texture":"#2"}}},{"from":[2.8,12.3776,0.8081],"to":[3.8,13.3776,4.8081],"rotation":{"origin":[1.8,16.9,8.1],"axis":"x","angle":-22.5},"faces":{"down":{"uv":[8.75,8.25,8.25,8.375],"texture":"#2","rotation":90},"up":{"uv":[8.75,8.25,8.25,8.125],"texture":"#2","rotation":270},"north":{"uv":[4.375,9.0,4.5,9.125],"texture":"#2"},"south":{"uv":[9.0,4.375,9.125,4.5],"texture":"#2"},"west":{"uv":[4.875,8.25,5.375,8.375],"texture":"#2"},"east":{"uv":[7.75,8.25,8.25,8.375],"texture":"#2"}}},{"from":[4.8,12.3776,-1.1919],"to":[6.8,13.3776,2.8081],"rotation":{"origin":[1.8,16.9,8.1],"axis":"x","angle":-22.5},"faces":{"down":{"uv":[8.375,5.5,7.875,5.75],"texture":"#2","rotation":90},"up":{"uv":[8.375,5.5,7.875,5.25],"texture":"#2","rotation":270},"north":{"uv":[5.5,8.875,5.75,9.0],"texture":"#2"},"south":{"uv":[8.875,5.625,9.125,5.75],"texture":"#2"},"west":{"uv":[1.875,8.375,2.375,8.5],"texture":"#2"},"east":{"uv":[2.375,8.375,2.875,8.5],"texture":"#2"}}},{"from":[2.5081,12.8776,7.1],"to":[5.5081,13.8776,11.1],"rotation":{"origin":[1.8,16.9,8.1],"axis":"y","angle":22.5},"faces":{"down":{"uv":[7.75,7.375,7.375,7.875],"texture":"#2","rotation":180},"up":{"uv":[7.375,7.875,7.0,7.375],"texture":"#2","rotation":180},"north":{"uv":[8.625,6.0,9.0,6.125],"texture":"#2"},"south":{"uv":[8.625,5.875,9.0,6.0],"texture":"#2"},"west":{"uv":[8.125,7.75,8.625,7.875],"texture":"#2"},"east":{"uv":[8.125,7.875,8.625,8.0],"texture":"#2"}}},{"from":[-4.96,13.3326,2.1],"to":[8.04,13.3336,16.1],"rotation":{"origin":[1.8,16.9,8.1],"axis":"y","angle":22.5},"faces":{"down":{"uv":[4.875,1.75,3.25,3.5],"texture":"#2","rotation":180},"up":{"uv":[4.875,1.75,3.25,0.0],"texture":"#2","rotation":180},"north":{"uv":[0.0,0.0,1.625,0.0],"texture":"#2"},"south":{"uv":[0.0,0.0,1.625,0.0],"texture":"#2"},"west":{"uv":[0.0,0.0,1.75,0.0],"texture":"#2"},"east":{"uv":[0.0,0.0,1.75,0.0],"texture":"#2"}}},{"from":[0.5081,12.8776,6.1],"to":[4.5081,13.8776,7.1],"rotation":{"origin":[1.8,16.9,8.1],"axis":"y","angle":22.5},"faces":{"down":{"uv":[4.875,8.25,4.375,8.375],"texture":"#2","rotation":180},"up":{"uv":[4.375,8.375,3.875,8.25],"texture":"#2","rotation":180},"north":{"uv":[3.375,8.25,3.875,8.375],"texture":"#2"},"south":{"uv":[8.125,8.0,8.625,8.125],"texture":"#2"},"west":{"uv":[3.625,9.0,3.75,9.125],"texture":"#2"},"east":{"uv":[9.0,3.625,9.125,3.75],"texture":"#2"}}},{"from":[-0.4919,12.8776,5.1],"to":[2.5081,13.8776,6.1],"rotation":{"origin":[1.8,16.9,8.1],"axis":"y","angle":22.5},"faces":{"down":{"uv":[9.0,6.5,8.625,6.625],"texture":"#2","rotation":180},"up":{"uv":[9.0,6.5,8.625,6.375],"texture":"#2","rotation":180},"north":{"uv":[8.625,6.25,9.0,6.375],"texture":"#2"},"south":{"uv":[8.625,6.125,9.0,6.25],"texture":"#2"},"west":{"uv":[3.875,9.0,4.0,9.125],"texture":"#2"},"east":{"uv":[4.0,9.0,4.125,9.125],"texture":"#2"}}},{"from":[-3.4919,12.8776,8.599999],"to":[-1.4919,13.8776,9.599999],"rotation":{"origin":[1.8,16.9,8.1],"axis":"y","angle":22.5},"faces":{"down":{"uv":[5.5,8.875,5.25,9.0],"texture":"#2","rotation":180},"up":{"uv":[9.125,5.125,8.875,5.0],"texture":"#2","rotation":180},"north":{"uv":[5.0,8.875,5.25,9.0],"texture":"#2"},"south":{"uv":[8.875,4.875,9.125,5.0],"texture":"#2"},"west":{"uv":[4.125,9.0,4.25,9.125],"texture":"#2"},"east":{"uv":[9.0,4.125,9.125,4.25],"texture":"#2"}}},{"from":[-0.4919,12.8776,12.1],"to":[2.5081,13.8776,13.1],"rotation":{"origin":[1.8,16.9,8.1],"axis":"y","angle":22.5},"faces":{"down":{"uv":[9.0,6.875,8.625,7.0],"texture":"#2","rotation":180},"up":{"uv":[9.0,6.875,8.625,6.75],"texture":"#2","rotation":180},"north":{"uv":[8.625,6.625,9.0,6.75],"texture":"#2"},"south":{"uv":[6.625,8.625,7.0,8.75],"texture":"#2"},"west":{"uv":[4.25,9.0,4.375,9.125],"texture":"#2"},"east":{"uv":[9.0,4.25,9.125,4.375],"texture":"#2"}}},{"from":[0.5081,12.8776,11.1],"to":[4.5081,13.8776,12.1],"rotation":{"origin":[1.8,16.9,8.1],"axis":"y","angle":22.5},"faces":{"down":{"uv":[8.75,8.25,8.25,8.375],"texture":"#2","rotation":180},"up":{"uv":[8.75,8.25,8.25,8.125],"texture":"#2","rotation":180},"north":{"uv":[7.75,8.25,8.25,8.375],"texture":"#2"},"south":{"uv":[4.875,8.25,5.375,8.375],"texture":"#2"},"west":{"uv":[4.375,9.0,4.5,9.125],"texture":"#2"},"east":{"uv":[9.0,4.375,9.125,4.5],"texture":"#2"}}},{"from":[-1.4919,12.8776,8.099999],"to":[2.5081,13.8776,10.1],"rotation":{"origin":[1.8,16.9,8.1],"axis":"y","angle":22.5},"faces":{"down":{"uv":[8.375,5.5,7.875,5.75],"texture":"#2","rotation":180},"up":{"uv":[8.375,5.5,7.875,5.25],"texture":"#2","rotation":180},"north":{"uv":[2.375,8.375,2.875,8.5],"texture":"#2"},"south":{"uv":[1.875,8.375,2.375,8.5],"texture":"#2"},"west":{"uv":[5.5,8.875,5.75,9.0],"texture":"#2"},"east":{"uv":[8.875,5.625,9.125,5.75],"texture":"#2"}}},{"from":[8.3286,13.3776,13.6797],"to":[12.3286,14.3776,16.6797],"rotation":{"origin":[8.8,16.9,11.1],"axis":"y","angle":-45.0},"faces":{"down":{"uv":[8.0,3.375,7.5,3.75],"texture":"#2"},"up":{"uv":[8.0,3.375,7.5,3.0],"texture":"#2"},"north":{"uv":[8.5,2.75,9.0,2.875],"texture":"#2"},"south":{"uv":[2.875,8.5,3.375,8.625],"texture":"#2"},"west":{"uv":[4.625,8.75,5.0,8.875],"texture":"#2"},"east":{"uv":[4.25,8.75,4.625,8.875],"texture":"#2"}}},{"from":[3.3286,13.8326,11.1478],"to":[17.3286,13.8336,24.1478],"rotation":{"origin":[8.8,16.9,11.1],"axis":"y","angle":-45.0},"faces":{"down":{"uv":[5.25,5.125,3.5,6.75],"texture":"#2"},"up":{"uv":[3.5,6.75,1.75,5.125],"texture":"#2"},"north":{"uv":[0.0,0.0,1.75,0.0],"texture":"#2"},"south":{"uv":[0.0,0.0,1.75,0.0],"texture":"#2"},"west":{"uv":[0.0,0.0,1.625,0.0],"texture":"#2"},"east":{"uv":[0.0,0.0,1.625,0.0],"texture":"#2"}}},{"from":[7.3286,13.3776,14.6797],"to":[8.3286,14.3776,18.6797],"rotation":{"origin":[8.8,16.9,11.1],"axis":"y","angle":-45.0},"faces":{"down":{"uv":[3.5,8.5,3.375,9.0],"texture":"#2"},"up":{"uv":[8.625,3.625,8.5,3.125],"texture":"#2"},"north":{"uv":[9.0,6.875,9.125,7.0],"texture":"#2"},"south":{"uv":[7.0,9.0,7.125,9.125],"texture":"#2"},"west":{"uv":[8.5,3.0,9.0,3.125],"texture":"#2"},"east":{"uv":[8.5,2.875,9.0,3.0],"texture":"#2"}}},{"from":[6.3286,13.3776,16.6797],"to":[7.3286,14.3776,19.6797],"rotation":{"origin":[8.8,16.9,11.1],"axis":"y","angle":-45.0},"faces":{"down":{"uv":[6.125,8.75,6.0,9.125],"texture":"#2"},"up":{"uv":[6.0,9.125,5.875,8.75],"texture":"#2"},"north":{"uv":[9.0,7.0,9.125,7.125],"texture":"#2"},"south":{"uv":[7.125,9.0,7.25,9.125],"texture":"#2"},"west":{"uv":[5.375,8.75,5.75,8.875],"texture":"#2"},"east":{"uv":[5.0,8.75,5.375,8.875],"texture":"#2"}}},{"from":[9.8286,13.3776,20.6797],"to":[10.8286,14.3776,22.6797],"rotation":{"origin":[8.8,16.9,11.1],"axis":"y","angle":-45.0},"faces":{"down":{"uv":[1.375,9.0,1.25,9.25],"texture":"#2"},"up":{"uv":[9.125,1.25,9.0,1.0],"texture":"#2"},"north":{"uv":[9.0,7.125,9.125,7.25],"texture":"#2"},"south":{"uv":[7.25,9.0,7.375,9.125],"texture":"#2"},"west":{"uv":[1.0,9.0,1.25,9.125],"texture":"#2"},"east":{"uv":[9.0,0.875,9.25,1.0],"texture":"#2"}}},{"from":[13.3286,13.3776,16.6797],"to":[14.3286,14.3776,19.6797],"rotation":{"origin":[8.8,16.9,11.1],"axis":"y","angle":-45.0},"faces":{"down":{"uv":[7.5,8.75,7.375,9.125],"texture":"#2"},"up":{"uv":[6.25,9.125,6.125,8.75],"texture":"#2"},"north":{"uv":[9.0,7.25,9.125,7.375],"texture":"#2"},"south":{"uv":[9.0,7.375,9.125,7.5],"texture":"#2"},"west":{"uv":[7.0,8.75,7.375,8.875],"texture":"#2"},"east":{"uv":[6.625,8.75,7.0,8.875],"texture":"#2"}}},{"from":[12.3286,13.3776,14.6797],"to":[13.3286,14.3776,18.6797],"rotation":{"origin":[8.8,16.9,11.1],"axis":"y","angle":-45.0},"faces":{"down":{"uv":[4.25,8.5,4.125,9.0],"texture":"#2"},"up":{"uv":[4.125,9.0,4.0,8.5],"texture":"#2"},"north":{"uv":[7.5,9.0,7.625,9.125],"texture":"#2"},"south":{"uv":[9.0,7.5,9.125,7.625],"texture":"#2"},"west":{"uv":[8.5,3.625,9.0,3.75],"texture":"#2"},"east":{"uv":[3.5,8.5,4.0,8.625],"texture":"#2"}}},{"from":[9.3286,13.3776,16.6797],"to":[11.3286,14.3776,20.6797],"rotation":{"origin":[8.8,16.9,11.1],"axis":"y","angle":-45.0},"faces":{"down":{"uv":[7.75,7.875,7.5,8.375],"texture":"#2"},"up":{"uv":[7.5,8.375,7.25,7.875],"texture":"#2"},"north":{"uv":[1.375,9.0,1.625,9.125],"texture":"#2"},"south":{"uv":[1.625,9.0,1.875,9.125],"texture":"#2"},"west":{"uv":[4.25,8.5,4.75,8.625],"texture":"#2"},"east":{"uv":[8.5,4.125,9.0,4.25],"texture":"#2"}}},{"from":[4.2203,9.3776,8.6286],"to":[7.2203,10.3776,12.6286],"rotation":{"origin":[8.8,16.9,11.1],"axis":"y","angle":22.5},"faces":{"down":{"uv":[8.0,3.375,7.5,3.75],"texture":"#2","rotation":270},"up":{"uv":[8.0,3.375,7.5,3.0],"texture":"#2","rotation":90},"north":{"uv":[4.625,8.75,5.0,8.875],"texture":"#2"},"south":{"uv":[4.25,8.75,4.625,8.875],"texture":"#2"},"west":{"uv":[2.875,8.5,3.375,8.625],"texture":"#2"},"east":{"uv":[8.5,2.75,9.0,2.875],"texture":"#2"}}},{"from":[-3.2478,9.8326,3.6286],"to":[9.7522,9.8336,17.6286],"rotation":{"origin":[8.8,16.9,11.1],"axis":"y","angle":22.5},"faces":{"down":{"uv":[5.25,5.125,3.5,6.75],"texture":"#2","rotation":270},"up":{"uv":[3.5,6.75,1.75,5.125],"texture":"#2","rotation":90},"north":{"uv":[0.0,0.0,1.625,0.0],"texture":"#2"},"south":{"uv":[0.0,0.0,1.625,0.0],"texture":"#2"},"west":{"uv":[0.0,0.0,1.75,0.0],"texture":"#2"},"east":{"uv":[0.0,0.0,1.75,0.0],"texture":"#2"}}},{"from":[2.2203,9.3776,7.6286],"to":[6.2203,10.3776,8.628599],"rotation":{"origin":[8.8,16.9,11.1],"axis":"y","angle":22.5},"faces":{"down":{"uv":[3.5,8.5,3.375,9.0],"texture":"#2","rotation":270},"up":{"uv":[8.625,3.625,8.5,3.125],"texture":"#2","rotation":90},"north":{"uv":[8.5,3.0,9.0,3.125],"texture":"#2"},"south":{"uv":[8.5,2.875,9.0,3.0],"texture":"#2"},"west":{"uv":[7.0,9.0,7.125,9.125],"texture":"#2"},"east":{"uv":[9.0,6.875,9.125,7.0],"texture":"#2"}}},{"from":[1.2203,9.3776,6.6286],"to":[4.2203,10.3776,7.6286],"rotation":{"origin":[8.8,16.9,11.1],"axis":"y","angle":22.5},"faces":{"down":{"uv":[6.125,8.75,6.0,9.125],"texture":"#2","rotation":270},"up":{"uv":[6.0,9.125,5.875,8.75],"texture":"#2","rotation":90},"north":{"uv":[5.375,8.75,5.75,8.875],"texture":"#2"},"south":{"uv":[5.0,8.75,5.375,8.875],"texture":"#2"},"west":{"uv":[7.125,9.0,7.25,9.125],"texture":"#2"},"east":{"uv":[9.0,7.0,9.125,7.125],"texture":"#2"}}},{"from":[-1.7797,9.3776,10.1286],"to":[0.2203003,10.3776,11.1286],"rotation":{"origin":[8.8,16.9,11.1],"axis":"y","angle":22.5},"faces":{"down":{"uv":[1.375,9.0,1.25,9.25],"texture":"#2","rotation":270},"up":{"uv":[9.125,1.25,9.0,1.0],"texture":"#2","rotation":90},"north":{"uv":[1.0,9.0,1.25,9.125],"texture":"#2"},"south":{"uv":[9.0,0.875,9.25,1.0],"texture":"#2"},"west":{"uv":[7.25,9.0,7.375,9.125],"texture":"#2"},"east":{"uv":[9.0,7.125,9.125,7.25],"texture":"#2"}}},{"from":[1.2203,9.3776,13.6286],"to":[4.2203,10.3776,14.6286],"rotation":{"origin":[8.8,16.9,11.1],"axis":"y","angle":22.5},"faces":{"down":{"uv":[7.5,8.75,7.375,9.125],"texture":"#2","rotation":270},"up":{"uv":[6.25,9.125,6.125,8.75],"texture":"#2","rotation":90},"north":{"uv":[7.0,8.75,7.375,8.875],"texture":"#2"},"south":{"uv":[6.625,8.75,7.0,8.875],"texture":"#2"},"west":{"uv":[9.0,7.375,9.125,7.5],"texture":"#2"},"east":{"uv":[9.0,7.25,9.125,7.375],"texture":"#2"}}},{"from":[2.2203,9.3776,12.6286],"to":[6.2203,10.3776,13.6286],"rotation":{"origin":[8.8,16.9,11.1],"axis":"y","angle":22.5},"faces":{"down":{"uv":[4.25,8.5,4.125,9.0],"texture":"#2","rotation":270},"up":{"uv":[4.125,9.0,4.0,8.5],"texture":"#2","rotation":90},"north":{"uv":[8.5,3.625,9.0,3.75],"texture":"#2"},"south":{"uv":[3.5,8.5,4.0,8.625],"texture":"#2"},"west":{"uv":[9.0,7.5,9.125,7.625],"texture":"#2"},"east":{"uv":[7.5,9.0,7.625,9.125],"texture":"#2"}}},{"from":[0.2203,9.3776,9.6286],"to":[4.2203,10.3776,11.6286],"rotation":{"origin":[8.8,16.9,11.1],"axis":"y","angle":22.5},"faces":{"down":{"uv":[7.75,7.875,7.5,8.375],"texture":"#2","rotation":270},"up":{"uv":[7.5,8.375,7.25,7.875],"texture":"#2","rotation":90},"north":{"uv":[4.25,8.5,4.75,8.625],"texture":"#2"},"south":{"uv":[8.5,4.125,9.0,4.25],"texture":"#2"},"west":{"uv":[1.625,9.0,1.875,9.125],"texture":"#2"},"east":{"uv":[1.375,9.0,1.625,9.125],"texture":"#2"}}},{"from":[5.3286,7.3776,9.6797],"to":[9.3286,8.3776,12.6797],"rotation":{"origin":[7.8,16.9,8.1],"axis":"y","angle":45.0},"faces":{"down":{"uv":[8.0,3.375,7.5,3.75],"texture":"#2"},"up":{"uv":[8.0,3.375,7.5,3.0],"texture":"#2"},"north":{"uv":[8.5,2.75,9.0,2.875],"texture":"#2"},"south":{"uv":[2.875,8.5,3.375,8.625],"texture":"#2"},"west":{"uv":[4.625,8.75,5.0,8.875],"texture":"#2"},"east":{"uv":[4.25,8.75,4.625,8.875],"texture":"#2"}}},{"from":[0.3286,7.8326,7.1478],"to":[14.3286,7.8336,20.1478],"rotation":{"origin":[7.8,16.9,8.1],"axis":"y","angle":45.0},"faces":{"down":{"uv":[5.25,5.125,3.5,6.75],"texture":"#2"},"up":{"uv":[3.5,6.75,1.75,5.125],"texture":"#2"},"north":{"uv":[0.0,0.0,1.75,0.0],"texture":"#2"},"south":{"uv":[0.0,0.0,1.75,0.0],"texture":"#2"},"west":{"uv":[0.0,0.0,1.625,0.0],"texture":"#2"},"east":{"uv":[0.0,0.0,1.625,0.0],"texture":"#2"}}},{"from":[4.3286,7.3776,10.6797],"to":[5.3286,8.3776,14.6797],"rotation":{"origin":[7.8,16.9,8.1],"axis":"y","angle":45.0},"faces":{"down":{"uv":[3.5,8.5,3.375,9.0],"texture":"#2"},"up":{"uv":[8.625,3.625,8.5,3.125],"texture":"#2"},"north":{"uv":[9.0,6.875,9.125,7.0],"texture":"#2"},"south":{"uv":[7.0,9.0,7.125,9.125],"texture":"#2"},"west":{"uv":[8.5,3.0,9.0,3.125],"texture":"#2"},"east":{"uv":[8.5,2.875,9.0,3.0],"texture":"#2"}}},{"from":[3.3286,7.3776,12.6797],"to":[4.3286,8.3776,15.6797],"rotation":{"origin":[7.8,16.9,8.1],"axis":"y","angle":45.0},"faces":{"down":{"uv":[6.125,8.75,6.0,9.125],"texture":"#2"},"up":{"uv":[6.0,9.125,5.875,8.75],"texture":"#2"},"north":{"uv":[9.0,7.0,9.125,7.125],"texture":"#2"},"south":{"uv":[7.125,9.0,7.25,9.125],"texture":"#2"},"west":{"uv":[5.375,8.75,5.75,8.875],"texture":"#2"},"east":{"uv":[5.0,8.75,5.375,8.875],"texture":"#2"}}},{"from":[6.8286,7.3776,16.6797],"to":[7.8286,8.3776,18.6797],"rotation":{"origin":[7.8,16.9,8.1],"axis":"y","angle":45.0},"faces":{"down":{"uv":[1.375,9.0,1.25,9.25],"texture":"#2"},"up":{"uv":[9.125,1.25,9.0,1.0],"texture":"#2"},"north":{"uv":[9.0,7.125,9.125,7.25],"texture":"#2"},"south":{"uv":[7.25,9.0,7.375,9.125],"texture":"#2"},"west":{"uv":[1.0,9.0,1.25,9.125],"texture":"#2"},"east":{"uv":[9.0,0.875,9.25,1.0],"texture":"#2"}}},{"from":[10.3286,7.3776,12.6797],"to":[11.3286,8.3776,15.6797],"rotation":{"origin":[7.8,16.9,8.1],"axis":"y","angle":45.0},"faces":{"down":{"uv":[7.5,8.75,7.375,9.125],"texture":"#2"},"up":{"uv":[6.25,9.125,6.125,8.75],"texture":"#2"},"north":{"uv":[9.0,7.25,9.125,7.375],"texture":"#2"},"south":{"uv":[9.0,7.375,9.125,7.5],"texture":"#2"},"west":{"uv":[7.0,8.75,7.375,8.875],"texture":"#2"},"east":{"uv":[6.625,8.75,7.0,8.875],"texture":"#2"}}},{"from":[9.3286,7.3776,10.6797],"to":[10.3286,8.3776,14.6797],"rotation":{"origin":[7.8,16.9,8.1],"axis":"y","angle":45.0},"faces":{"down":{"uv":[4.25,8.5,4.125,9.0],"texture":"#2"},"up":{"uv":[4.125,9.0,4.0,8.5],"texture":"#2"},"north":{"uv":[7.5,9.0,7.625,9.125],"texture":"#2"},"south":{"uv":[9.0,7.5,9.125,7.625],"texture":"#2"},"west":{"uv":[8.5,3.625,9.0,3.75],"texture":"#2"},"east":{"uv":[3.5,8.5,4.0,8.625],"texture":"#2"}}},{"from":[6.3286,7.3776,12.6797],"to":[8.3286,8.3776,16.6797],"rotation":{"origin":[7.8,16.9,8.1],"axis":"y","angle":45.0},"faces":{"down":{"uv":[7.75,7.875,7.5,8.375],"texture":"#2"},"up":{"uv":[7.5,8.375,7.25,7.875],"texture":"#2"},"north":{"uv":[1.375,9.0,1.625,9.125],"texture":"#2"},"south":{"uv":[1.625,9.0,1.875,9.125],"texture":"#2"},"west":{"uv":[4.25,8.5,4.75,8.625],"texture":"#2"},"east":{"uv":[8.5,4.125,9.0,4.25],"texture":"#2"}}},{"from":[6.8797,15.3776,13.3714],"to":[9.8797,16.3776,17.3714],"rotation":{"origin":[4.3,18.9,16.9],"axis":"y","angle":-22.5},"faces":{"down":{"uv":[7.875,4.25,7.5,4.75],"texture":"#2"},"up":{"uv":[7.875,4.25,7.5,3.75],"texture":"#2"},"north":{"uv":[7.5,8.75,7.875,8.875],"texture":"#2"},"south":{"uv":[8.75,8.125,9.125,8.25],"texture":"#2"},"west":{"uv":[8.5,4.375,9.0,4.5],"texture":"#2"},"east":{"uv":[8.5,4.25,9.0,4.375],"texture":"#2"}}},{"from":[4.3478,15.8326,8.3714],"to":[17.3478,15.8336,22.3714],"rotation":{"origin":[4.3,18.9,16.9],"axis":"y","angle":-22.5},"faces":{"down":{"uv":[6.875,5.0,5.25,6.75],"texture":"#2"},"up":{"uv":[6.875,5.0,5.25,3.25],"texture":"#2"},"north":{"uv":[0.0,0.0,1.625,0.0],"texture":"#2"},"south":{"uv":[0.0,0.0,1.625,0.0],"texture":"#2"},"west":{"uv":[0.0,0.0,1.75,0.0],"texture":"#2"},"east":{"uv":[0.0,0.0,1.75,0.0],"texture":"#2"}}},{"from":[7.8797,15.3776,17.3714],"to":[11.8797,16.3776,18.3714],"rotation":{"origin":[4.3,18.9,16.9],"axis":"y","angle":-22.5},"faces":{"down":{"uv":[9.0,5.25,8.5,5.375],"texture":"#2"},"up":{"uv":[9.0,5.25,8.5,5.125],"texture":"#2"},"north":{"uv":[8.5,4.5,9.0,4.625],"texture":"#2"},"south":{"uv":[4.75,8.5,5.25,8.625],"texture":"#2"},"west":{"uv":[9.0,7.625,9.125,7.75],"texture":"#2"},"east":{"uv":[7.625,9.0,7.75,9.125],"texture":"#2"}}},{"from":[9.8797,15.3776,18.3714],"to":[12.8797,16.3776,19.3714],"rotation":{"origin":[4.3,18.9,16.9],"axis":"y","angle":-22.5},"faces":{"down":{"uv":[9.0,8.75,8.625,8.875],"texture":"#2"},"up":{"uv":[9.125,8.625,8.75,8.5],"texture":"#2"},"north":{"uv":[8.75,8.25,9.125,8.375],"texture":"#2"},"south":{"uv":[8.75,8.375,9.125,8.5],"texture":"#2"},"west":{"uv":[9.0,7.75,9.125,7.875],"texture":"#2"},"east":{"uv":[7.75,9.0,7.875,9.125],"texture":"#2"}}},{"from":[13.8797,15.3776,14.8714],"to":[15.8797,16.3776,15.8714],"rotation":{"origin":[4.3,18.9,16.9],"axis":"y","angle":-22.5},"faces":{"down":{"uv":[9.25,1.875,9.0,2.0],"texture":"#2"},"up":{"uv":[2.125,9.125,1.875,9.0],"texture":"#2"},"north":{"uv":[9.0,1.625,9.25,1.75],"texture":"#2"},"south":{"uv":[9.0,1.75,9.25,1.875],"texture":"#2"},"west":{"uv":[9.0,7.875,9.125,8.0],"texture":"#2"},"east":{"uv":[7.875,9.0,8.0,9.125],"texture":"#2"}}},{"from":[9.8797,15.3776,11.3714],"to":[12.8797,16.3776,12.3714],"rotation":{"origin":[4.3,18.9,16.9],"axis":"y","angle":-22.5},"faces":{"down":{"uv":[9.25,0.25,8.875,0.375],"texture":"#2"},"up":{"uv":[9.25,0.25,8.875,0.125],"texture":"#2"},"north":{"uv":[8.75,8.625,9.125,8.75],"texture":"#2"},"south":{"uv":[8.875,0.0,9.25,0.125],"texture":"#2"},"west":{"uv":[8.125,9.0,8.25,9.125],"texture":"#2"},"east":{"uv":[9.0,8.0,9.125,8.125],"texture":"#2"}}},{"from":[7.8797,15.3776,12.3714],"to":[11.8797,16.3776,13.3714],"rotation":{"origin":[4.3,18.9,16.9],"axis":"y","angle":-22.5},"faces":{"down":{"uv":[6.375,8.5,5.875,8.625],"texture":"#2"},"up":{"uv":[9.0,5.875,8.5,5.75],"texture":"#2"},"north":{"uv":[8.5,5.375,9.0,5.5],"texture":"#2"},"south":{"uv":[8.5,5.5,9.0,5.625],"texture":"#2"},"west":{"uv":[8.375,9.0,8.5,9.125],"texture":"#2"},"east":{"uv":[8.25,9.0,8.375,9.125],"texture":"#2"}}},{"from":[9.8797,15.3776,14.3714],"to":[13.8797,16.3776,16.3714],"rotation":{"origin":[4.3,18.9,16.9],"axis":"y","angle":-22.5},"faces":{"down":{"uv":[8.5,1.0,8.0,1.25],"texture":"#2"},"up":{"uv":[8.5,1.0,8.0,0.75],"texture":"#2"},"north":{"uv":[6.625,8.5,7.125,8.625],"texture":"#2"},"south":{"uv":[7.125,8.5,7.625,8.625],"texture":"#2"},"west":{"uv":[2.125,9.0,2.375,9.125],"texture":"#2"},"east":{"uv":[9.0,2.0,9.25,2.125],"texture":"#2"}}},{"from":[0.8,18.8776,8.3919],"to":[4.8,19.8776,11.3919],"rotation":{"origin":[1.8,16.9,8.1],"axis":"y","angle":-22.5},"faces":{"down":{"uv":[8.0,1.125,7.5,1.5],"texture":"#2"},"up":{"uv":[8.0,1.125,7.5,0.75],"texture":"#2"},"north":{"uv":[2.875,8.375,3.375,8.5],"texture":"#2"},"south":{"uv":[3.375,8.375,3.875,8.5],"texture":"#2"},"west":{"uv":[8.625,7.0,9.0,7.125],"texture":"#2"},"east":{"uv":[7.0,8.625,7.375,8.75],"texture":"#2"}}},{"from":[-4.2,19.3326,5.86],"to":[9.8,19.3336,18.86],"rotation":{"origin":[1.8,16.9,8.1],"axis":"y","angle":-22.5},"faces":{"down":{"uv":[3.5,3.5,1.75,5.125],"texture":"#2"},"up":{"uv":[1.75,5.125,0.0,3.5],"texture":"#2"},"north":{"uv":[0.0,0.0,1.75,0.0],"texture":"#2"},"south":{"uv":[0.0,0.0,1.75,0.0],"texture":"#2"},"west":{"uv":[0.0,0.0,1.625,0.0],"texture":"#2"},"east":{"uv":[0.0,0.0,1.625,0.0],"texture":"#2"}}},{"from":[-0.2,18.8776,9.3919],"to":[0.8,19.8776,13.3919],"rotation":{"origin":[1.8,16.9,8.1],"axis":"y","angle":-22.5},"faces":{"down":{"uv":[5.625,8.125,5.5,8.625],"texture":"#2"},"up":{"uv":[5.5,8.625,5.375,8.125],"texture":"#2"},"north":{"uv":[4.5,9.0,4.625,9.125],"texture":"#2"},"south":{"uv":[9.0,4.5,9.125,4.625],"texture":"#2"},"west":{"uv":[3.875,8.375,4.375,8.5],"texture":"#2"},"east":{"uv":[8.375,3.75,8.875,3.875],"texture":"#2"}}},{"from":[-1.2,18.8776,11.3919],"to":[-0.1999998,19.8776,14.3919],"rotation":{"origin":[1.8,16.9,8.1],"axis":"y","angle":-22.5},"faces":{"down":{"uv":[3.375,8.625,3.25,9.0],"texture":"#2"},"up":{"uv":[3.25,9.0,3.125,8.625],"texture":"#2"},"north":{"uv":[4.625,9.0,4.75,9.125],"texture":"#2"},"south":{"uv":[4.75,9.0,4.875,9.125],"texture":"#2"},"west":{"uv":[8.625,7.25,9.0,7.375],"texture":"#2"},"east":{"uv":[8.625,7.125,9.0,7.25],"texture":"#2"}}},{"from":[2.3,18.8776,15.3919],"to":[3.3,19.8776,17.3919],"rotation":{"origin":[1.8,16.9,8.1],"axis":"y","angle":-22.5},"faces":{"down":{"uv":[3.875,8.875,3.75,9.125],"texture":"#2"},"up":{"uv":[5.375,7.875,5.25,7.625],"texture":"#2"},"north":{"uv":[4.875,9.0,5.0,9.125],"texture":"#2"},"south":{"uv":[5.0,9.0,5.125,9.125],"texture":"#2"},"west":{"uv":[6.625,8.875,6.875,9.0],"texture":"#2"},"east":{"uv":[6.375,8.875,6.625,9.0],"texture":"#2"}}},{"from":[5.8,18.8776,11.3919],"to":[6.8,19.8776,14.3919],"rotation":{"origin":[1.8,16.9,8.1],"axis":"y","angle":-22.5},"faces":{"down":{"uv":[6.375,8.625,6.25,9.0],"texture":"#2"},"up":{"uv":[4.0,9.0,3.875,8.625],"texture":"#2"},"north":{"uv":[5.125,9.0,5.25,9.125],"texture":"#2"},"south":{"uv":[9.0,5.125,9.125,5.25],"texture":"#2"},"west":{"uv":[8.625,7.375,9.0,7.5],"texture":"#2"},"east":{"uv":[7.375,8.625,7.75,8.75],"texture":"#2"}}},{"from":[4.8,18.8776,9.3919],"to":[5.8,19.8776,13.3919],"rotation":{"origin":[1.8,16.9,8.1],"axis":"y","angle":-22.5},"faces":{"down":{"uv":[8.5,4.125,8.375,4.625],"texture":"#2"},"up":{"uv":[5.75,8.625,5.625,8.125],"texture":"#2"},"north":{"uv":[5.25,9.0,5.375,9.125],"texture":"#2"},"south":{"uv":[9.0,5.25,9.125,5.375],"texture":"#2"},"west":{"uv":[8.375,4.0,8.875,4.125],"texture":"#2"},"east":{"uv":[8.375,3.875,8.875,4.0],"texture":"#2"}}},{"from":[1.8,18.8776,11.3919],"to":[3.8,19.8776,15.3919],"rotation":{"origin":[1.8,16.9,8.1],"axis":"y","angle":-22.5},"faces":{"down":{"uv":[6.25,7.875,6.0,8.375],"texture":"#2"},"up":{"uv":[6.0,8.375,5.75,7.875],"texture":"#2"},"north":{"uv":[6.875,8.875,7.125,9.0],"texture":"#2"},"south":{"uv":[7.125,8.875,7.375,9.0],"texture":"#2"},"west":{"uv":[8.375,4.625,8.875,4.75],"texture":"#2"},"east":{"uv":[4.375,8.375,4.875,8.5],"texture":"#2"}}},{"from":[7.475,7.975,6.475],"to":[10.525,21.025,9.525],"rotation":{"origin":[7.5,8.0,7.5],"axis":"z","angle":-45.0},"faces":{"down":{"uv":[5.25,7.625,4.875,8.0],"texture":"#2"},"up":{"uv":[4.875,8.0,4.5,7.625],"texture":"#2"},"north":{"uv":[1.875,6.75,2.25,8.375],"texture":"#2"},"south":{"uv":[2.625,6.75,3.0,8.375],"texture":"#2"},"west":{"uv":[3.0,6.75,3.375,8.375],"texture":"#2"},"east":{"uv":[2.25,6.75,2.625,8.375],"texture":"#2"}}},{"from":[11.7218,10.4218,6.1],"to":[14.7218,11.4218,10.1],"rotation":{"origin":[15.5,11.2,9.1],"axis":"z","angle":-45.0},"faces":{"down":{"uv":[7.75,5.875,7.375,6.375],"texture":"#2"},"up":{"uv":[6.25,7.875,5.875,7.375],"texture":"#2"},"north":{"uv":[8.625,1.625,9.0,1.75],"texture":"#2"},"south":{"uv":[8.625,1.75,9.0,1.875],"texture":"#2"},"west":{"uv":[8.0,3.625,8.5,3.75],"texture":"#2"},"east":{"uv":[8.0,3.5,8.5,3.625],"texture":"#2"}}},{"from":[9.2268,10.9268,1.1],"to":[22.2268,10.9278,15.1],"rotation":{"origin":[15.5,11.2,9.1],"axis":"z","angle":-45.0},"faces":{"down":{"uv":[3.25,0.0,1.625,1.75],"texture":"#2"},"up":{"uv":[1.625,1.75,0.0,0.0],"texture":"#2"},"north":{"uv":[0.0,0.0,1.625,0.0],"texture":"#2"},"south":{"uv":[0.0,0.0,1.625,0.0],"texture":"#2"},"west":{"uv":[0.0,0.0,1.75,0.0],"texture":"#2"},"east":{"uv":[0.0,0.0,1.75,0.0],"texture":"#2"}}},{"from":[12.7218,10.4218,5.1],"to":[16.7218,11.4218,6.1],"rotation":{"origin":[15.5,11.2,9.1],"axis":"z","angle":-45.0},"faces":{"down":{"uv":[4.375,8.125,3.875,8.25],"texture":"#2"},"up":{"uv":[3.875,8.25,3.375,8.125],"texture":"#2"},"north":{"uv":[3.875,8.0,4.375,8.125],"texture":"#2"},"south":{"uv":[4.375,8.0,4.875,8.125],"texture":"#2"},"west":{"uv":[9.0,2.125,9.125,2.25],"texture":"#2"},"east":{"uv":[5.25,8.5,5.375,8.625],"texture":"#2"}}},{"from":[14.7218,10.4218,4.1],"to":[17.7218,11.4218,5.1],"rotation":{"origin":[15.5,11.2,9.1],"axis":"z","angle":-45.0},"faces":{"down":{"uv":[9.0,2.25,8.625,2.375],"texture":"#2"},"up":{"uv":[9.0,2.25,8.625,2.125],"texture":"#2"},"north":{"uv":[8.625,1.875,9.0,2.0],"texture":"#2"},"south":{"uv":[8.625,2.0,9.0,2.125],"texture":"#2"},"west":{"uv":[9.0,2.375,9.125,2.5],"texture":"#2"},"east":{"uv":[9.0,2.25,9.125,2.375],"texture":"#2"}}},{"from":[18.7218,10.4218,7.6],"to":[20.7218,11.4218,8.6],"rotation":{"origin":[15.5,11.2,9.1],"axis":"z","angle":-45.0},"faces":{"down":{"uv":[3.75,8.875,3.5,9.0],"texture":"#2"},"up":{"uv":[8.125,8.875,7.875,8.75],"texture":"#2"},"north":{"uv":[6.625,3.0,6.875,3.125],"texture":"#2"},"south":{"uv":[6.625,3.125,6.875,3.25],"texture":"#2"},"west":{"uv":[9.0,2.5,9.125,2.625],"texture":"#2"},"east":{"uv":[2.5,9.0,2.625,9.125],"texture":"#2"}}},{"from":[14.7218,10.4218,11.1],"to":[17.7218,11.4218,12.1],"rotation":{"origin":[15.5,11.2,9.1],"axis":"z","angle":-45.0},"faces":{"down":{"uv":[3.125,8.625,2.75,8.75],"texture":"#2"},"up":{"uv":[9.0,2.625,8.625,2.5],"texture":"#2"},"north":{"uv":[2.375,8.625,2.75,8.75],"texture":"#2"},"south":{"uv":[8.625,2.375,9.0,2.5],"texture":"#2"},"west":{"uv":[9.0,2.625,9.125,2.75],"texture":"#2"},"east":{"uv":[2.625,9.0,2.75,9.125],"texture":"#2"}}},{"from":[12.7218,10.4218,10.1],"to":[16.7218,11.4218,11.1],"rotation":{"origin":[15.5,11.2,9.1],"axis":"z","angle":-45.0},"faces":{"down":{"uv":[8.625,6.0,8.125,6.125],"texture":"#2"},"up":{"uv":[8.625,6.0,8.125,5.875],"texture":"#2"},"north":{"uv":[4.375,8.125,4.875,8.25],"texture":"#2"},"south":{"uv":[4.875,8.125,5.375,8.25],"texture":"#2"},"west":{"uv":[9.0,2.75,9.125,2.875],"texture":"#2"},"east":{"uv":[2.75,9.0,2.875,9.125],"texture":"#2"}}},{"from":[14.7218,10.4218,7.1],"to":[18.7218,11.4218,9.1],"rotation":{"origin":[15.5,11.2,9.1],"axis":"z","angle":-45.0},"faces":{"down":{"uv":[8.375,4.75,7.875,5.0],"texture":"#2"},"up":{"uv":[8.375,4.75,7.875,4.5],"texture":"#2"},"north":{"uv":[8.125,6.125,8.625,6.25],"texture":"#2"},"south":{"uv":[8.125,6.25,8.625,6.375],"texture":"#2"},"west":{"uv":[8.875,3.875,9.125,4.0],"texture":"#2"},"east":{"uv":[8.875,3.75,9.125,3.875],"texture":"#2"}}},{"from":[12.5,13.4218,6.8782],"to":[16.5,14.4218,9.878201],"rotation":{"origin":[15.5,11.2,9.1],"axis":"y","angle":-22.5},"faces":{"down":{"uv":[8.0,1.875,7.5,2.25],"texture":"#2"},"up":{"uv":[8.0,1.875,7.5,1.5],"texture":"#2"},"north":{"uv":[8.375,4.75,8.875,4.875],"texture":"#2"},"south":{"uv":[4.875,8.375,5.375,8.5],"texture":"#2"},"west":{"uv":[8.625,7.625,9.0,7.75],"texture":"#2"},"east":{"uv":[8.625,7.5,9.0,7.625],"texture":"#2"}}},{"from":[7.5,13.9268,-0.6269],"to":[21.5,13.9278,12.3731],"rotation":{"origin":[15.5,11.2,9.1],"axis":"y","angle":-22.5},"faces":{"down":{"uv":[6.625,0.0,4.875,1.625],"texture":"#2"},"up":{"uv":[5.25,5.125,3.5,3.5],"texture":"#2"},"north":{"uv":[0.0,0.0,1.75,0.0],"texture":"#2"},"south":{"uv":[0.0,0.0,1.75,0.0],"texture":"#2"},"west":{"uv":[0.0,0.0,1.625,0.0],"texture":"#2"},"east":{"uv":[0.0,0.0,1.625,0.0],"texture":"#2"}}},{"from":[11.5,13.4218,4.8782],"to":[12.5,14.4218,8.878201],"rotation":{"origin":[15.5,11.2,9.1],"axis":"y","angle":-22.5},"faces":{"down":{"uv":[5.875,8.375,5.75,8.875],"texture":"#2"},"up":{"uv":[8.5,5.625,8.375,5.125],"texture":"#2"},"north":{"uv":[5.375,9.0,5.5,9.125],"texture":"#2"},"south":{"uv":[9.0,5.375,9.125,5.5],"texture":"#2"},"west":{"uv":[8.375,5.0,8.875,5.125],"texture":"#2"},"east":{"uv":[8.375,4.875,8.875,5.0],"texture":"#2"}}},{"from":[10.5,13.4218,3.8782],"to":[11.5,14.4218,6.8782],"rotation":{"origin":[15.5,11.2,9.1],"axis":"y","angle":-22.5},"faces":{"down":{"uv":[8.375,8.625,8.25,9.0],"texture":"#2"},"up":{"uv":[8.25,9.0,8.125,8.625],"texture":"#2"},"north":{"uv":[5.5,9.0,5.625,9.125],"texture":"#2"},"south":{"uv":[9.0,5.5,9.125,5.625],"texture":"#2"},"west":{"uv":[8.625,7.75,9.0,7.875],"texture":"#2"},"east":{"uv":[7.75,8.625,8.125,8.75],"texture":"#2"}}},{"from":[14.0,13.4218,0.8782],"to":[15.0,14.4218,2.8782],"rotation":{"origin":[15.5,11.2,9.1],"axis":"y","angle":-22.5},"faces":{"down":{"uv":[8.125,8.875,8.0,9.125],"texture":"#2"},"up":{"uv":[5.875,9.125,5.75,8.875],"texture":"#2"},"north":{"uv":[5.625,9.0,5.75,9.125],"texture":"#2"},"south":{"uv":[9.0,5.75,9.125,5.875],"texture":"#2"},"west":{"uv":[7.75,8.875,8.0,9.0],"texture":"#2"},"east":{"uv":[7.5,8.875,7.75,9.0],"texture":"#2"}}},{"from":[17.5,13.4218,3.8782],"to":[18.5,14.4218,6.8782],"rotation":{"origin":[15.5,11.2,9.1],"axis":"y","angle":-22.5},"faces":{"down":{"uv":[8.75,8.375,8.625,8.75],"texture":"#2"},"up":{"uv":[8.5,9.0,8.375,8.625],"texture":"#2"},"north":{"uv":[9.0,5.875,9.125,6.0],"texture":"#2"},"south":{"uv":[9.0,6.0,9.125,6.125],"texture":"#2"},"west":{"uv":[8.625,8.0,9.0,8.125],"texture":"#2"},"east":{"uv":[8.625,7.875,9.0,8.0],"texture":"#2"}}},{"from":[16.5,13.4218,4.8782],"to":[17.5,14.4218,8.878201],"rotation":{"origin":[15.5,11.2,9.1],"axis":"y","angle":-22.5},"faces":{"down":{"uv":[6.625,8.375,6.5,8.875],"texture":"#2"},"up":{"uv":[6.5,8.875,6.375,8.375],"texture":"#2"},"north":{"uv":[9.0,6.125,9.125,6.25],"texture":"#2"},"south":{"uv":[6.25,9.0,6.375,9.125],"texture":"#2"},"west":{"uv":[5.875,8.375,6.375,8.5],"texture":"#2"},"east":{"uv":[8.375,5.625,8.875,5.75],"texture":"#2"}}},{"from":[13.5,13.4218,2.8782],"to":[15.5,14.4218,6.8782],"rotation":{"origin":[15.5,11.2,9.1],"axis":"y","angle":-22.5},"faces":{"down":{"uv":[6.75,7.875,6.5,8.375],"texture":"#2"},"up":{"uv":[6.5,8.375,6.25,7.875],"texture":"#2"},"north":{"uv":[8.625,8.875,8.875,9.0],"texture":"#2"},"south":{"uv":[8.875,8.875,9.125,9.0],"texture":"#2"},"west":{"uv":[7.125,8.375,7.625,8.5],"texture":"#2"},"east":{"uv":[6.625,8.375,7.125,8.5],"texture":"#2"}}},{"from":[13.2,13.4218,8.3218],"to":[17.2,14.4218,11.3218],"rotation":{"origin":[15.5,11.2,9.1],"axis":"x","angle":-22.5},"faces":{"down":{"uv":[8.0,2.625,7.5,3.0],"texture":"#2"},"up":{"uv":[8.0,2.625,7.5,2.25],"texture":"#2"},"north":{"uv":[7.625,8.375,8.125,8.5],"texture":"#2"},"south":{"uv":[8.125,8.375,8.625,8.5],"texture":"#2"},"west":{"uv":[0.75,8.75,1.125,8.875],"texture":"#2"},"east":{"uv":[0.375,8.75,0.75,8.875],"texture":"#2"}}},{"from":[8.2,13.9268,5.8268],"to":[22.2,13.9278,18.8268],"rotation":{"origin":[15.5,11.2,9.1],"axis":"x","angle":-22.5},"faces":{"down":{"uv":[1.75,5.125,0.0,6.75],"texture":"#2"},"up":{"uv":[6.625,3.25,4.875,1.625],"texture":"#2"},"north":{"uv":[0.0,0.0,1.75,0.0],"texture":"#2"},"south":{"uv":[0.0,0.0,1.75,0.0],"texture":"#2"},"west":{"uv":[0.0,0.0,1.625,0.0],"texture":"#2"},"east":{"uv":[0.0,0.0,1.625,0.0],"texture":"#2"}}},{"from":[17.2,13.4218,9.3218],"to":[18.2,14.4218,13.3218],"rotation":{"origin":[15.5,11.2,9.1],"axis":"x","angle":-22.5},"faces":{"down":{"uv":[2.125,8.5,2.0,9.0],"texture":"#2"},"up":{"uv":[2.0,9.0,1.875,8.5],"texture":"#2"},"north":{"uv":[9.0,6.25,9.125,6.375],"texture":"#2"},"south":{"uv":[6.375,9.0,6.5,9.125],"texture":"#2"},"west":{"uv":[8.5,0.875,9.0,1.0],"texture":"#2"},"east":{"uv":[8.5,0.75,9.0,0.875],"texture":"#2"}}},{"from":[18.2,13.4218,11.3218],"to":[19.2,14.4218,14.3218],"rotation":{"origin":[15.5,11.2,9.1],"axis":"x","angle":-22.5},"faces":{"down":{"uv":[2.5,8.75,2.375,9.125],"texture":"#2"},"up":{"uv":[8.625,9.0,8.5,8.625],"texture":"#2"},"north":{"uv":[9.0,6.375,9.125,6.5],"texture":"#2"},"south":{"uv":[6.5,9.0,6.625,9.125],"texture":"#2"},"west":{"uv":[1.5,8.75,1.875,8.875],"texture":"#2"},"east":{"uv":[1.125,8.75,1.5,8.875],"texture":"#2"}}},{"from":[14.7,13.4218,15.3218],"to":[15.7,14.4218,17.3218],"rotation":{"origin":[15.5,11.2,9.1],"axis":"x","angle":-22.5},"faces":{"down":{"uv":[0.75,9.0,0.625,9.25],"texture":"#2"},"up":{"uv":[0.625,9.25,0.5,9.0],"texture":"#2"},"north":{"uv":[9.0,6.5,9.125,6.625],"texture":"#2"},"south":{"uv":[6.625,9.0,6.75,9.125],"texture":"#2"},"west":{"uv":[0.25,9.0,0.5,9.125],"texture":"#2"},"east":{"uv":[0.0,9.0,0.25,9.125],"texture":"#2"}}},{"from":[11.2,13.4218,11.3218],"to":[12.2,14.4218,14.3218],"rotation":{"origin":[15.5,11.2,9.1],"axis":"x","angle":-22.5},"faces":{"down":{"uv":[3.125,8.75,3.0,9.125],"texture":"#2"},"up":{"uv":[3.0,9.125,2.875,8.75],"texture":"#2"},"north":{"uv":[9.0,6.625,9.125,6.75],"texture":"#2"},"south":{"uv":[6.75,9.0,6.875,9.125],"texture":"#2"},"west":{"uv":[3.5,8.75,3.875,8.875],"texture":"#2"},"east":{"uv":[2.5,8.75,2.875,8.875],"texture":"#2"}}},{"from":[12.2,13.4218,9.3218],"to":[13.2,14.4218,13.3218],"rotation":{"origin":[15.5,11.2,9.1],"axis":"x","angle":-22.5},"faces":{"down":{"uv":[2.375,8.5,2.25,9.0],"texture":"#2"},"up":{"uv":[2.25,9.0,2.125,8.5],"texture":"#2"},"north":{"uv":[9.0,6.75,9.125,6.875],"texture":"#2"},"south":{"uv":[6.875,9.0,7.0,9.125],"texture":"#2"},"west":{"uv":[8.5,1.125,9.0,1.25],"texture":"#2"},"east":{"uv":[8.5,1.0,9.0,1.125],"texture":"#2"}}},{"from":[14.2,13.4218,11.3218],"to":[16.2,14.4218,15.3218],"rotation":{"origin":[15.5,11.2,9.1],"axis":"x","angle":-22.5},"faces":{"down":{"uv":[7.25,7.875,7.0,8.375],"texture":"#2"},"up":{"uv":[7.0,8.375,6.75,7.875],"texture":"#2"},"north":{"uv":[0.75,9.0,1.0,9.125],"texture":"#2"},"south":{"uv":[9.0,0.75,9.25,0.875],"texture":"#2"},"west":{"uv":[8.5,2.625,9.0,2.75],"texture":"#2"},"east":{"uv":[2.375,8.5,2.875,8.625],"texture":"#2"}}}],"textures":{"2":"bcf7c974-99dc-4ec9-a9bb-08188a4e1e5c"}}