{"display":{"thirdperson_righthand":{"scale":[0.4,0.4,0.4]},"thirdperson_lefthand":{"scale":[0.4,0.4,0.4]},"firstperson_righthand":{"scale":[0.4,0.4,0.4]},"firstperson_lefthand":{"scale":[0.4,0.4,0.4]},"ground":{"scale":[0.3,0.3,0.3]},"gui":{"rotation":[18.0,-140.0,0.0],"scale":[0.55,0.55,0.55]},"head":{"scale":[1.5,1.5,1.5]},"fixed":{"rotation":[-90.0,0.0,0.0],"translation":[0.0,0.0,-78.0],"scale":[2.0,2.0,2.0]}},"elements":[{"from":[-1.0,1.0,1.0],"to":[17.0,7.0,15.0],"faces":{"north":{"uv":[2.375,5.875,4.625,6.625],"texture":"#0"},"east":{"uv":[7.375,3.875,9.125,4.625],"texture":"#0"},"south":{"uv":[4.75,5.875,7.0,6.625],"texture":"#0"},"west":{"uv":[7.375,4.75,9.125,5.5],"texture":"#0"},"up":{"uv":[4.875,5.75,2.625,4.0],"texture":"#0"},"down":{"uv":[2.25,4.25,0.0,6.0],"texture":"#0"}}},{"from":[-1.0,9.0,1.0],"to":[17.0,12.0,15.0],"rotation":{"origin":[0.0,8.0,0.0],"axis":"y","angle":0.0},"faces":{"north":{"uv":[7.125,7.375,9.375,7.75],"texture":"#0"},"east":{"uv":[4.75,7.5,6.5,7.875],"texture":"#0"},"south":{"uv":[7.5,0.0,9.75,0.375],"texture":"#0"},"west":{"uv":[2.375,7.625,4.125,8.0],"texture":"#0"},"up":{"uv":[7.25,5.75,5.0,4.0],"texture":"#0"},"down":{"uv":[7.375,0.0,5.125,1.75],"texture":"#0"}}},{"from":[-1.0,12.0,5.0],"to":[17.0,13.0,11.0],"rotation":{"origin":[0.0,9.0,0.0],"axis":"y","angle":0.0},"faces":{"north":{"uv":[2.0,8.375,4.25,8.5],"texture":"#0"},"east":{"uv":[8.625,10.75,9.375,10.875],"texture":"#0"},"south":{"uv":[4.375,8.5,6.625,8.625],"texture":"#0"},"west":{"uv":[10.75,9.0,11.5,9.125],"texture":"#0"},"up":{"uv":[2.25,6.875,0.0,6.125],"texture":"#0"},"down":{"uv":[4.625,6.75,2.375,7.5],"texture":"#0"}}},{"from":[-0.975,13.0,0.58579],"to":[16.975,18.0,3.58579],"rotation":{"origin":[0.0,12.0,-0.41421],"axis":"x","angle":45.0},"faces":{"north":{"uv":[4.75,6.75,7.0,7.375],"texture":"#0"},"east":{"uv":[0.75,9.0,1.125,9.625],"texture":"#0"},"south":{"uv":[0.0,7.0,2.25,7.625],"texture":"#0"},"west":{"uv":[1.25,9.0,1.625,9.625],"texture":"#0"},"up":{"uv":[9.75,0.875,7.5,0.5],"texture":"#0"},"down":{"uv":[9.75,1.0,7.5,1.375],"texture":"#0"}}},{"from":[-0.975,13.0,12.41421],"to":[16.975,18.0,15.41421],"rotation":{"origin":[0.0,12.0,16.41421],"axis":"x","angle":-45.0},"faces":{"north":{"uv":[7.125,5.875,9.375,6.5],"texture":"#0"},"east":{"uv":[1.75,9.0,2.125,9.625],"texture":"#0"},"south":{"uv":[7.125,6.625,9.375,7.25],"texture":"#0"},"west":{"uv":[2.25,9.0,2.625,9.625],"texture":"#0"},"up":{"uv":[9.75,1.875,7.5,1.5],"texture":"#0"},"down":{"uv":[9.75,2.0,7.5,2.375],"texture":"#0"}}},{"from":[-0.95,12.53553,4.53553],"to":[16.95,15.53553,11.48553],"rotation":{"origin":[0.0,16.53553,10.53553],"axis":"y","angle":0.0},"faces":{"north":{"uv":[7.5,2.5,9.75,2.875],"texture":"#0"},"east":{"uv":[0.0,8.125,0.875,8.5],"texture":"#0"},"south":{"uv":[7.5,3.0,9.75,3.375],"texture":"#0"},"west":{"uv":[1.0,8.125,1.875,8.5],"texture":"#0"},"up":{"uv":[7.375,2.75,5.125,1.875],"texture":"#0"},"down":{"uv":[7.375,2.875,5.125,3.75],"texture":"#0"}}},{"from":[-2.0,0.0,0.0],"to":[1.0,3.0,3.0],"faces":{"north":{"uv":[9.5,7.625,9.875,8.0],"texture":"#0"},"east":{"uv":[9.5,8.5,9.875,8.875],"texture":"#0"},"south":{"uv":[6.875,9.75,7.25,10.125],"texture":"#0"},"west":{"uv":[7.375,9.75,7.75,10.125],"texture":"#0"},"up":{"uv":[8.25,10.125,7.875,9.75],"texture":"#0"},"down":{"uv":[8.75,9.75,8.375,10.125],"texture":"#0"}}},{"from":[-1.5,3.0,0.5],"to":[0.5,7.0,2.5],"faces":{"north":{"uv":[9.375,10.125,9.625,10.625],"texture":"#0"},"east":{"uv":[10.375,2.5,10.625,3.0],"texture":"#0"},"south":{"uv":[10.375,3.125,10.625,3.625],"texture":"#0"},"west":{"uv":[10.375,5.375,10.625,5.875],"texture":"#0"},"up":{"uv":[3.5,11.25,3.25,11.0],"texture":"#0"},"down":{"uv":[6.125,11.0,5.875,11.25],"texture":"#0"}}},{"from":[15.5,3.0,0.5],"to":[17.5,7.0,2.5],"rotation":{"origin":[16.0,0.0,0.0],"axis":"y","angle":0.0},"faces":{"north":{"uv":[10.375,6.0,10.625,6.5],"texture":"#0"},"east":{"uv":[10.375,6.625,10.625,7.125],"texture":"#0"},"south":{"uv":[10.5,3.75,10.75,4.25],"texture":"#0"},"west":{"uv":[10.5,4.375,10.75,4.875],"texture":"#0"},"up":{"uv":[5.375,11.375,5.125,11.125],"texture":"#0"},"down":{"uv":[6.875,11.125,6.625,11.375],"texture":"#0"}}},{"from":[-2.0,7.0,0.0],"to":[18.0,9.0,16.0],"faces":{"north":{"uv":[7.5,3.5,10.0,3.75],"texture":"#0"},"east":{"uv":[0.0,7.75,2.0,8.0],"texture":"#0"},"south":{"uv":[6.625,7.875,9.125,8.125],"texture":"#0"},"west":{"uv":[4.25,8.0,6.25,8.25],"texture":"#0"},"up":{"uv":[2.5,2.0,0.0,0.0],"texture":"#0"},"down":{"uv":[2.5,2.125,0.0,4.125],"texture":"#0"}}},{"from":[-1.5,0.0,0.5],"to":[17.5,1.0,15.5],"faces":{"north":{"uv":[7.375,5.625,9.75,5.75],"texture":"#0"},"east":{"uv":[2.0,8.125,3.875,8.25],"texture":"#0"},"south":{"uv":[6.375,8.25,8.75,8.375],"texture":"#0"},"west":{"uv":[8.875,8.25,10.75,8.375],"texture":"#0"},"up":{"uv":[5.0,1.875,2.625,0.0],"texture":"#0"},"down":{"uv":[5.0,2.0,2.625,3.875],"texture":"#0"}}},{"from":[15.0,0.0,0.0],"to":[18.0,3.0,3.0],"rotation":{"origin":[16.0,0.0,0.0],"axis":"y","angle":0.0},"faces":{"north":{"uv":[8.875,9.75,9.25,10.125],"texture":"#0"},"east":{"uv":[9.75,9.0,10.125,9.375],"texture":"#0"},"south":{"uv":[9.75,9.5,10.125,9.875],"texture":"#0"},"west":{"uv":[9.875,0.0,10.25,0.375],"texture":"#0"},"up":{"uv":[10.25,0.875,9.875,0.5],"texture":"#0"},"down":{"uv":[10.25,1.0,9.875,1.375],"texture":"#0"}}},{"from":[7.5,3.75,0.05],"to":[9.5,5.75,3.05],"rotation":{"origin":[8.0,5.25,1.55],"axis":"z","angle":-45.0},"faces":{"north":{"uv":[11.125,10.0,11.375,10.25],"texture":"#0"},"east":{"uv":[10.75,6.875,11.125,7.125],"texture":"#0"},"south":{"uv":[10.125,11.125,10.375,11.375],"texture":"#0"},"west":{"uv":[7.375,10.75,7.75,11.0],"texture":"#0"},"up":{"uv":[8.125,11.125,7.875,10.75],"texture":"#0"},"down":{"uv":[8.5,10.75,8.25,11.125],"texture":"#0"}}},{"from":[8.5,4.55,0.025],"to":[9.175,5.225,0.025],"rotation":{"origin":[8.0,5.725,1.525],"axis":"z","angle":-45.0},"faces":{"north":{"uv":[6.375,8.0,6.5,8.125],"texture":"#0"},"east":{"uv":[4.875,9.375,4.875,9.5],"texture":"#0"},"south":{"uv":[4.0,8.125,4.125,8.25],"texture":"#0"},"west":{"uv":[2.75,9.5,2.75,9.625],"texture":"#0"},"up":{"uv":[5.25,3.875,5.125,3.875],"texture":"#0"},"down":{"uv":[5.5,3.875,5.375,3.875],"texture":"#0"}}},{"from":[8.5,5.55,0.0],"to":[9.175,6.225,0.0],"rotation":{"origin":[8.0,6.725,1.5],"axis":"z","angle":-45.0},"faces":{"north":{"uv":[6.375,8.0,6.5,8.125],"texture":"#0"},"east":{"uv":[4.875,9.375,4.875,9.5],"texture":"#0"},"south":{"uv":[4.0,8.125,4.125,8.25],"texture":"#0"},"west":{"uv":[2.75,9.5,2.75,9.625],"texture":"#0"},"up":{"uv":[5.25,3.875,5.125,3.875],"texture":"#0"},"down":{"uv":[5.5,3.875,5.375,3.875],"texture":"#0"}}},{"from":[7.5,3.5,0.525],"to":[10.5,6.5,3.525],"rotation":{"origin":[8.0,6.0,2.025],"axis":"z","angle":-45.0},"faces":{"north":{"uv":[4.375,10.25,4.75,10.625],"texture":"#0"},"east":{"uv":[6.875,10.25,7.25,10.625],"texture":"#0"},"south":{"uv":[7.375,10.25,7.75,10.625],"texture":"#0"},"west":{"uv":[7.875,10.25,8.25,10.625],"texture":"#0"},"up":{"uv":[8.75,10.625,8.375,10.25],"texture":"#0"},"down":{"uv":[9.25,10.25,8.875,10.625],"texture":"#0"}}},{"from":[7.0,0.0,0.0],"to":[9.0,2.0,3.0],"rotation":{"origin":[16.0,0.0,0.0],"axis":"y","angle":0.0},"faces":{"north":{"uv":[3.375,9.75,3.625,10.0],"texture":"#0"},"east":{"uv":[6.625,7.5,7.0,7.75],"texture":"#0"},"south":{"uv":[2.875,11.0,3.125,11.25],"texture":"#0"},"west":{"uv":[4.25,7.625,4.625,7.875],"texture":"#0"},"up":{"uv":[10.75,8.875,10.5,8.5],"texture":"#0"},"down":{"uv":[2.25,10.625,2.0,11.0],"texture":"#0"}}},{"from":[6.0,6.5,-1.0],"to":[10.0,10.5,1.0],"rotation":{"origin":[16.0,6.5,0.0],"axis":"y","angle":0.0},"faces":{"north":{"uv":[3.75,8.625,4.25,9.125],"texture":"#0"},"east":{"uv":[0.75,10.625,1.0,11.125],"texture":"#0"},"south":{"uv":[4.375,8.75,4.875,9.25],"texture":"#0"},"west":{"uv":[1.125,10.625,1.375,11.125],"texture":"#0"},"up":{"uv":[11.0,5.25,10.5,5.0],"texture":"#0"},"down":{"uv":[11.0,7.875,10.5,8.125],"texture":"#0"}}},{"from":[6.58921,4.54289,0.025],"to":[9.41421,7.54289,3.025],"rotation":{"origin":[16.41421,4.54289,0.025],"axis":"y","angle":0.0},"faces":{"north":{"uv":[10.25,10.0,10.625,10.375],"texture":"#0"},"east":{"uv":[10.375,0.0,10.75,0.375],"texture":"#0"},"south":{"uv":[10.375,0.5,10.75,0.875],"texture":"#0"},"west":{"uv":[10.375,1.0,10.75,1.375],"texture":"#0"},"up":{"uv":[10.75,1.875,10.375,1.5],"texture":"#0"},"down":{"uv":[10.75,2.0,10.375,2.375],"texture":"#0"}}},{"from":[5.87132,4.58579,0.5],"to":[10.12132,7.58579,3.5],"rotation":{"origin":[17.12132,4.58579,0.5],"axis":"y","angle":0.0},"faces":{"north":{"uv":[6.875,9.25,7.375,9.625],"texture":"#0"},"east":{"uv":[10.25,9.0,10.625,9.375],"texture":"#0"},"south":{"uv":[7.5,9.25,8.0,9.625],"texture":"#0"},"west":{"uv":[10.25,9.5,10.625,9.875],"texture":"#0"},"up":{"uv":[8.625,9.625,8.125,9.25],"texture":"#0"},"down":{"uv":[9.25,9.25,8.75,9.625],"texture":"#0"}}},{"from":[15.5,8.0,-0.5],"to":[18.5,10.0,2.5],"rotation":{"origin":[16.0,0.0,0.0],"axis":"y","angle":0.0},"faces":{"north":{"uv":[9.0,8.5,9.375,8.75],"texture":"#0"},"east":{"uv":[2.375,10.625,2.75,10.875],"texture":"#0"},"south":{"uv":[2.875,10.625,3.25,10.875],"texture":"#0"},"west":{"uv":[3.375,10.625,3.75,10.875],"texture":"#0"},"up":{"uv":[5.75,10.375,5.375,10.0],"texture":"#0"},"down":{"uv":[10.375,7.625,10.0,8.0],"texture":"#0"}}},{"from":[-2.5,8.0,-0.5],"to":[0.5,10.0,2.5],"faces":{"north":{"uv":[5.875,10.625,6.25,10.875],"texture":"#0"},"east":{"uv":[6.375,10.625,6.75,10.875],"texture":"#0"},"south":{"uv":[10.75,2.5,11.125,2.75],"texture":"#0"},"west":{"uv":[10.75,2.875,11.125,3.125],"texture":"#0"},"up":{"uv":[10.375,8.875,10.0,8.5],"texture":"#0"},"down":{"uv":[10.125,10.0,9.75,10.375],"texture":"#0"}}},{"from":[-2.0,14.24264,4.24264],"to":[0.0,16.24264,11.74264],"rotation":{"origin":[-0.5,16.24264,21.74264],"axis":"y","angle":0.0},"faces":{"north":{"uv":[11.0,9.625,11.25,9.875],"texture":"#0"},"east":{"uv":[6.75,8.5,7.75,8.75],"texture":"#0"},"south":{"uv":[10.875,11.0,11.125,11.25],"texture":"#0"},"west":{"uv":[7.875,8.5,8.875,8.75],"texture":"#0"},"up":{"uv":[0.25,9.625,0.0,8.625],"texture":"#0"},"down":{"uv":[0.625,8.625,0.375,9.625],"texture":"#0"}}},{"from":[-1.975,14.92893,-7.07107],"to":[-0.025,20.92893,-5.07107],"rotation":{"origin":[-0.5,4.92893,-7.07107],"axis":"x","angle":45.0},"faces":{"north":{"uv":[5.0,9.125,5.25,9.875],"texture":"#0"},"east":{"uv":[5.375,9.125,5.625,9.875],"texture":"#0"},"south":{"uv":[5.75,9.125,6.0,9.875],"texture":"#0"},"west":{"uv":[3.75,9.25,4.0,10.0],"texture":"#0"},"up":{"uv":[6.5,11.25,6.25,11.0],"texture":"#0"},"down":{"uv":[8.875,11.0,8.625,11.25],"texture":"#0"}}},{"from":[-2.0,10.0,0.0],"to":[0.0,12.0,2.0],"rotation":{"origin":[-0.5,12.0,17.0],"axis":"y","angle":0.0},"faces":{"north":{"uv":[11.125,0.0,11.375,0.25],"texture":"#0"},"east":{"uv":[11.125,0.375,11.375,0.625],"texture":"#0"},"south":{"uv":[11.125,0.75,11.375,1.0],"texture":"#0"},"west":{"uv":[11.125,1.125,11.375,1.375],"texture":"#0"},"up":{"uv":[2.25,11.375,2.0,11.125],"texture":"#0"},"down":{"uv":[3.875,11.125,3.625,11.375],"texture":"#0"}}},{"from":[16.0,14.24264,4.24264],"to":[18.0,16.24264,11.74264],"rotation":{"origin":[16.5,16.24264,21.74264],"axis":"y","angle":0.0},"faces":{"north":{"uv":[11.125,10.375,11.375,10.625],"texture":"#0"},"east":{"uv":[0.75,8.625,1.75,8.875],"texture":"#0"},"south":{"uv":[10.5,11.125,10.75,11.375],"texture":"#0"},"west":{"uv":[1.875,8.625,2.875,8.875],"texture":"#0"},"up":{"uv":[3.25,9.625,3.0,8.625],"texture":"#0"},"down":{"uv":[3.625,8.625,3.375,9.625],"texture":"#0"}}},{"from":[16.025,14.92893,-7.07107],"to":[17.975,20.92893,-5.07107],"rotation":{"origin":[16.5,4.92893,-7.07107],"axis":"x","angle":45.0},"faces":{"north":{"uv":[4.125,9.375,4.375,10.125],"texture":"#0"},"east":{"uv":[4.5,9.375,4.75,10.125],"texture":"#0"},"south":{"uv":[9.375,9.25,9.625,10.0],"texture":"#0"},"west":{"uv":[9.5,5.875,9.75,6.625],"texture":"#0"},"up":{"uv":[0.25,11.5,0.0,11.25],"texture":"#0"},"down":{"uv":[0.625,11.25,0.375,11.5],"texture":"#0"}}},{"from":[16.0,10.0,0.0],"to":[18.0,12.0,2.0],"rotation":{"origin":[16.5,12.0,17.0],"axis":"y","angle":0.0},"faces":{"north":{"uv":[0.75,11.25,1.0,11.5],"texture":"#0"},"east":{"uv":[1.125,11.25,1.375,11.5],"texture":"#0"},"south":{"uv":[11.25,1.5,11.5,1.75],"texture":"#0"},"west":{"uv":[11.25,1.875,11.5,2.125],"texture":"#0"},"up":{"uv":[11.5,2.5,11.25,2.25],"texture":"#0"},"down":{"uv":[11.5,2.625,11.25,2.875],"texture":"#0"}}},{"from":[6.5,14.24264,4.24264],"to":[7.5,16.24264,11.74264],"rotation":{"origin":[7.0,16.24264,21.74264],"axis":"y","angle":0.0},"faces":{"north":{"uv":[2.125,7.75,2.25,8.0],"texture":"#0"},"east":{"uv":[5.0,8.75,6.0,9.0],"texture":"#0"},"south":{"uv":[9.25,7.875,9.375,8.125],"texture":"#0"},"west":{"uv":[6.125,8.875,7.125,9.125],"texture":"#0"},"up":{"uv":[2.5,5.25,2.375,4.25],"texture":"#0"},"down":{"uv":[5.75,10.5,5.625,11.5],"texture":"#0"}}},{"from":[6.525,14.92893,-7.07107],"to":[7.475,20.92893,-5.07107],"rotation":{"origin":[7.0,4.92893,-7.07107],"axis":"x","angle":45.0},"faces":{"north":{"uv":[10.75,9.25,10.875,10.0],"texture":"#0"},"east":{"uv":[0.375,9.75,0.625,10.5],"texture":"#0"},"south":{"uv":[9.5,10.75,9.625,11.5],"texture":"#0"},"west":{"uv":[0.75,9.75,1.0,10.5],"texture":"#0"},"up":{"uv":[10.25,3.75,10.125,3.5],"texture":"#0"},"down":{"uv":[3.0,11.375,2.875,11.625],"texture":"#0"}}},{"from":[6.5,10.0,0.0],"to":[7.5,12.0,2.0],"rotation":{"origin":[7.0,12.0,17.0],"axis":"y","angle":0.0},"faces":{"north":{"uv":[3.125,11.375,3.25,11.625],"texture":"#0"},"east":{"uv":[7.75,11.25,8.0,11.5],"texture":"#0"},"south":{"uv":[3.375,11.375,3.5,11.625],"texture":"#0"},"west":{"uv":[8.125,11.25,8.375,11.5],"texture":"#0"},"up":{"uv":[6.0,11.625,5.875,11.375],"texture":"#0"},"down":{"uv":[6.25,11.375,6.125,11.625],"texture":"#0"}}},{"from":[6.5,9.0,14.0],"to":[7.5,12.0,16.0],"rotation":{"origin":[7.0,12.0,-1.0],"axis":"y","angle":0.0},"faces":{"north":{"uv":[11.25,10.75,11.375,11.125],"texture":"#0"},"east":{"uv":[10.875,7.25,11.125,7.625],"texture":"#0"},"south":{"uv":[11.25,11.25,11.375,11.625],"texture":"#0"},"west":{"uv":[10.875,8.25,11.125,8.625],"texture":"#0"},"up":{"uv":[3.75,11.75,3.625,11.5],"texture":"#0"},"down":{"uv":[11.625,3.75,11.5,4.0],"texture":"#0"}}},{"from":[8.5,14.24264,4.24264],"to":[9.5,16.24264,11.74264],"rotation":{"origin":[9.0,16.24264,21.74264],"axis":"y","angle":0.0},"faces":{"north":{"uv":[8.75,11.375,8.875,11.625],"texture":"#0"},"east":{"uv":[7.25,8.875,8.25,9.125],"texture":"#0"},"south":{"uv":[9.0,11.375,9.125,11.625],"texture":"#0"},"west":{"uv":[8.375,8.875,9.375,9.125],"texture":"#0"},"up":{"uv":[1.625,11.625,1.5,10.625],"texture":"#0"},"down":{"uv":[1.875,10.625,1.75,11.625],"texture":"#0"}}},{"from":[8.525,14.92893,-7.07107],"to":[9.475,20.92893,-5.07107],"rotation":{"origin":[9.0,4.92893,-7.07107],"axis":"x","angle":45.0},"faces":{"north":{"uv":[10.875,3.625,11.0,4.375],"texture":"#0"},"east":{"uv":[1.875,9.75,2.125,10.5],"texture":"#0"},"south":{"uv":[10.875,10.125,11.0,10.875],"texture":"#0"},"west":{"uv":[2.25,9.75,2.5,10.5],"texture":"#0"},"up":{"uv":[9.375,11.625,9.25,11.375],"texture":"#0"},"down":{"uv":[11.5,9.25,11.375,9.5],"texture":"#0"}}},{"from":[8.5,10.0,0.0],"to":[9.5,12.0,2.0],"rotation":{"origin":[9.0,12.0,17.0],"axis":"y","angle":0.0},"faces":{"north":{"uv":[11.375,9.625,11.5,9.875],"texture":"#0"},"east":{"uv":[11.25,8.125,11.5,8.375],"texture":"#0"},"south":{"uv":[10.875,11.375,11.0,11.625],"texture":"#0"},"west":{"uv":[11.25,8.5,11.5,8.75],"texture":"#0"},"up":{"uv":[11.625,0.25,11.5,0.0],"texture":"#0"},"down":{"uv":[11.625,0.375,11.5,0.625],"texture":"#0"}}},{"from":[8.5,9.0,14.0],"to":[9.5,12.0,16.0],"rotation":{"origin":[9.0,12.0,-1.0],"axis":"y","angle":0.0},"faces":{"north":{"uv":[2.375,5.375,2.5,5.75],"texture":"#0"},"east":{"uv":[10.875,1.75,11.125,2.125],"texture":"#0"},"south":{"uv":[2.75,9.0,2.875,9.375],"texture":"#0"},"west":{"uv":[10.875,4.5,11.125,4.875],"texture":"#0"},"up":{"uv":[2.125,11.75,2.0,11.5],"texture":"#0"},"down":{"uv":[11.625,3.375,11.5,3.625],"texture":"#0"}}},{"from":[-2.0,0.0,13.0],"to":[1.0,3.0,16.0],"rotation":{"origin":[0.0,0.0,16.0],"axis":"y","angle":0.0},"faces":{"north":{"uv":[7.25,9.75,6.875,10.125],"texture":"#0"},"east":{"uv":[9.875,8.5,9.5,8.875],"texture":"#0"},"south":{"uv":[9.875,7.625,9.5,8.0],"texture":"#0"},"west":{"uv":[7.75,9.75,7.375,10.125],"texture":"#0"},"up":{"uv":[8.25,9.75,7.875,10.125],"texture":"#0"},"down":{"uv":[8.75,10.125,8.375,9.75],"texture":"#0"}}},{"from":[-1.5,3.0,13.5],"to":[0.5,7.0,15.5],"rotation":{"origin":[0.0,0.0,16.0],"axis":"y","angle":0.0},"faces":{"north":{"uv":[10.625,3.125,10.375,3.625],"texture":"#0"},"east":{"uv":[10.625,2.5,10.375,3.0],"texture":"#0"},"south":{"uv":[9.625,10.125,9.375,10.625],"texture":"#0"},"west":{"uv":[10.625,5.375,10.375,5.875],"texture":"#0"},"up":{"uv":[3.5,11.0,3.25,11.25],"texture":"#0"},"down":{"uv":[6.125,11.25,5.875,11.0],"texture":"#0"}}},{"from":[-2.5,8.0,13.5],"to":[0.5,10.0,16.5],"rotation":{"origin":[0.0,0.0,16.0],"axis":"y","angle":0.0},"faces":{"north":{"uv":[11.125,2.5,10.75,2.75],"texture":"#0"},"east":{"uv":[6.75,10.625,6.375,10.875],"texture":"#0"},"south":{"uv":[6.25,10.625,5.875,10.875],"texture":"#0"},"west":{"uv":[11.125,2.875,10.75,3.125],"texture":"#0"},"up":{"uv":[10.375,8.5,10.0,8.875],"texture":"#0"},"down":{"uv":[10.125,10.375,9.75,10.0],"texture":"#0"}}},{"from":[6.525,14.92893,21.07107],"to":[7.475,20.92893,23.07107],"rotation":{"origin":[7.0,4.92893,23.07107],"axis":"x","angle":-45.0},"faces":{"north":{"uv":[9.625,10.75,9.5,11.5],"texture":"#0"},"east":{"uv":[0.625,9.75,0.375,10.5],"texture":"#0"},"south":{"uv":[10.875,9.25,10.75,10.0],"texture":"#0"},"west":{"uv":[1.0,9.75,0.75,10.5],"texture":"#0"},"up":{"uv":[10.25,3.5,10.125,3.75],"texture":"#0"},"down":{"uv":[3.0,11.625,2.875,11.375],"texture":"#0"}}},{"from":[8.525,14.92893,21.07107],"to":[9.475,20.92893,23.07107],"rotation":{"origin":[9.0,4.92893,23.07107],"axis":"x","angle":-45.0},"faces":{"north":{"uv":[11.0,10.125,10.875,10.875],"texture":"#0"},"east":{"uv":[2.125,9.75,1.875,10.5],"texture":"#0"},"south":{"uv":[11.0,3.625,10.875,4.375],"texture":"#0"},"west":{"uv":[2.5,9.75,2.25,10.5],"texture":"#0"},"up":{"uv":[9.375,11.375,9.25,11.625],"texture":"#0"},"down":{"uv":[11.5,9.5,11.375,9.25],"texture":"#0"}}},{"from":[16.025,14.92893,21.07107],"to":[17.975,20.92893,23.07107],"rotation":{"origin":[16.5,4.92893,23.07107],"axis":"x","angle":-45.0},"faces":{"north":{"uv":[9.625,9.25,9.375,10.0],"texture":"#0"},"east":{"uv":[4.75,9.375,4.5,10.125],"texture":"#0"},"south":{"uv":[4.375,9.375,4.125,10.125],"texture":"#0"},"west":{"uv":[9.75,5.875,9.5,6.625],"texture":"#0"},"up":{"uv":[0.25,11.25,0.0,11.5],"texture":"#0"},"down":{"uv":[0.625,11.5,0.375,11.25],"texture":"#0"}}},{"from":[-1.975,14.92893,21.07107],"to":[-0.025,20.92893,23.07107],"rotation":{"origin":[-0.5,4.92893,23.07107],"axis":"x","angle":-45.0},"faces":{"north":{"uv":[6.0,9.125,5.75,9.875],"texture":"#0"},"east":{"uv":[5.625,9.125,5.375,9.875],"texture":"#0"},"south":{"uv":[5.25,9.125,5.0,9.875],"texture":"#0"},"west":{"uv":[4.0,9.25,3.75,10.0],"texture":"#0"},"up":{"uv":[6.5,11.0,6.25,11.25],"texture":"#0"},"down":{"uv":[8.875,11.25,8.625,11.0],"texture":"#0"}}},{"from":[16.0,10.0,14.0],"to":[18.0,12.0,16.0],"rotation":{"origin":[16.5,12.0,-1.0],"axis":"y","angle":0.0},"faces":{"north":{"uv":[11.5,1.5,11.25,1.75],"texture":"#0"},"east":{"uv":[1.375,11.25,1.125,11.5],"texture":"#0"},"south":{"uv":[1.0,11.25,0.75,11.5],"texture":"#0"},"west":{"uv":[11.5,1.875,11.25,2.125],"texture":"#0"},"up":{"uv":[11.5,2.25,11.25,2.5],"texture":"#0"},"down":{"uv":[11.5,2.875,11.25,2.625],"texture":"#0"}}},{"from":[-2.0,10.0,14.0],"to":[0.0,12.0,16.0],"rotation":{"origin":[-0.5,12.0,-1.0],"axis":"y","angle":0.0},"faces":{"north":{"uv":[11.375,0.75,11.125,1.0],"texture":"#0"},"east":{"uv":[11.375,0.375,11.125,0.625],"texture":"#0"},"south":{"uv":[11.375,0.0,11.125,0.25],"texture":"#0"},"west":{"uv":[11.375,1.125,11.125,1.375],"texture":"#0"},"up":{"uv":[2.25,11.125,2.0,11.375],"texture":"#0"},"down":{"uv":[3.875,11.375,3.625,11.125],"texture":"#0"}}},{"from":[15.5,8.0,13.5],"to":[18.5,10.0,16.5],"rotation":{"origin":[16.0,0.0,16.0],"axis":"y","angle":0.0},"faces":{"north":{"uv":[3.25,10.625,2.875,10.875],"texture":"#0"},"east":{"uv":[2.75,10.625,2.375,10.875],"texture":"#0"},"south":{"uv":[9.375,8.5,9.0,8.75],"texture":"#0"},"west":{"uv":[3.75,10.625,3.375,10.875],"texture":"#0"},"up":{"uv":[5.75,10.0,5.375,10.375],"texture":"#0"},"down":{"uv":[10.375,8.0,10.0,7.625],"texture":"#0"}}},{"from":[15.5,3.0,13.5],"to":[17.5,7.0,15.5],"rotation":{"origin":[16.0,0.0,16.0],"axis":"y","angle":0.0},"faces":{"north":{"uv":[10.75,3.75,10.5,4.25],"texture":"#0"},"east":{"uv":[10.625,6.625,10.375,7.125],"texture":"#0"},"south":{"uv":[10.625,6.0,10.375,6.5],"texture":"#0"},"west":{"uv":[10.75,4.375,10.5,4.875],"texture":"#0"},"up":{"uv":[5.375,11.125,5.125,11.375],"texture":"#0"},"down":{"uv":[6.875,11.375,6.625,11.125],"texture":"#0"}}},{"from":[15.0,0.0,13.0],"to":[18.0,3.0,16.0],"rotation":{"origin":[16.0,0.0,16.0],"axis":"y","angle":0.0},"faces":{"north":{"uv":[10.125,9.5,9.75,9.875],"texture":"#0"},"east":{"uv":[10.125,9.0,9.75,9.375],"texture":"#0"},"south":{"uv":[9.25,9.75,8.875,10.125],"texture":"#0"},"west":{"uv":[10.25,0.0,9.875,0.375],"texture":"#0"},"up":{"uv":[10.25,0.5,9.875,0.875],"texture":"#0"},"down":{"uv":[10.25,1.375,9.875,1.0],"texture":"#0"}}}],"textures":{"particle":"52446570-4af7-416e-b65f-251793424a83","0":"52446570-4af7-416e-b65f-251793424a83"},"gui_light":"front"}