{"display":{"thirdperson_righthand":{"translation":[0.0,3.25,1.0]},"thirdperson_lefthand":{"translation":[0.0,3.25,1.0]},"firstperson_righthand":{"rotation":[-10.0,0.0,0.0],"translation":[0.0,4.75,0.0]},"firstperson_lefthand":{"rotation":[-10.0,0.0,0.0],"translation":[0.0,4.75,0.0]},"ground":{"rotation":[-45.0,0.0,0.0],"translation":[0.0,10.75,0.0]},"gui":{"rotation":[-90.0,45.0,90.0],"translation":[0.5,-0.5,0.0],"scale":[0.67773,0.67773,0.67773]},"head":{"rotation":[-90.0,90.0,90.0]},"fixed":{"rotation":[90.0,-90.0,90.0],"translation":[0.0,1.25,-1.25],"scale":[1.5,1.5,1.5]}},"elements":[{"from":[7.395,-1.105,7.395],"to":[8.605,0.105,8.605],"rotation":{"origin":[8.0,-0.5,8.0],"axis":"x","angle":-45.0},"faces":{"north":{"uv":[1.33333,12.66667,2.16667,13.5],"texture":"#3"},"east":{"uv":[12.66667,1.33333,13.5,2.16667],"texture":"#3"},"south":{"uv":[2.66667,12.66667,3.5,13.5],"texture":"#3"},"west":{"uv":[12.66667,2.66667,13.5,3.5],"texture":"#3"},"up":{"uv":[13.5,4.83333,12.66667,4.0],"texture":"#3"},"down":{"uv":[13.5,5.33333,12.66667,6.16667],"texture":"#3"}}},{"from":[7.195,-0.905,7.595],"to":[8.805,-0.095,8.405],"rotation":{"origin":[8.0,-0.5,8.0],"axis":"x","angle":-45.0},"faces":{"north":{"uv":[12.66667,12.66667,13.66667,13.16667],"texture":"#3"},"east":{"uv":[14.0,5.33333,14.5,5.83333],"texture":"#3"},"south":{"uv":[0.0,13.33333,1.0,13.83333],"texture":"#3"},"west":{"uv":[6.0,14.0,6.5,14.5],"texture":"#3"},"up":{"uv":[14.33333,0.5,13.33333,0.0],"texture":"#3"},"down":{"uv":[14.33333,0.66667,13.33333,1.16667],"texture":"#3"}}},{"from":[7.75,-1.25,6.525],"to":[8.25,-0.25,8.025],"rotation":{"origin":[8.0,-0.75,7.025],"axis":"x","angle":-22.5},"faces":{"east":{"uv":[8.66667,12.66667,9.66667,13.33333],"texture":"#3"},"west":{"uv":[10.66667,12.66667,11.66667,13.33333],"texture":"#3"},"up":{"uv":[14.33333,5.0,14.0,4.0],"texture":"#3"},"down":{"uv":[5.0,14.0,4.66667,15.0],"texture":"#3"}}},{"from":[7.5,-1.5,5.4],"to":[8.5,-0.5,7.4],"rotation":{"origin":[8.0,-1.0,6.4],"axis":"x","angle":22.5},"faces":{"north":{"uv":[9.33333,6.66667,10.0,7.33333],"texture":"#3"},"east":{"uv":[10.66667,5.33333,12.0,6.0],"texture":"#3"},"south":{"uv":[6.66667,13.33333,7.33333,14.0],"texture":"#3"},"west":{"uv":[11.33333,6.0,12.66667,6.66667],"texture":"#3"},"up":{"uv":[8.66667,5.33333,8.0,4.0],"texture":"#3"},"down":{"uv":[12.0,2.66667,11.33333,4.0],"texture":"#3"}}},{"from":[7.5015,-1.5,4.93492],"to":[8.4985,-0.5,5.93492],"rotation":{"origin":[8.0015,-1.0,4.93492],"axis":"x","angle":-22.5},"faces":{"north":{"uv":[7.33333,13.33333,8.0,14.0],"texture":"#3"},"east":{"uv":[13.33333,8.0,14.0,8.66667],"texture":"#3"},"west":{"uv":[8.66667,13.33333,9.33333,14.0],"texture":"#3"},"up":{"uv":[14.0,9.33333,13.33333,8.66667],"texture":"#3"},"down":{"uv":[10.0,13.33333,9.33333,14.0],"texture":"#3"}}},{"from":[7.5,-0.25,7.5],"to":[8.5,0.75,8.5],"rotation":{"origin":[7.5,-0.25,7.5],"axis":"y","angle":0.0},"faces":{"north":{"uv":[13.33333,9.33333,14.0,10.0],"texture":"#3"},"east":{"uv":[13.33333,10.0,14.0,10.66667],"texture":"#3"},"south":{"uv":[10.66667,13.33333,11.33333,14.0],"texture":"#3"},"west":{"uv":[13.33333,10.66667,14.0,11.33333],"texture":"#3"},"up":{"uv":[12.0,14.0,11.33333,13.33333],"texture":"#3"},"down":{"uv":[14.0,11.33333,13.33333,12.0],"texture":"#3"}}},{"from":[7.5,3.55,7.5],"to":[8.5,5.55,8.5],"rotation":{"origin":[7.5,3.55,7.5],"axis":"y","angle":0.0},"faces":{"north":{"uv":[12.0,4.66667,12.66667,6.0],"texture":"#3"},"east":{"uv":[6.0,12.0,6.66667,13.33333],"texture":"#3"},"south":{"uv":[6.66667,12.0,7.33333,13.33333],"texture":"#3"},"west":{"uv":[12.0,6.66667,12.66667,8.0],"texture":"#3"},"down":{"uv":[14.0,12.0,13.33333,12.66667],"texture":"#3"}}},{"from":[7.6,0.75,7.6],"to":[8.4,3.55,8.4],"rotation":{"origin":[7.5,1.65,7.5],"axis":"y","angle":0.0},"faces":{"north":{"uv":[4.0,11.33333,4.5,13.16667],"texture":"#3"},"east":{"uv":[4.66667,11.33333,5.16667,13.16667],"texture":"#3"},"south":{"uv":[5.33333,11.33333,5.83333,13.16667],"texture":"#3"},"west":{"uv":[12.0,2.66667,12.5,4.5],"texture":"#3"}}},{"from":[7.4,11.0,7.0],"to":[8.6,13.0,9.0],"rotation":{"origin":[8.0,12.0,8.0],"axis":"x","angle":45.0},"faces":{"north":{"uv":[10.66667,4.0,11.5,5.33333],"texture":"#3"},"east":{"uv":[8.66667,7.33333,10.0,8.66667],"texture":"#3"},"south":{"uv":[10.66667,6.66667,11.5,8.0],"texture":"#3"},"west":{"uv":[8.66667,8.66667,10.0,10.0],"texture":"#3"},"up":{"uv":[11.5,9.33333,10.66667,8.0],"texture":"#3"},"down":{"uv":[11.5,9.33333,10.66667,10.66667],"texture":"#3"}}},{"from":[7.2,11.2,7.2],"to":[8.8,12.8,8.8],"rotation":{"origin":[8.0,12.0,8.0],"axis":"x","angle":45.0},"faces":{"north":{"uv":[10.66667,10.66667,11.66667,11.66667],"texture":"#3"},"east":{"uv":[0.0,11.33333,1.0,12.33333],"texture":"#3"},"south":{"uv":[11.33333,0.0,12.33333,1.0],"texture":"#3"},"west":{"uv":[1.33333,11.33333,2.33333,12.33333],"texture":"#3"},"up":{"uv":[12.33333,2.33333,11.33333,1.33333],"texture":"#3"},"down":{"uv":[3.66667,11.33333,2.66667,12.33333],"texture":"#3"}}},{"from":[7.0,11.25,6.25],"to":[9.0,14.25,7.25],"rotation":{"origin":[7.0,6.0,7.25],"axis":"y","angle":0.0},"faces":{"north":{"uv":[5.33333,7.33333,6.66667,9.33333],"texture":"#3"},"east":{"uv":[9.33333,4.0,10.0,6.0],"texture":"#3"},"south":{"uv":[6.66667,7.33333,8.0,9.33333],"texture":"#3"},"west":{"uv":[5.33333,9.33333,6.0,11.33333],"texture":"#3"},"up":{"uv":[13.33333,8.66667,12.0,8.0],"texture":"#3"},"down":{"uv":[10.0,12.0,8.66667,12.66667],"texture":"#3"}}},{"from":[7.001,13.75,6.45711],"to":[8.999,14.75,7.45711],"rotation":{"origin":[8.001,14.25,6.95711],"axis":"x","angle":45.0},"faces":{"north":{"uv":[12.0,8.66667,13.33333,9.33333],"texture":"#3"},"east":{"uv":[12.66667,13.33333,13.33333,14.0],"texture":"#3"},"south":{"uv":[12.0,9.33333,13.33333,10.0],"texture":"#3"},"west":{"uv":[13.33333,13.33333,14.0,14.0],"texture":"#3"},"up":{"uv":[13.33333,10.66667,12.0,10.0],"texture":"#3"}}},{"from":[7.001,10.75,6.04289],"to":[8.999,11.75,7.04289],"rotation":{"origin":[8.001,11.25,6.54289],"axis":"x","angle":45.0},"faces":{"north":{"uv":[10.66667,12.0,12.0,12.66667],"texture":"#3"},"east":{"uv":[0.0,14.0,0.66667,14.66667],"texture":"#3"},"south":{"uv":[12.0,10.66667,13.33333,11.33333],"texture":"#3"},"west":{"uv":[0.66667,14.0,1.33333,14.66667],"texture":"#3"},"down":{"uv":[13.33333,11.33333,12.0,12.0],"texture":"#3"}}},{"from":[7.5,12.6,4.5],"to":[8.5,13.6,6.5],"rotation":{"origin":[8.0,13.35,5.0],"axis":"x","angle":-22.5},"faces":{"north":{"uv":[1.33333,14.0,2.0,14.66667],"texture":"#3"},"east":{"uv":[12.0,12.0,13.33333,12.66667],"texture":"#3"},"south":{"uv":[14.0,1.33333,14.66667,2.0],"texture":"#3"},"west":{"uv":[0.0,12.66667,1.33333,13.33333],"texture":"#3"},"up":{"uv":[8.0,13.33333,7.33333,12.0],"texture":"#3"},"down":{"uv":[13.33333,0.0,12.66667,1.33333],"texture":"#3"}}},{"from":[7.501,12.21732,2.07403],"to":[8.499,13.21732,5.07403],"rotation":{"origin":[8.001,12.96732,5.57403],"axis":"x","angle":22.5},"faces":{"north":{"uv":[2.0,14.0,2.66667,14.66667],"texture":"#3"},"east":{"uv":[6.0,9.33333,8.0,10.0],"texture":"#3"},"west":{"uv":[9.33333,6.0,11.33333,6.66667],"texture":"#3"},"up":{"uv":[10.66667,6.0,10.0,4.0],"texture":"#3"},"down":{"uv":[6.66667,10.0,6.0,12.0],"texture":"#3"}}},{"from":[7.75,13.21732,3.82403],"to":[8.25,14.21732,4.32403],"rotation":{"origin":[8.0,12.96732,5.57403],"axis":"x","angle":22.5},"faces":{"north":{"uv":[14.0,6.0,14.33333,6.66667],"texture":"#3"},"east":{"uv":[6.66667,14.0,7.0,14.66667],"texture":"#3"},"south":{"uv":[14.0,6.66667,14.33333,7.33333],"texture":"#3"},"west":{"uv":[7.33333,14.0,7.66667,14.66667],"texture":"#3"},"up":{"uv":[14.33333,11.0,14.0,10.66667],"texture":"#3"}}},{"from":[7.751,13.91358,3.23999],"to":[8.249,14.63858,4.66499],"rotation":{"origin":[8.001,14.13858,4.16499],"axis":"x","angle":-22.5},"faces":{"north":{"uv":[10.66667,14.0,11.0,14.5],"texture":"#3"},"east":{"uv":[4.0,13.33333,5.0,13.83333],"texture":"#3"},"west":{"uv":[5.33333,13.33333,6.33333,13.83333],"texture":"#3"},"up":{"uv":[5.66667,15.0,5.33333,14.0],"texture":"#3"}}},{"from":[7.5,12.0,6.5],"to":[8.5,15.0,9.5],"rotation":{"origin":[8.0,13.5,8.0],"axis":"x","angle":-45.0},"faces":{"north":{"uv":[6.66667,10.0,7.33333,12.0],"texture":"#3"},"east":{"uv":[4.66667,5.33333,6.66667,7.33333],"texture":"#3"},"south":{"uv":[10.0,6.66667,10.66667,8.66667],"texture":"#3"},"west":{"uv":[6.66667,5.33333,8.66667,7.33333],"texture":"#3"},"up":{"uv":[8.0,12.0,7.33333,10.0],"texture":"#3"},"down":{"uv":[9.33333,10.0,8.66667,12.0],"texture":"#3"}}},{"from":[7.75,6.5,6.5],"to":[8.25,11.5,7.5],"rotation":{"origin":[7.25,20.0,0.0],"axis":"y","angle":0.0},"faces":{"north":{"uv":[8.0,10.66667,8.33333,14.0],"texture":"#3"},"east":{"uv":[8.0,7.33333,8.66667,10.66667],"texture":"#3"},"south":{"uv":[10.0,10.66667,10.33333,14.0],"texture":"#3"},"west":{"uv":[8.66667,4.0,9.33333,7.33333],"texture":"#3"},"up":{"uv":[14.33333,8.0,14.0,7.33333],"texture":"#3"},"down":{"uv":[8.33333,14.0,8.0,14.66667],"texture":"#3"}}},{"from":[7.752,7.70711,5.79289],"to":[8.248,10.70711,6.79289],"rotation":{"origin":[7.252,23.20711,-0.70711],"axis":"y","angle":0.0},"faces":{"north":{"uv":[12.0,12.66667,12.33333,14.66667],"texture":"#3"},"east":{"uv":[10.0,8.66667,10.66667,10.66667],"texture":"#3"},"west":{"uv":[9.33333,10.0,10.0,12.0],"texture":"#3"}}},{"from":[7.751,6.0,6.70711],"to":[8.249,7.0,7.70711],"rotation":{"origin":[8.001,6.5,7.20711],"axis":"x","angle":-45.0},"faces":{"north":{"uv":[14.0,8.0,14.33333,8.66667],"texture":"#3"},"east":{"uv":[14.0,2.0,14.66667,2.66667],"texture":"#3"},"south":{"uv":[8.66667,14.0,9.0,14.66667],"texture":"#3"},"west":{"uv":[2.66667,14.0,3.33333,14.66667],"texture":"#3"},"down":{"uv":[14.33333,8.66667,14.0,9.33333],"texture":"#3"}}},{"from":[7.751,7.20711,6.0],"to":[8.249,8.20711,7.0],"rotation":{"origin":[8.001,7.70711,6.5],"axis":"x","angle":-45.0},"faces":{"north":{"uv":[9.33333,14.0,9.66667,14.66667],"texture":"#3"},"east":{"uv":[14.0,2.66667,14.66667,3.33333],"texture":"#3"},"west":{"uv":[3.33333,14.0,4.0,14.66667],"texture":"#3"},"up":{"uv":[14.33333,10.0,14.0,9.33333],"texture":"#3"}}},{"from":[7.751,10.20711,6.0],"to":[8.249,11.20711,7.0],"rotation":{"origin":[8.001,10.70711,6.5],"axis":"x","angle":-45.0},"faces":{"north":{"uv":[10.0,14.0,10.33333,14.66667],"texture":"#3"},"east":{"uv":[14.0,3.33333,14.66667,4.0],"texture":"#3"},"west":{"uv":[4.0,14.0,4.66667,14.66667],"texture":"#3"},"up":{"uv":[14.33333,10.66667,14.0,10.0],"texture":"#3"}}},{"from":[7.001,13.75,8.54289],"to":[8.999,14.75,9.54289],"rotation":{"origin":[8.001,14.25,9.04289],"axis":"x","angle":-45.0},"faces":{"north":{"uv":[13.33333,9.33333,12.0,10.0],"texture":"#3"},"east":{"uv":[13.33333,13.33333,12.66667,14.0],"texture":"#3"},"south":{"uv":[13.33333,8.66667,12.0,9.33333],"texture":"#3"},"west":{"uv":[14.0,13.33333,13.33333,14.0],"texture":"#3"},"up":{"uv":[13.33333,10.0,12.0,10.66667],"texture":"#3"}}},{"from":[7.0,11.25,8.75],"to":[9.0,14.25,9.75],"rotation":{"origin":[7.0,6.0,8.75],"axis":"y","angle":0.0},"faces":{"north":{"uv":[8.0,7.33333,6.66667,9.33333],"texture":"#3"},"east":{"uv":[10.0,4.0,9.33333,6.0],"texture":"#3"},"south":{"uv":[6.66667,7.33333,5.33333,9.33333],"texture":"#3"},"west":{"uv":[6.0,9.33333,5.33333,11.33333],"texture":"#3"},"up":{"uv":[13.33333,8.0,12.0,8.66667],"texture":"#3"},"down":{"uv":[10.0,12.66667,8.66667,12.0],"texture":"#3"}}},{"from":[7.001,10.75,8.95711],"to":[8.999,11.75,9.95711],"rotation":{"origin":[8.001,11.25,9.45711],"axis":"x","angle":-45.0},"faces":{"north":{"uv":[13.33333,10.66667,12.0,11.33333],"texture":"#3"},"east":{"uv":[0.66667,14.0,0.0,14.66667],"texture":"#3"},"south":{"uv":[12.0,12.0,10.66667,12.66667],"texture":"#3"},"west":{"uv":[1.33333,14.0,0.66667,14.66667],"texture":"#3"},"down":{"uv":[13.33333,12.0,12.0,11.33333],"texture":"#3"}}},{"from":[7.751,10.20711,9.0],"to":[8.249,11.20711,10.0],"rotation":{"origin":[8.001,10.70711,9.5],"axis":"x","angle":45.0},"faces":{"east":{"uv":[14.66667,3.33333,14.0,4.0],"texture":"#3"},"south":{"uv":[10.33333,14.0,10.0,14.66667],"texture":"#3"},"west":{"uv":[4.66667,14.0,4.0,14.66667],"texture":"#3"},"up":{"uv":[14.33333,10.0,14.0,10.66667],"texture":"#3"}}},{"from":[7.752,7.70711,9.20711],"to":[8.248,10.70711,10.20711],"rotation":{"origin":[7.252,23.20711,16.70711],"axis":"y","angle":0.0},"faces":{"east":{"uv":[10.66667,8.66667,10.0,10.66667],"texture":"#3"},"south":{"uv":[12.33333,12.66667,12.0,14.66667],"texture":"#3"},"west":{"uv":[10.0,10.0,9.33333,12.0],"texture":"#3"}}},{"from":[7.751,7.20711,9.0],"to":[8.249,8.20711,10.0],"rotation":{"origin":[8.001,7.70711,9.5],"axis":"x","angle":45.0},"faces":{"east":{"uv":[14.66667,2.66667,14.0,3.33333],"texture":"#3"},"south":{"uv":[9.66667,14.0,9.33333,14.66667],"texture":"#3"},"west":{"uv":[4.0,14.0,3.33333,14.66667],"texture":"#3"},"up":{"uv":[14.33333,9.33333,14.0,10.0],"texture":"#3"}}},{"from":[7.75,6.5,8.5],"to":[8.25,11.5,9.5],"rotation":{"origin":[7.25,20.0,16.0],"axis":"y","angle":0.0},"faces":{"north":{"uv":[10.33333,10.66667,10.0,14.0],"texture":"#3"},"east":{"uv":[8.66667,7.33333,8.0,10.66667],"texture":"#3"},"south":{"uv":[8.33333,10.66667,8.0,14.0],"texture":"#3"},"west":{"uv":[9.33333,4.0,8.66667,7.33333],"texture":"#3"},"up":{"uv":[14.33333,7.33333,14.0,8.0],"texture":"#3"},"down":{"uv":[8.33333,14.66667,8.0,14.0],"texture":"#3"}}},{"from":[7.751,6.0,8.29289],"to":[8.249,7.0,9.29289],"rotation":{"origin":[8.001,6.5,8.79289],"axis":"x","angle":45.0},"faces":{"north":{"uv":[9.0,14.0,8.66667,14.66667],"texture":"#3"},"east":{"uv":[14.66667,2.0,14.0,2.66667],"texture":"#3"},"south":{"uv":[14.33333,8.0,14.0,8.66667],"texture":"#3"},"west":{"uv":[3.33333,14.0,2.66667,14.66667],"texture":"#3"},"down":{"uv":[14.33333,9.33333,14.0,8.66667],"texture":"#3"}}},{"from":[7.5,12.6,9.5],"to":[8.5,13.6,11.5],"rotation":{"origin":[8.0,13.35,11.0],"axis":"x","angle":22.5},"faces":{"north":{"uv":[14.66667,1.33333,14.0,2.0],"texture":"#3"},"east":{"uv":[13.33333,12.0,12.0,12.66667],"texture":"#3"},"south":{"uv":[2.0,14.0,1.33333,14.66667],"texture":"#3"},"west":{"uv":[1.33333,12.66667,0.0,13.33333],"texture":"#3"},"up":{"uv":[8.0,12.0,7.33333,13.33333],"texture":"#3"},"down":{"uv":[13.33333,1.33333,12.66667,0.0],"texture":"#3"}}},{"from":[7.501,12.21732,10.92597],"to":[8.499,13.21732,13.92597],"rotation":{"origin":[8.001,12.96732,10.42597],"axis":"x","angle":-22.5},"faces":{"east":{"uv":[8.0,9.33333,6.0,10.0],"texture":"#3"},"south":{"uv":[2.66667,14.0,2.0,14.66667],"texture":"#3"},"west":{"uv":[11.33333,6.0,9.33333,6.66667],"texture":"#3"},"up":{"uv":[10.66667,4.0,10.0,6.0],"texture":"#3"},"down":{"uv":[6.66667,12.0,6.0,10.0],"texture":"#3"}}},{"from":[7.751,13.91358,11.33501],"to":[8.249,14.63858,12.76001],"rotation":{"origin":[8.001,14.13858,11.83501],"axis":"x","angle":22.5},"faces":{"east":{"uv":[5.0,13.33333,4.0,13.83333],"texture":"#3"},"south":{"uv":[11.0,14.0,10.66667,14.5],"texture":"#3"},"west":{"uv":[6.33333,13.33333,5.33333,13.83333],"texture":"#3"},"up":{"uv":[5.66667,14.0,5.33333,15.0],"texture":"#3"}}},{"from":[7.75,13.21732,11.67597],"to":[8.25,14.21732,12.17597],"rotation":{"origin":[8.0,12.96732,10.42597],"axis":"x","angle":-22.5},"faces":{"north":{"uv":[14.33333,6.66667,14.0,7.33333],"texture":"#3"},"east":{"uv":[7.0,14.0,6.66667,14.66667],"texture":"#3"},"south":{"uv":[14.33333,6.0,14.0,6.66667],"texture":"#3"},"west":{"uv":[7.66667,14.0,7.33333,14.66667],"texture":"#3"},"up":{"uv":[14.33333,10.66667,14.0,11.0],"texture":"#3"}}},{"from":[7.975,-1.5,2.5],"to":[8.025,0.5,7.5],"rotation":{"origin":[7.975,-1.5,5.5],"axis":"x","angle":22.5},"faces":{"east":{"uv":[8.0,4.0,4.66667,5.33333],"texture":"#3"},"west":{"uv":[4.66667,4.0,8.0,5.33333],"texture":"#3"}}},{"from":[7.75,-1.25,7.975],"to":[8.25,-0.25,9.475],"rotation":{"origin":[8.0,-0.75,8.975],"axis":"x","angle":22.5},"faces":{"east":{"uv":[9.66667,12.66667,8.66667,13.33333],"texture":"#3"},"west":{"uv":[11.66667,12.66667,10.66667,13.33333],"texture":"#3"},"up":{"uv":[14.33333,4.0,14.0,5.0],"texture":"#3"},"down":{"uv":[5.0,15.0,4.66667,14.0],"texture":"#3"}}},{"from":[7.5,-1.5,8.6],"to":[8.5,-0.5,10.6],"rotation":{"origin":[8.0,-1.0,9.6],"axis":"x","angle":-22.5},"faces":{"north":{"uv":[7.33333,13.33333,6.66667,14.0],"texture":"#3"},"east":{"uv":[12.0,5.33333,10.66667,6.0],"texture":"#3"},"south":{"uv":[10.0,6.66667,9.33333,7.33333],"texture":"#3"},"west":{"uv":[12.66667,6.0,11.33333,6.66667],"texture":"#3"},"up":{"uv":[8.66667,4.0,8.0,5.33333],"texture":"#3"},"down":{"uv":[12.0,4.0,11.33333,2.66667],"texture":"#3"}}},{"from":[7.5015,-1.5,10.06508],"to":[8.4985,-0.5,11.06508],"rotation":{"origin":[8.0015,-1.0,11.06508],"axis":"x","angle":22.5},"faces":{"east":{"uv":[14.0,8.0,13.33333,8.66667],"texture":"#3"},"south":{"uv":[8.0,13.33333,7.33333,14.0],"texture":"#3"},"west":{"uv":[9.33333,13.33333,8.66667,14.0],"texture":"#3"},"up":{"uv":[14.0,8.66667,13.33333,9.33333],"texture":"#3"},"down":{"uv":[10.0,14.0,9.33333,13.33333],"texture":"#3"}}},{"from":[7.975,-1.5,8.5],"to":[8.025,0.5,13.5],"rotation":{"origin":[7.975,-1.5,10.5],"axis":"x","angle":-22.5},"faces":{"east":{"uv":[4.66667,4.0,8.0,5.33333],"texture":"#3"},"west":{"uv":[8.0,4.0,4.66667,5.33333],"texture":"#3"}}},{"from":[7.425,5.55,7.425],"to":[8.575,11.25,8.575],"rotation":{"origin":[7.5,5.55,7.5],"axis":"y","angle":0.0},"faces":{"north":{"uv":[0.0,7.33333,0.83333,11.16667],"texture":"#3"},"east":{"uv":[1.33333,7.33333,2.16667,11.16667],"texture":"#3"},"south":{"uv":[2.66667,7.33333,3.5,11.16667],"texture":"#3"},"west":{"uv":[4.0,7.33333,4.83333,11.16667],"texture":"#3"},"down":{"uv":[13.5,6.66667,12.66667,7.5],"texture":"#3"}}},{"from":[7.975,10.0,-3.0],"to":[8.025,15.5,6.5],"rotation":{"origin":[7.975,0.0,0.0],"axis":"y","angle":0.0},"faces":{"east":{"uv":[11.0,0.0,4.66667,3.66667],"texture":"#3"},"west":{"uv":[4.66667,0.0,11.0,3.66667],"texture":"#3"}}},{"from":[7.975,8.0,9.5],"to":[8.025,18.5,16.0],"rotation":{"origin":[7.975,0.0,16.0],"axis":"y","angle":0.0},"faces":{"east":{"uv":[4.33333,0.0,0.0,7.0],"texture":"#3"},"west":{"uv":[0.0,0.0,4.33333,7.0],"texture":"#3"}}},{"from":[6.9,9.5,5.5],"to":[6.9,14.5,10.5],"rotation":{"origin":[6.75,6.0,8.0],"axis":"x","angle":0.0},"faces":{"west":{"uv":[0.0,0.0,10.0,10.0],"texture":"#2"}}},{"from":[9.1,9.5,5.5],"to":[9.1,14.5,10.5],"rotation":{"origin":[9.25,6.0,8.0],"axis":"x","angle":0.0},"faces":{"east":{"uv":[10.0,0.0,0.0,10.0],"texture":"#2"}}},{"from":[7.7,9.5,-4.25],"to":[7.7,13.5,6.75],"rotation":{"origin":[7.7,11.5,1.25],"axis":"x","angle":0.0},"faces":{"west":{"uv":[5.33333,14.66667,0.0,0.0],"texture":"#1","rotation":90}}},{"from":[7.7,8.25,11.75],"to":[7.7,19.25,15.75],"rotation":{"origin":[7.7,11.5,14.25],"axis":"x","angle":0.0},"faces":{"west":{"uv":[5.33333,14.66667,0.0,0.0],"texture":"#1","rotation":180}}},{"from":[8.3,8.25,11.75],"to":[8.3,19.25,15.75],"rotation":{"origin":[8.3,11.5,14.25],"axis":"x","angle":0.0},"faces":{"east":{"uv":[0.0,14.66667,5.33333,0.0],"texture":"#1","rotation":180}}},{"from":[8.3,9.5,-4.25],"to":[8.3,13.5,6.75],"rotation":{"origin":[8.3,11.5,1.25],"axis":"x","angle":0.0},"faces":{"east":{"uv":[5.33333,0.0,0.0,14.66667],"texture":"#1","rotation":90}}},{"from":[7.75,-2.5,0.0],"to":[7.75,2.0,2.25],"rotation":{"origin":[7.75,7.5,1.875],"axis":"x","angle":-22.5},"faces":{"west":{"uv":[9.33333,0.0,12.33333,6.0],"texture":"#1"}}},{"from":[7.75,-2.5,13.75],"to":[7.75,2.0,16.0],"rotation":{"origin":[7.75,7.5,14.125],"axis":"x","angle":22.5},"faces":{"west":{"uv":[12.33333,0.0,9.33333,6.0],"texture":"#1"}}},{"from":[8.25,-2.5,13.75],"to":[8.25,2.0,16.0],"rotation":{"origin":[8.25,7.5,14.125],"axis":"x","angle":22.5},"faces":{"east":{"uv":[9.33333,0.0,12.33333,6.0],"texture":"#1"}}},{"from":[8.25,-2.5,0.0],"to":[8.25,2.0,2.25],"rotation":{"origin":[8.25,7.5,1.875],"axis":"x","angle":-22.5},"faces":{"east":{"uv":[12.33333,0.0,9.33333,6.0],"texture":"#1"}}}],"textures":{"1":"nexus/animations/animations_bolt","2":"nexus/animations/animations_nexus","3":"nexus/hoe"},"gui_light":"front"}