{"sources":[{"type":"directory","source":"entity","prefix":"entity/"},{"type":"filter","pattern":{"namespace":"minecraft","path":"entity/fishing_hook"}},{"type":"single","resource":"77d8e5f2-c6c9-49d3-ac41-62517bdea464"},{"type":"single","resource":"ac0395b3-5996-4087-9c8e-9c30e7b62404"},{"type":"single","resource":"9d424178-9cfb-442c-839a-0a1eb74aee22"},{"type":"single","resource":"ead4c059-cf1f-4f3b-8530-7bc4d417e94d"},{"type":"single","resource":"baaf4d8e-3241-4fa2-a1b4-14bdb82102be"},{"type":"single","resource":"242d3393-fe15-4a6f-aaf1-b0375bf7b8ec"},{"type":"single","resource":"1a6dc041-7478-400b-9feb-4dd9e4af9f3b"},{"type":"single","resource":"0859071e-adaf-4d42-98c6-8a531090b251"},{"type":"single","resource":"5db2035f-c596-4672-8582-0448192e917b"},{"type":"single","resource":"85b3e13d-ad0d-482d-8a37-09d7443a77e4"},{"type":"single","resource":"e946b3a1-895e-4f4b-b480-249413e1912e"},{"type":"single","resource":"8bd2f69d-6a07-4f03-96cf-37aaabdc7464"},{"type":"single","resource":"d9c31f5a-0792-4ed8-9aca-606e5583f697"},{"type":"single","resource":"d939ec39-fbaf-42ac-949a-173d61d3412e"},{"type":"single","resource":"12e5a994-1c97-4837-bc36-5ae3f2bdc82d"},{"type":"single","resource":"22990ef0-33e6-4c5b-b607-395559ca417c"},{"type":"single","resource":"cd123149-bace-49a6-b3c7-aa9d55a988c1"},{"type":"single","resource":"c9577b41-3fb3-4f41-8f23-d8d75cc1184d"},{"type":"single","resource":"aa7b5ad7-6f35-4038-95cf-98c61905661a"},{"type":"single","resource":"5fa5963c-4e21-4460-8724-8e2c1dab33a4"},{"type":"single","resource":"eb35bb55-c8ca-4112-ae97-dbf0874c584c"},{"type":"single","resource":"ff6df490-0163-473f-8965-e2a62e9ce9e2"},{"type":"single","resource":"block/dark_oak_planks"},{"type":"single","resource":"b2ca41bd-2b15-4448-8a00-214b0eb2110c"},{"type":"single","resource":"b2ca41bd-2b15-4448-8a00-214b0eb2110c"},{"type":"single","resource":"7821557e-9120-4c0c-90ed-b2a1a2431314"},{"type":"single","resource":"7821557e-9120-4c0c-90ed-b2a1a2431314"},{"type":"single","resource":"ce356a3a-d352-44ee-bc28-0bc14b327d53"},{"type":"single","resource":"ce356a3a-d352-44ee-bc28-0bc14b327d53"},{"type":"single","resource":"32dd5c82-2d7c-4f2f-bbcc-c19a98a6c483"},{"type":"single","resource":"32dd5c82-2d7c-4f2f-bbcc-c19a98a6c483"},{"type":"single","resource":"7967f855-4e74-4742-8ace-b9388f6b5391"},{"type":"single","resource":"7967f855-4e74-4742-8ace-b9388f6b5391"},{"type":"single","resource":"b64aa1be-eb0a-4585-81a4-ec55992e1354"},{"type":"single","resource":"b64aa1be-eb0a-4585-81a4-ec55992e1354"},{"type":"single","resource":"9d1d8d2c-6d3a-4a56-8745-7bd449396866"},{"type":"single","resource":"9d1d8d2c-6d3a-4a56-8745-7bd449396866"},{"type":"single","resource":"f1ffb2cf-22a4-4750-b576-219609930219"},{"type":"single","resource":"f1ffb2cf-22a4-4750-b576-219609930219"},{"type":"single","resource":"c7909871-993f-4ec8-993f-171d84844226"},{"type":"single","resource":"c7909871-993f-4ec8-993f-171d84844226"},{"type":"single","resource":"4685363e-3afe-48c6-bf84-23bdf4fa3cc2"},{"type":"single","resource":"4685363e-3afe-48c6-bf84-23bdf4fa3cc2"},{"type":"single","resource":"8dd0e890-dfab-4da9-825e-69732f064f64"},{"type":"single","resource":"8dd0e890-dfab-4da9-825e-69732f064f64"},{"type":"single","resource":"93f81fcc-427a-4590-b8a7-582bd489e051"},{"type":"single","resource":"93f81fcc-427a-4590-b8a7-582bd489e051"},{"type":"single","resource":"5da911f2-7142-4b32-9eff-a22598151561"},{"type":"single","resource":"5da911f2-7142-4b32-9eff-a22598151561"},{"type":"single","resource":"a80d5824-94ab-4fc6-9951-04700d80a18e"},{"type":"single","resource":"a80d5824-94ab-4fc6-9951-04700d80a18e"},{"type":"single","resource":"3e7ffc9b-c424-449c-957a-2586ed65fae6"},{"type":"single","resource":"3e7ffc9b-c424-449c-957a-2586ed65fae6"},{"type":"single","resource":"4b22ce20-0f28-44a5-943c-94bf3cdf618d"},{"type":"single","resource":"4b22ce20-0f28-44a5-943c-94bf3cdf618d"},{"type":"single","resource":"6e11f573-9f85-4603-a1fd-987cc5a41cb1"},{"type":"single","resource":"6e11f573-9f85-4603-a1fd-987cc5a41cb1"},{"type":"single","resource":"f20d48db-2050-4067-8356-6d5cbe60137f"},{"type":"single","resource":"f20d48db-2050-4067-8356-6d5cbe60137f"},{"type":"single","resource":"e84f7e4a-46b4-4db6-b198-d2a30b200763"},{"type":"single","resource":"e84f7e4a-46b4-4db6-b198-d2a30b200763"},{"type":"single","resource":"4f147cec-bd69-428a-a53d-c9640120d490"},{"type":"single","resource":"4f147cec-bd69-428a-a53d-c9640120d490"},{"type":"single","resource":"6284f15f-3a79-49e2-8bb4-e2fca2ac9189"},{"type":"single","resource":"6284f15f-3a79-49e2-8bb4-e2fca2ac9189"},{"type":"single","resource":"7ec2b277-1a11-4b25-8c82-a183696a2973"},{"type":"single","resource":"7ec2b277-1a11-4b25-8c82-a183696a2973"},{"type":"single","resource":"8d7efa89-7615-4d2a-85f4-cee072329c71"},{"type":"single","resource":"655a0e9d-2f64-431a-b784-3b5f1db995dc"},{"type":"single","resource":"8e1169bc-0e5c-4ed1-950e-5e16aa0d043e"},{"type":"single","resource":"8e1169bc-0e5c-4ed1-950e-5e16aa0d043e"},{"type":"single","resource":"81fbf97c-7cf4-4d7f-a17a-8c2b37615395"},{"type":"single","resource":"81fbf97c-7cf4-4d7f-a17a-8c2b37615395"},{"type":"single","resource":"207abbe0-65c7-4090-98aa-cf45c92978c7"},{"type":"single","resource":"207abbe0-65c7-4090-98aa-cf45c92978c7"},{"type":"single","resource":"22a10e17-80ad-4d83-9d22-ce4221189d24"},{"type":"single","resource":"22a10e17-80ad-4d83-9d22-ce4221189d24"},{"type":"single","resource":"1a988807-42ec-4cd5-8aa3-879fd642a6d3"},{"type":"single","resource":"1a988807-42ec-4cd5-8aa3-879fd642a6d3"},{"type":"single","resource":"67b8e292-e2ee-47f7-ae52-941f7a2a94b4"},{"type":"single","resource":"67b8e292-e2ee-47f7-ae52-941f7a2a94b4"},{"type":"single","resource":"9dd9e483-ccac-4329-89cd-6441ef1f7a1a"},{"type":"single","resource":"9dd9e483-ccac-4329-89cd-6441ef1f7a1a"},{"type":"single","resource":"783fe323-a12a-4248-b534-83a54b2a775b"},{"type":"single","resource":"783fe323-a12a-4248-b534-83a54b2a775b"},{"type":"single","resource":"b8247412-78b3-457d-9152-12488897eb10"},{"type":"single","resource":"b8247412-78b3-457d-9152-12488897eb10"},{"type":"single","resource":"5964fa8d-9677-413c-87cb-85371872e3de"},{"type":"single","resource":"5964fa8d-9677-413c-87cb-85371872e3de"},{"type":"single","resource":"06300585-7fc5-4cc7-86be-7bb1f2539e70"},{"type":"single","resource":"06300585-7fc5-4cc7-86be-7bb1f2539e70"},{"type":"single","resource":"c8346701-7e06-49c5-85f2-9fd9290d3713"},{"type":"single","resource":"c8346701-7e06-49c5-85f2-9fd9290d3713"},{"type":"single","resource":"6795a0ed-5c41-4690-86e7-04db8cf7f539"},{"type":"single","resource":"911f3641-19d9-4af3-aaf9-f91378e1ecf6"},{"type":"single","resource":"58780646-4eca-4992-9419-9bfd47955576"},{"type":"single","resource":"46cf06cc-4048-480d-aa8e-16b3b8165a30"},{"type":"single","resource":"c8499eba-2524-4987-a8c5-bb8be9b7a143"},{"type":"single","resource":"2f2e0d96-5f50-4dca-9ed0-2f95f1bcd941"},{"type":"single","resource":"0e32e604-9f32-463c-89d4-292cb3476632"},{"type":"single","resource":"ed238983-13db-41d6-8533-da22aded803d"},{"type":"single","resource":"ed238983-13db-41d6-8533-da22aded803d"},{"type":"single","resource":"7befcbff-7a96-40de-a05f-a4ebad0e45b9"},{"type":"single","resource":"ee684913-0d37-4219-a866-e1b6db3a044d"},{"type":"single","resource":"0f1b974c-7411-498c-adac-08e6b77ceea4"},{"type":"single","resource":"0f1b974c-7411-498c-adac-08e6b77ceea4"},{"type":"single","resource":"0f1b974c-7411-498c-adac-08e6b77ceea4"},{"type":"single","resource":"0f1b974c-7411-498c-adac-08e6b77ceea4"},{"type":"single","resource":"b4e56366-2121-46f4-881b-df0c72ffaa89"},{"type":"single","resource":"7efe18fc-bb64-49ec-a3aa-36be125dd61e"},{"type":"single","resource":"5f49cdf6-1618-4c6d-a4be-9388aa5f016f"},{"type":"single","resource":"592d3a48-ad4e-41c1-b7c6-487690f761b9"},{"type":"single","resource":"cc95e168-328e-45c4-9e00-c0fe76fca15b"},{"type":"single","resource":"14746310-25a0-46f1-a2d0-c549292708fd"},{"type":"single","resource":"14746310-25a0-46f1-a2d0-c549292708fd"},{"type":"single","resource":"56590c30-0c20-490e-8be1-cc5f2f6fd06e"},{"type":"single","resource":"cbd7282a-4994-407c-bdbb-3b479eb539bd"},{"type":"single","resource":"87e1fd23-e7b0-49d5-ad0a-8d5262cf00e7"},{"type":"single","resource":"9692364e-c8aa-435d-a692-48493cf96272"},{"type":"single","resource":"cfbc121e-74cf-4ec4-9a76-0dadc86cc69a"},{"type":"single","resource":"1c88b3a4-69a9-4fea-bdda-abc895d851de"},{"type":"single","resource":"e4d15ff9-ad1b-4e2d-b8b8-ee7c3f8458b5"},{"type":"single","resource":"313d040a-5981-472b-91be-2c525bb4cde6"},{"type":"single","resource":"3450b75c-c7fc-44e5-937f-99395142f201"},{"type":"single","resource":"3450b75c-c7fc-44e5-937f-99395142f201"},{"type":"single","resource":"3450b75c-c7fc-44e5-937f-99395142f201"},{"type":"single","resource":"3450b75c-c7fc-44e5-937f-99395142f201"},{"type":"single","resource":"f2e190a8-ea24-4c14-9bb0-22db533e7522"},{"type":"single","resource":"f2e190a8-ea24-4c14-9bb0-22db533e7522"},{"type":"single","resource":"bce97f0d-3444-44b6-880b-9e69e3823afd"},{"type":"single","resource":"a1af273b-54d8-48ed-a128-cb5b3bb7d793"},{"type":"single","resource":"b42e2d92-32bc-4d58-8a33-d2e8ec1e1c7a"},{"type":"single","resource":"6816667d-1408-4b77-b4d1-5eeaf3288ef5"},{"type":"single","resource":"77f9f88a-1ad0-4d7c-8e8c-faa959b480d1"},{"type":"single","resource":"bbf40306-3687-47d9-9a8d-a0bdbf5edaef"},{"type":"single","resource":"543c5a90-69b5-4287-9e2a-b9bb3a624b76"},{"type":"single","resource":"183aeec6-bd0b-4da3-9e1d-a1a2a1ef385f"},{"type":"single","resource":"5393dfb1-7eac-4520-8ddc-1fe3f5fa3b30"},{"type":"single","resource":"ea1b1ed9-8a06-4c64-b5db-cfa73ed4525b"},{"type":"single","resource":"f842c2ef-db91-4dac-8cb0-0589ab70fab1"},{"type":"single","resource":"fa35c1c1-e315-4ab8-8afb-76c1f7e31237"},{"type":"single","resource":"96c75cf7-5d0f-4806-8a84-99ecbea9f5e1"},{"type":"single","resource":"08997027-bf2a-400a-90ef-17cba193fecf"},{"type":"single","resource":"6047c6fb-9e87-4a92-b015-ac4cfcd47ba7"},{"type":"single","resource":"0c40210a-186f-49cd-9ba9-b7df0ba1adab"},{"type":"single","resource":"0c40210a-186f-49cd-9ba9-b7df0ba1adab"},{"type":"single","resource":"40aa8c66-5da3-4083-b672-674c3ef0995f"},{"type":"single","resource":"fa0518d5-0e5f-41e3-853d-af8d3eba35d5"},{"type":"single","resource":"35d39a6a-c009-4bb1-8480-6c9d5c1a0869"},{"type":"single","resource":"2d2a9a5f-41b4-4cf2-a247-bf80ddd87097"},{"type":"single","resource":"8fbc7648-b54a-4fc6-93c5-61883417b1c6"},{"type":"single","resource":"cac14980-c8c4-4d3a-9097-a7a3981f665b"},{"type":"single","resource":"def504c8-fff2-4c6d-a90b-18818360397f"},{"type":"single","resource":"e0532082-f17c-4cbc-b5f6-0fa1cd404659"},{"type":"single","resource":"afbe5727-92b9-40e1-95dc-a414c560278c"},{"type":"single","resource":"82abebb1-705f-4b0e-b3bf-d7b3408c2eb9"},{"type":"single","resource":"00e0f22a-5e72-4a2d-a7e3-2e668a61f4a5"},{"type":"single","resource":"2ac2e9c8-33fa-47f3-b7a5-02aa16052a8c"},{"type":"single","resource":"dbb47b45-580a-4d02-a48b-26122259a9e7"},{"type":"single","resource":"af7d471e-05fe-495d-b402-844035502c44"},{"type":"single","resource":"8a660a80-ca40-4cca-86ba-5566a6bf3566"},{"type":"single","resource":"16557ed6-e92f-4369-8a1b-c6061ff62937"},{"type":"single","resource":"modelengine:0711409c-16df-467e-be1e-a7241b3cb99e"},{"type":"single","resource":"modelengine:0711409c-16df-467e-be1e-a7241b3cb99e"},{"type":"single","resource":"modelengine:0711409c-16df-467e-be1e-a7241b3cb99e"},{"type":"single","resource":"modelengine:0711409c-16df-467e-be1e-a7241b3cb99e"},{"type":"single","resource":"modelengine:0711409c-16df-467e-be1e-a7241b3cb99e"},{"type":"single","resource":"modelengine:0711409c-16df-467e-be1e-a7241b3cb99e"},{"type":"single","resource":"modelengine:0711409c-16df-467e-be1e-a7241b3cb99e"},{"type":"single","resource":"modelengine:0711409c-16df-467e-be1e-a7241b3cb99e"},{"type":"single","resource":"modelengine:0711409c-16df-467e-be1e-a7241b3cb99e"},{"type":"single","resource":"modelengine:0711409c-16df-467e-be1e-a7241b3cb99e"},{"type":"single","resource":"modelengine:0711409c-16df-467e-be1e-a7241b3cb99e"},{"type":"single","resource":"modelengine:0711409c-16df-467e-be1e-a7241b3cb99e"},{"type":"single","resource":"modelengine:0711409c-16df-467e-be1e-a7241b3cb99e"},{"type":"single","resource":"modelengine:0711409c-16df-467e-be1e-a7241b3cb99e"},{"type":"single","resource":"modelengine:0711409c-16df-467e-be1e-a7241b3cb99e"},{"type":"single","resource":"modelengine:543498da-12eb-4d49-8275-1785168baf5a"},{"type":"single","resource":"modelengine:543498da-12eb-4d49-8275-1785168baf5a"},{"type":"single","resource":"modelengine:543498da-12eb-4d49-8275-1785168baf5a"},{"type":"single","resource":"modelengine:543498da-12eb-4d49-8275-1785168baf5a"},{"type":"single","resource":"modelengine:543498da-12eb-4d49-8275-1785168baf5a"},{"type":"single","resource":"modelengine:543498da-12eb-4d49-8275-1785168baf5a"},{"type":"single","resource":"modelengine:543498da-12eb-4d49-8275-1785168baf5a"},{"type":"single","resource":"modelengine:543498da-12eb-4d49-8275-1785168baf5a"},{"type":"single","resource":"modelengine:543498da-12eb-4d49-8275-1785168baf5a"},{"type":"single","resource":"modelengine:543498da-12eb-4d49-8275-1785168baf5a"},{"type":"single","resource":"modelengine:543498da-12eb-4d49-8275-1785168baf5a"},{"type":"single","resource":"entity/illager/illusioner"},{"type":"single","resource":"entity/illager/vindicator"},{"type":"single","resource":"modelengine:eec78375-ab87-4feb-bd4c-cc781d799642"},{"type":"single","resource":"modelengine:eec78375-ab87-4feb-bd4c-cc781d799642"},{"type":"single","resource":"modelengine:eec78375-ab87-4feb-bd4c-cc781d799642"},{"type":"single","resource":"modelengine:eec78375-ab87-4feb-bd4c-cc781d799642"},{"type":"single","resource":"modelengine:eec78375-ab87-4feb-bd4c-cc781d799642"},{"type":"single","resource":"modelengine:eec78375-ab87-4feb-bd4c-cc781d799642"},{"type":"single","resource":"modelengine:eec78375-ab87-4feb-bd4c-cc781d799642"},{"type":"single","resource":"modelengine:eec78375-ab87-4feb-bd4c-cc781d799642"},{"type":"single","resource":"modelengine:eec78375-ab87-4feb-bd4c-cc781d799642"},{"type":"single","resource":"modelengine:eec78375-ab87-4feb-bd4c-cc781d799642"},{"type":"single","resource":"modelengine:eec78375-ab87-4feb-bd4c-cc781d799642"},{"type":"single","resource":"modelengine:e5e9bdba-c180-4dc7-83fd-88d7ba129903"},{"type":"single","resource":"modelengine:e5e9bdba-c180-4dc7-83fd-88d7ba129903"},{"type":"single","resource":"modelengine:e5e9bdba-c180-4dc7-83fd-88d7ba129903"},{"type":"single","resource":"modelengine:e5e9bdba-c180-4dc7-83fd-88d7ba129903"},{"type":"single","resource":"modelengine:e5e9bdba-c180-4dc7-83fd-88d7ba129903"},{"type":"single","resource":"modelengine:e5e9bdba-c180-4dc7-83fd-88d7ba129903"},{"type":"single","resource":"modelengine:e5e9bdba-c180-4dc7-83fd-88d7ba129903"},{"type":"single","resource":"modelengine:e5e9bdba-c180-4dc7-83fd-88d7ba129903"},{"type":"single","resource":"modelengine:e5e9bdba-c180-4dc7-83fd-88d7ba129903"},{"type":"single","resource":"modelengine:e5e9bdba-c180-4dc7-83fd-88d7ba129903"},{"type":"single","resource":"modelengine:e5e9bdba-c180-4dc7-83fd-88d7ba129903"},{"type":"single","resource":"modelengine:3c2a634e-35dc-4ad6-9f73-1f42a277d491"},{"type":"single","resource":"modelengine:3c2a634e-35dc-4ad6-9f73-1f42a277d491"},{"type":"single","resource":"modelengine:3c2a634e-35dc-4ad6-9f73-1f42a277d491"},{"type":"single","resource":"modelengine:3c2a634e-35dc-4ad6-9f73-1f42a277d491"},{"type":"single","resource":"modelengine:3c2a634e-35dc-4ad6-9f73-1f42a277d491"},{"type":"single","resource":"modelengine:3c2a634e-35dc-4ad6-9f73-1f42a277d491"},{"type":"single","resource":"modelengine:3c2a634e-35dc-4ad6-9f73-1f42a277d491"},{"type":"single","resource":"modelengine:3c2a634e-35dc-4ad6-9f73-1f42a277d491"},{"type":"single","resource":"modelengine:3c2a634e-35dc-4ad6-9f73-1f42a277d491"},{"type":"single","resource":"modelengine:3c2a634e-35dc-4ad6-9f73-1f42a277d491"},{"type":"single","resource":"modelengine:3c2a634e-35dc-4ad6-9f73-1f42a277d491"},{"type":"single","resource":"modelengine:95035814-e812-4e9e-8067-d21247494b44"},{"type":"single","resource":"modelengine:95035814-e812-4e9e-8067-d21247494b44"},{"type":"single","resource":"modelengine:95035814-e812-4e9e-8067-d21247494b44"},{"type":"single","resource":"modelengine:95035814-e812-4e9e-8067-d21247494b44"},{"type":"single","resource":"modelengine:95035814-e812-4e9e-8067-d21247494b44"},{"type":"single","resource":"modelengine:95035814-e812-4e9e-8067-d21247494b44"},{"type":"single","resource":"modelengine:95035814-e812-4e9e-8067-d21247494b44"},{"type":"single","resource":"modelengine:95035814-e812-4e9e-8067-d21247494b44"},{"type":"single","resource":"modelengine:95035814-e812-4e9e-8067-d21247494b44"},{"type":"single","resource":"modelengine:ac19a5dd-38bf-4b0e-b492-ee92c6cb28c5"},{"type":"single","resource":"modelengine:ac19a5dd-38bf-4b0e-b492-ee92c6cb28c5"},{"type":"single","resource":"modelengine:ac19a5dd-38bf-4b0e-b492-ee92c6cb28c5"},{"type":"single","resource":"modelengine:ac19a5dd-38bf-4b0e-b492-ee92c6cb28c5"},{"type":"single","resource":"modelengine:ac19a5dd-38bf-4b0e-b492-ee92c6cb28c5"},{"type":"single","resource":"modelengine:ac19a5dd-38bf-4b0e-b492-ee92c6cb28c5"},{"type":"single","resource":"modelengine:ac19a5dd-38bf-4b0e-b492-ee92c6cb28c5"},{"type":"single","resource":"modelengine:92807363-593a-4c6b-a08b-465997715a96"},{"type":"single","resource":"modelengine:92807363-593a-4c6b-a08b-465997715a96"},{"type":"single","resource":"modelengine:92807363-593a-4c6b-a08b-465997715a96"},{"type":"single","resource":"modelengine:92807363-593a-4c6b-a08b-465997715a96"},{"type":"single","resource":"modelengine:92807363-593a-4c6b-a08b-465997715a96"},{"type":"single","resource":"modelengine:92807363-593a-4c6b-a08b-465997715a96"},{"type":"single","resource":"modelengine:92807363-593a-4c6b-a08b-465997715a96"},{"type":"single","resource":"modelengine:92807363-593a-4c6b-a08b-465997715a96"},{"type":"single","resource":"modelengine:92807363-593a-4c6b-a08b-465997715a96"},{"type":"single","resource":"modelengine:92807363-593a-4c6b-a08b-465997715a96"},{"type":"single","resource":"modelengine:92807363-593a-4c6b-a08b-465997715a96"},{"type":"single","resource":"modelengine:92807363-593a-4c6b-a08b-465997715a96"},{"type":"single","resource":"modelengine:92807363-593a-4c6b-a08b-465997715a96"},{"type":"single","resource":"modelengine:92807363-593a-4c6b-a08b-465997715a96"},{"type":"single","resource":"modelengine:92807363-593a-4c6b-a08b-465997715a96"},{"type":"single","resource":"modelengine:caba456d-c8be-4529-9566-e49695b046f6"},{"type":"single","resource":"modelengine:caba456d-c8be-4529-9566-e49695b046f6"},{"type":"single","resource":"modelengine:caba456d-c8be-4529-9566-e49695b046f6"},{"type":"single","resource":"modelengine:caba456d-c8be-4529-9566-e49695b046f6"},{"type":"single","resource":"modelengine:caba456d-c8be-4529-9566-e49695b046f6"},{"type":"single","resource":"modelengine:caba456d-c8be-4529-9566-e49695b046f6"},{"type":"single","resource":"modelengine:caba456d-c8be-4529-9566-e49695b046f6"},{"type":"single","resource":"modelengine:caba456d-c8be-4529-9566-e49695b046f6"},{"type":"single","resource":"modelengine:caba456d-c8be-4529-9566-e49695b046f6"},{"type":"single","resource":"modelengine:caba456d-c8be-4529-9566-e49695b046f6"},{"type":"single","resource":"modelengine:caba456d-c8be-4529-9566-e49695b046f6"},{"type":"single","resource":"modelengine:1792553d-17c8-4a4e-b988-98a12567cead"},{"type":"single","resource":"modelengine:1792553d-17c8-4a4e-b988-98a12567cead"},{"type":"single","resource":"modelengine:1792553d-17c8-4a4e-b988-98a12567cead"},{"type":"single","resource":"modelengine:1792553d-17c8-4a4e-b988-98a12567cead"},{"type":"single","resource":"modelengine:1792553d-17c8-4a4e-b988-98a12567cead"},{"type":"single","resource":"modelengine:1792553d-17c8-4a4e-b988-98a12567cead"},{"type":"single","resource":"modelengine:1792553d-17c8-4a4e-b988-98a12567cead"},{"type":"single","resource":"modelengine:1792553d-17c8-4a4e-b988-98a12567cead"},{"type":"single","resource":"modelengine:1792553d-17c8-4a4e-b988-98a12567cead"},{"type":"single","resource":"modelengine:1792553d-17c8-4a4e-b988-98a12567cead"},{"type":"single","resource":"modelengine:1792553d-17c8-4a4e-b988-98a12567cead"},{"type":"single","resource":"modelengine:1a3a1776-712e-4e19-94f5-60bc31424e99"},{"type":"single","resource":"modelengine:1a3a1776-712e-4e19-94f5-60bc31424e99"},{"type":"single","resource":"modelengine:1a3a1776-712e-4e19-94f5-60bc31424e99"},{"type":"single","resource":"modelengine:1a3a1776-712e-4e19-94f5-60bc31424e99"},{"type":"single","resource":"modelengine:1a3a1776-712e-4e19-94f5-60bc31424e99"},{"type":"single","resource":"modelengine:1a3a1776-712e-4e19-94f5-60bc31424e99"},{"type":"single","resource":"modelengine:1a3a1776-712e-4e19-94f5-60bc31424e99"},{"type":"single","resource":"modelengine:1a3a1776-712e-4e19-94f5-60bc31424e99"},{"type":"single","resource":"modelengine:1a3a1776-712e-4e19-94f5-60bc31424e99"},{"type":"single","resource":"modelengine:1a3a1776-712e-4e19-94f5-60bc31424e99"},{"type":"single","resource":"modelengine:1a3a1776-712e-4e19-94f5-60bc31424e99"},{"type":"single","resource":"modelengine:6b353919-dc27-49db-ae36-120d215e46a5"},{"type":"single","resource":"modelengine:6b353919-dc27-49db-ae36-120d215e46a5"},{"type":"single","resource":"modelengine:6b353919-dc27-49db-ae36-120d215e46a5"},{"type":"single","resource":"modelengine:6b353919-dc27-49db-ae36-120d215e46a5"},{"type":"single","resource":"modelengine:6b353919-dc27-49db-ae36-120d215e46a5"},{"type":"single","resource":"modelengine:6b353919-dc27-49db-ae36-120d215e46a5"},{"type":"single","resource":"modelengine:6b353919-dc27-49db-ae36-120d215e46a5"},{"type":"single","resource":"modelengine:6b353919-dc27-49db-ae36-120d215e46a5"},{"type":"single","resource":"modelengine:6b353919-dc27-49db-ae36-120d215e46a5"},{"type":"single","resource":"modelengine:6b353919-dc27-49db-ae36-120d215e46a5"},{"type":"single","resource":"modelengine:6b353919-dc27-49db-ae36-120d215e46a5"},{"type":"single","resource":"entity/villager/profession/armorer"},{"type":"single","resource":"entity/villager/profession/butcher"},{"type":"single","resource":"entity/villager/profession/cartographer"},{"type":"single","resource":"entity/villager/profession/cleric"},{"type":"single","resource":"entity/villager/profession/farmer"},{"type":"single","resource":"entity/villager/profession/fisherman"},{"type":"single","resource":"entity/villager/profession/fletcher"},{"type":"single","resource":"entity/villager/profession/librarian"},{"type":"single","resource":"entity/villager/profession/shepherd"},{"type":"single","resource":"entity/villager/profession/weaponsmith"},{"type":"single","resource":"entity/villager/type/desert"},{"type":"single","resource":"entity/villager/type/desert"},{"type":"single","resource":"entity/villager/type/savanna"},{"type":"single","resource":"entity/villager/type/snow"},{"type":"single","resource":"entity/villager/type/swamp"},{"type":"single","resource":"a2dba2b4-2e5d-404a-a1d9-99ec6dc2f2a7"},{"type":"single","resource":"a2dba2b4-2e5d-404a-a1d9-99ec6dc2f2a7"},{"type":"single","resource":"852d0ec5-d2ec-447c-8468-367b88b9683f"},{"type":"single","resource":"0cc3cc51-f887-417d-8bd9-09a4fc45c0c5"},{"type":"single","resource":"0cc3cc51-f887-417d-8bd9-09a4fc45c0c5"},{"type":"single","resource":"item/book"},{"type":"single","resource":"item/bow"},{"type":"single","resource":"item/chainmail_boots"},{"type":"single","resource":"item/chainmail_chestplate"},{"type":"single","resource":"item/chainmail_helmet"},{"type":"single","resource":"item/chainmail_leggings"},{"type":"single","resource":"item/crossbow_standby"},{"type":"single","resource":"item/diamond_sword"},{"type":"single","resource":"item/fishing_rod"},{"type":"single","resource":"item/gold_nugget"},{"type":"single","resource":"item/golden_horse_armor"},{"type":"single","resource":"item/iron_sword"},{"type":"single","resource":"item/leather_boots"},{"type":"single","resource":"item/leather_boots_overlay"},{"type":"single","resource":"item/leather_chestplate"},{"type":"single","resource":"item/leather_chestplate_overlay"},{"type":"single","resource":"item/leather_helmet"},{"type":"single","resource":"item/leather_helmet_overlay"},{"type":"single","resource":"item/leather_horse_armor"},{"type":"single","resource":"item/leather_leggings"},{"type":"single","resource":"item/leather_leggings_overlay"},{"type":"single","resource":"item/netherite_axe"},{"type":"single","resource":"item/netherite_hoe"},{"type":"single","resource":"item/netherite_pickaxe"},{"type":"single","resource":"item/netherite_shovel"},{"type":"single","resource":"item/netherite_sword"},{"type":"single","resource":"nexo:b79c43f7-2abe-4993-8e52-03568585724e"},{"type":"single","resource":"nexo:cba92a22-1aa1-4c44-83cb-889f52dd20d6"},{"type":"single","resource":"nexo:3e39af72-12c7-4b5d-9b00-8e6e8c8fe18a"},{"type":"single","resource":"nexo:e7788fc2-ece4-4691-b427-91ee941a9ca6"},{"type":"single","resource":"nexo:14d61167-3159-43e7-b3c6-3f3df1e65edc"},{"type":"single","resource":"nexo:796e6442-d03c-49bf-8714-08191fc57b0f"},{"type":"single","resource":"nexo:e7cca1ac-03a9-40fc-a037-35c0a989051b"},{"type":"single","resource":"nexo:8ada5d03-8632-4482-a24f-5d5fd36a0766"},{"type":"single","resource":"nexo:0f99485f-9ac5-4667-81e5-9d5b4dc5dc13"},{"type":"single","resource":"nexo:0f99485f-9ac5-4667-81e5-9d5b4dc5dc13"},{"type":"single","resource":"nexo:9da6e6fe-1363-4f97-8df8-583dcc9548c1"},{"type":"single","resource":"nexo:5c815fd3-f304-4c64-a053-cae351039933"},{"type":"single","resource":"nexo:c0ceecd3-db8e-4e25-851d-e7c9192e38bc"},{"type":"single","resource":"nexo:9d542635-942d-485a-82b1-bd517792f804"},{"type":"single","resource":"nexo:9d542635-942d-485a-82b1-bd517792f804"},{"type":"single","resource":"nexo:791c2f25-187a-4fb1-a78f-75d3dcdc82b7"},{"type":"single","resource":"nexo:791c2f25-187a-4fb1-a78f-75d3dcdc82b7"},{"type":"single","resource":"nexo:f8ed6bc6-11ce-4cc9-963d-dd94a53ef237"},{"type":"single","resource":"nexo:f8ed6bc6-11ce-4cc9-963d-dd94a53ef237"},{"type":"single","resource":"nexo:8de1dc53-19c6-4e36-9e84-6700c7f5c8b0"},{"type":"single","resource":"nexo:83a8aac6-756a-4a23-8c7c-b5498bf323e0"},{"type":"single","resource":"nexo:a3a2f7a4-b352-4d8e-b223-e6e768bb5a8a"},{"type":"single","resource":"nexo:a3a2f7a4-b352-4d8e-b223-e6e768bb5a8a"},{"type":"single","resource":"nexo:56a2b7c5-3b0a-4fea-b237-035df4c7ee46"},{"type":"single","resource":"nexo:a395f5ee-7861-46c0-b8c1-6a1bd695aef3"},{"type":"single","resource":"item/paper"},{"type":"single","resource":"item/potion"},{"type":"single","resource":"item/potion_overlay"},{"type":"single","resource":"item/trident"},{"type":"single","resource":"18b86f48-6897-476b-91ce-ed702c4e0218"},{"type":"single","resource":"18b86f48-6897-476b-91ce-ed702c4e0218"},{"type":"single","resource":"d36f2876-27e3-4e05-ac25-f981732aa68b"},{"type":"single","resource":"d36f2876-27e3-4e05-ac25-f981732aa68b"},{"type":"single","resource":"d36f2876-27e3-4e05-ac25-f981732aa68b"},{"type":"single","resource":"d36f2876-27e3-4e05-ac25-f981732aa68b"},{"type":"single","resource":"d36f2876-27e3-4e05-ac25-f981732aa68b"},{"type":"single","resource":"d36f2876-27e3-4e05-ac25-f981732aa68b"},{"type":"single","resource":"d36f2876-27e3-4e05-ac25-f981732aa68b"},{"type":"single","resource":"d36f2876-27e3-4e05-ac25-f981732aa68b"},{"type":"single","resource":"98f1bcf2-bff6-4842-b635-6ee0a1a37b03"},{"type":"single","resource":"b65bec6d-748e-46a4-a3ca-62a318c7cf90"},{"type":"single","resource":"b65bec6d-748e-46a4-a3ca-62a318c7cf90"},{"type":"single","resource":"b511f1e4-d078-4e2a-a4bd-70d835cd6774"},{"type":"single","resource":"87d5cf1d-c16c-4ef5-a55f-93dab196bdbc"},{"type":"single","resource":"87d5cf1d-c16c-4ef5-a55f-93dab196bdbc"},{"type":"single","resource":"b6cf087d-532e-4b36-ba72-0f83b35a0250"},{"type":"single","resource":"b6cf087d-532e-4b36-ba72-0f83b35a0250"},{"type":"single","resource":"b6cf087d-532e-4b36-ba72-0f83b35a0250"},{"type":"single","resource":"b6cf087d-532e-4b36-ba72-0f83b35a0250"},{"type":"single","resource":"b6cf087d-532e-4b36-ba72-0f83b35a0250"},{"type":"single","resource":"b6cf087d-532e-4b36-ba72-0f83b35a0250"},{"type":"single","resource":"b6cf087d-532e-4b36-ba72-0f83b35a0250"},{"type":"single","resource":"b6cf087d-532e-4b36-ba72-0f83b35a0250"},{"type":"single","resource":"b6cf087d-532e-4b36-ba72-0f83b35a0250"},{"type":"single","resource":"b6cf087d-532e-4b36-ba72-0f83b35a0250"},{"type":"single","resource":"b6cf087d-532e-4b36-ba72-0f83b35a0250"},{"type":"single","resource":"b6cf087d-532e-4b36-ba72-0f83b35a0250"},{"type":"single","resource":"b6cf087d-532e-4b36-ba72-0f83b35a0250"},{"type":"single","resource":"b6cf087d-532e-4b36-ba72-0f83b35a0250"},{"type":"single","resource":"b6cf087d-532e-4b36-ba72-0f83b35a0250"},{"type":"single","resource":"b6cf087d-532e-4b36-ba72-0f83b35a0250"},{"type":"single","resource":"b6cf087d-532e-4b36-ba72-0f83b35a0250"},{"type":"single","resource":"b6cf087d-532e-4b36-ba72-0f83b35a0250"},{"type":"single","resource":"b6cf087d-532e-4b36-ba72-0f83b35a0250"},{"type":"single","resource":"b6cf087d-532e-4b36-ba72-0f83b35a0250"},{"type":"single","resource":"b6cf087d-532e-4b36-ba72-0f83b35a0250"},{"type":"single","resource":"b6cf087d-532e-4b36-ba72-0f83b35a0250"},{"type":"single","resource":"b6cf087d-532e-4b36-ba72-0f83b35a0250"},{"type":"single","resource":"b6cf087d-532e-4b36-ba72-0f83b35a0250"},{"type":"single","resource":"b6cf087d-532e-4b36-ba72-0f83b35a0250"},{"type":"single","resource":"b6cf087d-532e-4b36-ba72-0f83b35a0250"},{"type":"single","resource":"b6cf087d-532e-4b36-ba72-0f83b35a0250"},{"type":"single","resource":"b6cf087d-532e-4b36-ba72-0f83b35a0250"},{"type":"single","resource":"b6cf087d-532e-4b36-ba72-0f83b35a0250"},{"type":"single","resource":"7ce8dd82-c446-4f08-80be-87772efa3571"},{"type":"single","resource":"7ce8dd82-c446-4f08-80be-87772efa3571"},{"type":"single","resource":"7ce8dd82-c446-4f08-80be-87772efa3571"},{"type":"single","resource":"7ce8dd82-c446-4f08-80be-87772efa3571"},{"type":"single","resource":"7ce8dd82-c446-4f08-80be-87772efa3571"},{"type":"single","resource":"7ce8dd82-c446-4f08-80be-87772efa3571"},{"type":"single","resource":"7ce8dd82-c446-4f08-80be-87772efa3571"},{"type":"single","resource":"7ce8dd82-c446-4f08-80be-87772efa3571"},{"type":"single","resource":"7ce8dd82-c446-4f08-80be-87772efa3571"},{"type":"single","resource":"7ce8dd82-c446-4f08-80be-87772efa3571"},{"type":"single","resource":"7ce8dd82-c446-4f08-80be-87772efa3571"},{"type":"single","resource":"7ce8dd82-c446-4f08-80be-87772efa3571"},{"type":"single","resource":"7ce8dd82-c446-4f08-80be-87772efa3571"},{"type":"single","resource":"7ce8dd82-c446-4f08-80be-87772efa3571"},{"type":"single","resource":"7ce8dd82-c446-4f08-80be-87772efa3571"},{"type":"single","resource":"7ce8dd82-c446-4f08-80be-87772efa3571"},{"type":"single","resource":"7ce8dd82-c446-4f08-80be-87772efa3571"},{"type":"single","resource":"7ce8dd82-c446-4f08-80be-87772efa3571"},{"type":"single","resource":"7ce8dd82-c446-4f08-80be-87772efa3571"},{"type":"single","resource":"7ce8dd82-c446-4f08-80be-87772efa3571"},{"type":"single","resource":"7ce8dd82-c446-4f08-80be-87772efa3571"},{"type":"single","resource":"7ce8dd82-c446-4f08-80be-87772efa3571"},{"type":"single","resource":"7ce8dd82-c446-4f08-80be-87772efa3571"},{"type":"single","resource":"7ce8dd82-c446-4f08-80be-87772efa3571"},{"type":"single","resource":"7ce8dd82-c446-4f08-80be-87772efa3571"},{"type":"single","resource":"7ce8dd82-c446-4f08-80be-87772efa3571"},{"type":"single","resource":"7ce8dd82-c446-4f08-80be-87772efa3571"},{"type":"single","resource":"7ce8dd82-c446-4f08-80be-87772efa3571"},{"type":"single","resource":"0fd3cf21-0c3b-4581-8f34-dc4935df7e81"},{"type":"single","resource":"13e67730-787d-47d3-b126-7f6e7fe9c91c"},{"type":"single","resource":"13e67730-787d-47d3-b126-7f6e7fe9c91c"},{"type":"single","resource":"13e67730-787d-47d3-b126-7f6e7fe9c91c"},{"type":"single","resource":"13e67730-787d-47d3-b126-7f6e7fe9c91c"},{"type":"single","resource":"54535e86-b6ba-4ec6-b039-eb0749cc50a9"},{"type":"single","resource":"54535e86-b6ba-4ec6-b039-eb0749cc50a9"},{"type":"single","resource":"59a5a1f3-abd6-4359-ace3-bee822fd8120"},{"type":"single","resource":"59a5a1f3-abd6-4359-ace3-bee822fd8120"},{"type":"single","resource":"b1ebb85a-19ea-4c47-84a6-cf579493319d"},{"type":"single","resource":"b1ebb85a-19ea-4c47-84a6-cf579493319d"},{"type":"single","resource":"b1ebb85a-19ea-4c47-84a6-cf579493319d"},{"type":"single","resource":"b1ebb85a-19ea-4c47-84a6-cf579493319d"},{"type":"single","resource":"768dc664-e4b6-4560-a406-7cfcf0e069a7"},{"type":"single","resource":"768dc664-e4b6-4560-a406-7cfcf0e069a7"},{"type":"single","resource":"b5d84462-a60e-4cfa-a714-6d55844af992"},{"type":"single","resource":"3adb7b1e-fc13-45e6-9ced-58cf7fa3304d"},{"type":"single","resource":"3adb7b1e-fc13-45e6-9ced-58cf7fa3304d"},{"type":"single","resource":"2ea2fa17-720f-4d88-934e-2e5b647685e3"},{"type":"single","resource":"90158916-f30a-4099-92d8-b19027dbbe32"},{"type":"single","resource":"333e4d53-e082-40e7-bbfc-db8cedb0d2fb"},{"type":"single","resource":"333e4d53-e082-40e7-bbfc-db8cedb0d2fb"},{"type":"single","resource":"077abf48-5bf3-498c-9191-0c1b974e6889"},{"type":"single","resource":"31b0c635-3cd6-4ed8-bb05-04c58ed06814"},{"type":"single","resource":"39fddeee-964d-4017-a348-abceb42004d7"},{"type":"single","resource":"39fddeee-964d-4017-a348-abceb42004d7"},{"type":"single","resource":"a4a489a8-a3f8-46bd-888f-86d1c2baa257"},{"type":"single","resource":"a4a489a8-a3f8-46bd-888f-86d1c2baa257"},{"type":"single","resource":"6486e2d0-1e74-40c3-82ef-641177afe906"},{"type":"single","resource":"6486e2d0-1e74-40c3-82ef-641177afe906"},{"type":"single","resource":"99dc3efd-8c65-414a-b702-a9fb88188459"},{"type":"single","resource":"99dc3efd-8c65-414a-b702-a9fb88188459"},{"type":"single","resource":"99dc3efd-8c65-414a-b702-a9fb88188459"},{"type":"single","resource":"7663d941-2579-4989-8940-f216870aa760"},{"type":"single","resource":"7663d941-2579-4989-8940-f216870aa760"},{"type":"single","resource":"ea48d6c3-918f-40cf-b585-d288a8b827b9"},{"type":"single","resource":"ea48d6c3-918f-40cf-b585-d288a8b827b9"},{"type":"single","resource":"494c9719-8714-435d-b406-7b0ea0798df8"},{"type":"single","resource":"494c9719-8714-435d-b406-7b0ea0798df8"},{"type":"single","resource":"f1585992-8ed6-4f27-8abf-b26cf3327778"},{"type":"single","resource":"f1585992-8ed6-4f27-8abf-b26cf3327778"},{"type":"single","resource":"6b4099a5-07b5-4eee-9b41-65f9b1971400"},{"type":"single","resource":"c498d448-ff1c-42b3-a7f8-07b5e40a411f"},{"type":"single","resource":"d6cbc80e-9914-4a01-b023-2d3765361eba"},{"type":"single","resource":"700a89bd-0624-467a-94ad-326c192c2318"},{"type":"single","resource":"700a89bd-0624-467a-94ad-326c192c2318"},{"type":"single","resource":"700a89bd-0624-467a-94ad-326c192c2318"},{"type":"single","resource":"b7dd141c-cdcd-497c-a212-ace375e3220d"},{"type":"single","resource":"b7dd141c-cdcd-497c-a212-ace375e3220d"},{"type":"single","resource":"7b0a8965-1483-4a46-bc2a-707605c503cd"},{"type":"single","resource":"7b0a8965-1483-4a46-bc2a-707605c503cd"},{"type":"single","resource":"6d1b20b3-3f45-4113-a832-fb734bfebd4a"},{"type":"single","resource":"6d1b20b3-3f45-4113-a832-fb734bfebd4a"},{"type":"single","resource":"80c985ef-f295-4238-a395-65b153b11c8e"},{"type":"single","resource":"1cbb47f0-fb9b-4540-ae04-8ad5aafdbe4b"},{"type":"single","resource":"2d0fb369-b83a-4c91-97d9-fced2e7cd7c8"},{"type":"single","resource":"34be0961-6370-4b56-92ff-8d587cbc1852"},{"type":"single","resource":"34be0961-6370-4b56-92ff-8d587cbc1852"},{"type":"single","resource":"6245d6c0-034f-4193-8cad-4f555eea270e"},{"type":"single","resource":"d5cef8d2-2927-4e33-bdec-7db408e170a9"},{"type":"single","resource":"d5d52149-9f0f-4197-884b-3ec04d21e800"},{"type":"single","resource":"d5d52149-9f0f-4197-884b-3ec04d21e800"},{"type":"single","resource":"3ee36ee7-6b38-4c79-a4d5-b00fd1093208"},{"type":"single","resource":"3ee36ee7-6b38-4c79-a4d5-b00fd1093208"},{"type":"single","resource":"248b2dae-a3d0-4548-81d6-5679bfed84a2"},{"type":"single","resource":"7e1a6138-35cd-455e-bb3b-23ffef414813"},{"type":"single","resource":"db3353a5-fa4f-4d96-b942-e15974498653"},{"type":"single","resource":"ab684a0e-228f-42fb-9cbf-d650a14a888e"},{"type":"single","resource":"76425f0f-b9c5-4b1a-8d1d-bee9d7398c64"},{"type":"single","resource":"76425f0f-b9c5-4b1a-8d1d-bee9d7398c64"},{"type":"single","resource":"44733965-1ef9-4a89-9ab5-f8c9b26f89d4"},{"type":"single","resource":"44733965-1ef9-4a89-9ab5-f8c9b26f89d4"},{"type":"single","resource":"13c4d51b-f5d2-45a9-9ade-a23b72bfcd9c"},{"type":"single","resource":"13c4d51b-f5d2-45a9-9ade-a23b72bfcd9c"},{"type":"single","resource":"d3d4f03c-320f-4dbe-9d2d-cf8857256e2b"},{"type":"single","resource":"d3d4f03c-320f-4dbe-9d2d-cf8857256e2b"},{"type":"single","resource":"f2c6a9d0-a55b-4974-a117-c110266f1bac"},{"type":"single","resource":"3e7820ba-d9b7-416c-a7fd-f33c93960bb9"},{"type":"single","resource":"3fd26236-1ebd-4297-8fdb-94b2eaa1d40b"},{"type":"single","resource":"3fd26236-1ebd-4297-8fdb-94b2eaa1d40b"},{"type":"single","resource":"3fd26236-1ebd-4297-8fdb-94b2eaa1d40b"},{"type":"single","resource":"3fd26236-1ebd-4297-8fdb-94b2eaa1d40b"},{"type":"single","resource":"3fd26236-1ebd-4297-8fdb-94b2eaa1d40b"},{"type":"single","resource":"3fd26236-1ebd-4297-8fdb-94b2eaa1d40b"},{"type":"single","resource":"3fd26236-1ebd-4297-8fdb-94b2eaa1d40b"},{"type":"single","resource":"3fd26236-1ebd-4297-8fdb-94b2eaa1d40b"},{"type":"single","resource":"3fd26236-1ebd-4297-8fdb-94b2eaa1d40b"},{"type":"single","resource":"3fd26236-1ebd-4297-8fdb-94b2eaa1d40b"},{"type":"single","resource":"3fd26236-1ebd-4297-8fdb-94b2eaa1d40b"},{"type":"single","resource":"3fd26236-1ebd-4297-8fdb-94b2eaa1d40b"},{"type":"single","resource":"3fd26236-1ebd-4297-8fdb-94b2eaa1d40b"},{"type":"single","resource":"3fd26236-1ebd-4297-8fdb-94b2eaa1d40b"},{"type":"single","resource":"3fd26236-1ebd-4297-8fdb-94b2eaa1d40b"},{"type":"single","resource":"3fd26236-1ebd-4297-8fdb-94b2eaa1d40b"},{"type":"single","resource":"3fd26236-1ebd-4297-8fdb-94b2eaa1d40b"},{"type":"single","resource":"3fd26236-1ebd-4297-8fdb-94b2eaa1d40b"},{"type":"single","resource":"3fd26236-1ebd-4297-8fdb-94b2eaa1d40b"},{"type":"single","resource":"3fd26236-1ebd-4297-8fdb-94b2eaa1d40b"},{"type":"single","resource":"3fd26236-1ebd-4297-8fdb-94b2eaa1d40b"},{"type":"single","resource":"3fd26236-1ebd-4297-8fdb-94b2eaa1d40b"},{"type":"single","resource":"3fd26236-1ebd-4297-8fdb-94b2eaa1d40b"},{"type":"single","resource":"3fd26236-1ebd-4297-8fdb-94b2eaa1d40b"},{"type":"single","resource":"3fd26236-1ebd-4297-8fdb-94b2eaa1d40b"},{"type":"single","resource":"3fd26236-1ebd-4297-8fdb-94b2eaa1d40b"},{"type":"single","resource":"3fd26236-1ebd-4297-8fdb-94b2eaa1d40b"},{"type":"single","resource":"3fd26236-1ebd-4297-8fdb-94b2eaa1d40b"},{"type":"single","resource":"3fd26236-1ebd-4297-8fdb-94b2eaa1d40b"},{"type":"single","resource":"3fd26236-1ebd-4297-8fdb-94b2eaa1d40b"},{"type":"single","resource":"3fd26236-1ebd-4297-8fdb-94b2eaa1d40b"},{"type":"single","resource":"3fd26236-1ebd-4297-8fdb-94b2eaa1d40b"},{"type":"single","resource":"3fd26236-1ebd-4297-8fdb-94b2eaa1d40b"},{"type":"single","resource":"3fd26236-1ebd-4297-8fdb-94b2eaa1d40b"},{"type":"single","resource":"3fd26236-1ebd-4297-8fdb-94b2eaa1d40b"},{"type":"single","resource":"3fd26236-1ebd-4297-8fdb-94b2eaa1d40b"},{"type":"single","resource":"3fd26236-1ebd-4297-8fdb-94b2eaa1d40b"},{"type":"single","resource":"3fd26236-1ebd-4297-8fdb-94b2eaa1d40b"},{"type":"single","resource":"ac516754-0a9f-4081-8323-3e461c4aeda3"},{"type":"single","resource":"ac516754-0a9f-4081-8323-3e461c4aeda3"},{"type":"single","resource":"ac516754-0a9f-4081-8323-3e461c4aeda3"},{"type":"single","resource":"ac516754-0a9f-4081-8323-3e461c4aeda3"},{"type":"single","resource":"ac516754-0a9f-4081-8323-3e461c4aeda3"},{"type":"single","resource":"ac516754-0a9f-4081-8323-3e461c4aeda3"},{"type":"single","resource":"ac516754-0a9f-4081-8323-3e461c4aeda3"},{"type":"single","resource":"ac516754-0a9f-4081-8323-3e461c4aeda3"},{"type":"single","resource":"ac516754-0a9f-4081-8323-3e461c4aeda3"},{"type":"single","resource":"ac516754-0a9f-4081-8323-3e461c4aeda3"},{"type":"single","resource":"ac516754-0a9f-4081-8323-3e461c4aeda3"},{"type":"single","resource":"ac516754-0a9f-4081-8323-3e461c4aeda3"},{"type":"single","resource":"ac516754-0a9f-4081-8323-3e461c4aeda3"},{"type":"single","resource":"ac516754-0a9f-4081-8323-3e461c4aeda3"},{"type":"single","resource":"ac516754-0a9f-4081-8323-3e461c4aeda3"},{"type":"single","resource":"ac516754-0a9f-4081-8323-3e461c4aeda3"},{"type":"single","resource":"ac516754-0a9f-4081-8323-3e461c4aeda3"},{"type":"single","resource":"ac516754-0a9f-4081-8323-3e461c4aeda3"},{"type":"single","resource":"ac516754-0a9f-4081-8323-3e461c4aeda3"},{"type":"single","resource":"ac516754-0a9f-4081-8323-3e461c4aeda3"},{"type":"single","resource":"ac516754-0a9f-4081-8323-3e461c4aeda3"},{"type":"single","resource":"ac516754-0a9f-4081-8323-3e461c4aeda3"},{"type":"single","resource":"ac516754-0a9f-4081-8323-3e461c4aeda3"},{"type":"single","resource":"ac516754-0a9f-4081-8323-3e461c4aeda3"},{"type":"single","resource":"ac516754-0a9f-4081-8323-3e461c4aeda3"},{"type":"single","resource":"ac516754-0a9f-4081-8323-3e461c4aeda3"},{"type":"single","resource":"ac516754-0a9f-4081-8323-3e461c4aeda3"},{"type":"single","resource":"ac516754-0a9f-4081-8323-3e461c4aeda3"},{"type":"single","resource":"d74acd41-f481-4556-b6b9-19c2a5ed440d"},{"type":"single","resource":"d74acd41-f481-4556-b6b9-19c2a5ed440d"},{"type":"single","resource":"d74acd41-f481-4556-b6b9-19c2a5ed440d"},{"type":"single","resource":"d74acd41-f481-4556-b6b9-19c2a5ed440d"},{"type":"single","resource":"d74acd41-f481-4556-b6b9-19c2a5ed440d"},{"type":"single","resource":"d74acd41-f481-4556-b6b9-19c2a5ed440d"},{"type":"single","resource":"bfd945fd-54ba-4185-bdee-1e91e0083221"},{"type":"single","resource":"bfd945fd-54ba-4185-bdee-1e91e0083221"},{"type":"single","resource":"bfd945fd-54ba-4185-bdee-1e91e0083221"},{"type":"single","resource":"bfd945fd-54ba-4185-bdee-1e91e0083221"},{"type":"single","resource":"bfd945fd-54ba-4185-bdee-1e91e0083221"},{"type":"single","resource":"bfd945fd-54ba-4185-bdee-1e91e0083221"},{"type":"single","resource":"bfd945fd-54ba-4185-bdee-1e91e0083221"},{"type":"single","resource":"bfd945fd-54ba-4185-bdee-1e91e0083221"},{"type":"single","resource":"bfd945fd-54ba-4185-bdee-1e91e0083221"},{"type":"single","resource":"bfd945fd-54ba-4185-bdee-1e91e0083221"},{"type":"single","resource":"bfd945fd-54ba-4185-bdee-1e91e0083221"},{"type":"single","resource":"bfd945fd-54ba-4185-bdee-1e91e0083221"},{"type":"single","resource":"bfd945fd-54ba-4185-bdee-1e91e0083221"},{"type":"single","resource":"bfd945fd-54ba-4185-bdee-1e91e0083221"},{"type":"single","resource":"bfd945fd-54ba-4185-bdee-1e91e0083221"},{"type":"single","resource":"bfd945fd-54ba-4185-bdee-1e91e0083221"},{"type":"single","resource":"bfd945fd-54ba-4185-bdee-1e91e0083221"},{"type":"single","resource":"bfd945fd-54ba-4185-bdee-1e91e0083221"},{"type":"single","resource":"bfd945fd-54ba-4185-bdee-1e91e0083221"},{"type":"single","resource":"bfd945fd-54ba-4185-bdee-1e91e0083221"},{"type":"single","resource":"bfd945fd-54ba-4185-bdee-1e91e0083221"},{"type":"single","resource":"bfd945fd-54ba-4185-bdee-1e91e0083221"},{"type":"single","resource":"bfd945fd-54ba-4185-bdee-1e91e0083221"},{"type":"single","resource":"bfd945fd-54ba-4185-bdee-1e91e0083221"},{"type":"single","resource":"bfd945fd-54ba-4185-bdee-1e91e0083221"},{"type":"single","resource":"bfd945fd-54ba-4185-bdee-1e91e0083221"},{"type":"single","resource":"bfd945fd-54ba-4185-bdee-1e91e0083221"},{"type":"single","resource":"bfd945fd-54ba-4185-bdee-1e91e0083221"},{"type":"single","resource":"863b1130-e2dc-4428-9176-7fc094543e82"},{"type":"single","resource":"863b1130-e2dc-4428-9176-7fc094543e82"},{"type":"single","resource":"863b1130-e2dc-4428-9176-7fc094543e82"},{"type":"single","resource":"863b1130-e2dc-4428-9176-7fc094543e82"},{"type":"single","resource":"863b1130-e2dc-4428-9176-7fc094543e82"},{"type":"single","resource":"863b1130-e2dc-4428-9176-7fc094543e82"},{"type":"single","resource":"863b1130-e2dc-4428-9176-7fc094543e82"},{"type":"single","resource":"863b1130-e2dc-4428-9176-7fc094543e82"},{"type":"single","resource":"863b1130-e2dc-4428-9176-7fc094543e82"},{"type":"single","resource":"863b1130-e2dc-4428-9176-7fc094543e82"},{"type":"single","resource":"863b1130-e2dc-4428-9176-7fc094543e82"},{"type":"single","resource":"863b1130-e2dc-4428-9176-7fc094543e82"},{"type":"single","resource":"863b1130-e2dc-4428-9176-7fc094543e82"},{"type":"single","resource":"863b1130-e2dc-4428-9176-7fc094543e82"},{"type":"single","resource":"863b1130-e2dc-4428-9176-7fc094543e82"},{"type":"single","resource":"863b1130-e2dc-4428-9176-7fc094543e82"},{"type":"single","resource":"863b1130-e2dc-4428-9176-7fc094543e82"},{"type":"single","resource":"863b1130-e2dc-4428-9176-7fc094543e82"},{"type":"single","resource":"863b1130-e2dc-4428-9176-7fc094543e82"},{"type":"single","resource":"863b1130-e2dc-4428-9176-7fc094543e82"},{"type":"single","resource":"863b1130-e2dc-4428-9176-7fc094543e82"},{"type":"single","resource":"863b1130-e2dc-4428-9176-7fc094543e82"},{"type":"single","resource":"863b1130-e2dc-4428-9176-7fc094543e82"},{"type":"single","resource":"863b1130-e2dc-4428-9176-7fc094543e82"},{"type":"single","resource":"863b1130-e2dc-4428-9176-7fc094543e82"},{"type":"single","resource":"863b1130-e2dc-4428-9176-7fc094543e82"},{"type":"single","resource":"863b1130-e2dc-4428-9176-7fc094543e82"},{"type":"single","resource":"863b1130-e2dc-4428-9176-7fc094543e82"},{"type":"single","resource":"39c99dd5-5e54-4f01-a844-163be4f5e1fb"},{"type":"single","resource":"39c99dd5-5e54-4f01-a844-163be4f5e1fb"},{"type":"single","resource":"39c99dd5-5e54-4f01-a844-163be4f5e1fb"},{"type":"single","resource":"39c99dd5-5e54-4f01-a844-163be4f5e1fb"},{"type":"single","resource":"39c99dd5-5e54-4f01-a844-163be4f5e1fb"},{"type":"single","resource":"39c99dd5-5e54-4f01-a844-163be4f5e1fb"},{"type":"single","resource":"39c99dd5-5e54-4f01-a844-163be4f5e1fb"},{"type":"single","resource":"39c99dd5-5e54-4f01-a844-163be4f5e1fb"},{"type":"single","resource":"39c99dd5-5e54-4f01-a844-163be4f5e1fb"},{"type":"single","resource":"39c99dd5-5e54-4f01-a844-163be4f5e1fb"},{"type":"single","resource":"39c99dd5-5e54-4f01-a844-163be4f5e1fb"},{"type":"single","resource":"39c99dd5-5e54-4f01-a844-163be4f5e1fb"},{"type":"single","resource":"39c99dd5-5e54-4f01-a844-163be4f5e1fb"},{"type":"single","resource":"39c99dd5-5e54-4f01-a844-163be4f5e1fb"},{"type":"single","resource":"39c99dd5-5e54-4f01-a844-163be4f5e1fb"},{"type":"single","resource":"39c99dd5-5e54-4f01-a844-163be4f5e1fb"},{"type":"single","resource":"39c99dd5-5e54-4f01-a844-163be4f5e1fb"},{"type":"single","resource":"39c99dd5-5e54-4f01-a844-163be4f5e1fb"},{"type":"single","resource":"39c99dd5-5e54-4f01-a844-163be4f5e1fb"},{"type":"single","resource":"39c99dd5-5e54-4f01-a844-163be4f5e1fb"},{"type":"single","resource":"39c99dd5-5e54-4f01-a844-163be4f5e1fb"},{"type":"single","resource":"39c99dd5-5e54-4f01-a844-163be4f5e1fb"},{"type":"single","resource":"39c99dd5-5e54-4f01-a844-163be4f5e1fb"},{"type":"single","resource":"39c99dd5-5e54-4f01-a844-163be4f5e1fb"},{"type":"single","resource":"39c99dd5-5e54-4f01-a844-163be4f5e1fb"},{"type":"single","resource":"39c99dd5-5e54-4f01-a844-163be4f5e1fb"},{"type":"single","resource":"39c99dd5-5e54-4f01-a844-163be4f5e1fb"},{"type":"single","resource":"39c99dd5-5e54-4f01-a844-163be4f5e1fb"},{"type":"single","resource":"39c99dd5-5e54-4f01-a844-163be4f5e1fb"},{"type":"single","resource":"b887a3dc-32ce-4c58-ad2d-1df64310ec8c"},{"type":"single","resource":"b887a3dc-32ce-4c58-ad2d-1df64310ec8c"},{"type":"single","resource":"b887a3dc-32ce-4c58-ad2d-1df64310ec8c"},{"type":"single","resource":"b887a3dc-32ce-4c58-ad2d-1df64310ec8c"},{"type":"single","resource":"b887a3dc-32ce-4c58-ad2d-1df64310ec8c"},{"type":"single","resource":"493b1d98-5951-4328-b43b-fb0b63cf7b4b"},{"type":"single","resource":"493b1d98-5951-4328-b43b-fb0b63cf7b4b"},{"type":"single","resource":"493b1d98-5951-4328-b43b-fb0b63cf7b4b"},{"type":"single","resource":"493b1d98-5951-4328-b43b-fb0b63cf7b4b"},{"type":"single","resource":"493b1d98-5951-4328-b43b-fb0b63cf7b4b"},{"type":"single","resource":"493b1d98-5951-4328-b43b-fb0b63cf7b4b"},{"type":"single","resource":"493b1d98-5951-4328-b43b-fb0b63cf7b4b"},{"type":"single","resource":"493b1d98-5951-4328-b43b-fb0b63cf7b4b"},{"type":"single","resource":"493b1d98-5951-4328-b43b-fb0b63cf7b4b"},{"type":"single","resource":"493b1d98-5951-4328-b43b-fb0b63cf7b4b"},{"type":"single","resource":"493b1d98-5951-4328-b43b-fb0b63cf7b4b"},{"type":"single","resource":"493b1d98-5951-4328-b43b-fb0b63cf7b4b"},{"type":"single","resource":"493b1d98-5951-4328-b43b-fb0b63cf7b4b"},{"type":"single","resource":"493b1d98-5951-4328-b43b-fb0b63cf7b4b"},{"type":"single","resource":"493b1d98-5951-4328-b43b-fb0b63cf7b4b"},{"type":"single","resource":"493b1d98-5951-4328-b43b-fb0b63cf7b4b"},{"type":"single","resource":"493b1d98-5951-4328-b43b-fb0b63cf7b4b"},{"type":"single","resource":"493b1d98-5951-4328-b43b-fb0b63cf7b4b"},{"type":"single","resource":"493b1d98-5951-4328-b43b-fb0b63cf7b4b"},{"type":"single","resource":"493b1d98-5951-4328-b43b-fb0b63cf7b4b"},{"type":"single","resource":"493b1d98-5951-4328-b43b-fb0b63cf7b4b"},{"type":"single","resource":"493b1d98-5951-4328-b43b-fb0b63cf7b4b"},{"type":"single","resource":"493b1d98-5951-4328-b43b-fb0b63cf7b4b"},{"type":"single","resource":"65de0106-3bef-4251-beb0-e0e70aa61b6b"},{"type":"single","resource":"65de0106-3bef-4251-beb0-e0e70aa61b6b"},{"type":"single","resource":"185f3b12-1456-4dce-9509-c205a8f57277"},{"type":"single","resource":"185f3b12-1456-4dce-9509-c205a8f57277"},{"type":"single","resource":"d231f199-22c6-4953-805d-fac343d4062b"},{"type":"single","resource":"d231f199-22c6-4953-805d-fac343d4062b"},{"type":"single","resource":"683e2263-a705-41cc-b282-7c0627349bf2"},{"type":"single","resource":"683e2263-a705-41cc-b282-7c0627349bf2"},{"type":"single","resource":"1a719c4b-6b72-415d-aa96-a510e3046dec"},{"type":"single","resource":"c329283d-9c32-4c2b-b840-c9cce497b91a"},{"type":"single","resource":"bcedfa1c-b7e1-4982-b25e-260b272ee6ec"},{"type":"single","resource":"bcedfa1c-b7e1-4982-b25e-260b272ee6ec"},{"type":"single","resource":"bcedfa1c-b7e1-4982-b25e-260b272ee6ec"},{"type":"single","resource":"bcedfa1c-b7e1-4982-b25e-260b272ee6ec"},{"type":"single","resource":"bcedfa1c-b7e1-4982-b25e-260b272ee6ec"},{"type":"single","resource":"bcedfa1c-b7e1-4982-b25e-260b272ee6ec"},{"type":"single","resource":"bcedfa1c-b7e1-4982-b25e-260b272ee6ec"},{"type":"single","resource":"bcedfa1c-b7e1-4982-b25e-260b272ee6ec"},{"type":"single","resource":"bcedfa1c-b7e1-4982-b25e-260b272ee6ec"},{"type":"single","resource":"bcedfa1c-b7e1-4982-b25e-260b272ee6ec"},{"type":"single","resource":"99af17c3-15a8-4f21-8eea-9cb67e42804c"},{"type":"single","resource":"99af17c3-15a8-4f21-8eea-9cb67e42804c"},{"type":"single","resource":"99af17c3-15a8-4f21-8eea-9cb67e42804c"},{"type":"single","resource":"99af17c3-15a8-4f21-8eea-9cb67e42804c"},{"type":"single","resource":"99af17c3-15a8-4f21-8eea-9cb67e42804c"},{"type":"single","resource":"99af17c3-15a8-4f21-8eea-9cb67e42804c"},{"type":"single","resource":"99af17c3-15a8-4f21-8eea-9cb67e42804c"},{"type":"single","resource":"99af17c3-15a8-4f21-8eea-9cb67e42804c"},{"type":"single","resource":"99af17c3-15a8-4f21-8eea-9cb67e42804c"},{"type":"single","resource":"99af17c3-15a8-4f21-8eea-9cb67e42804c"},{"type":"single","resource":"99af17c3-15a8-4f21-8eea-9cb67e42804c"},{"type":"single","resource":"99af17c3-15a8-4f21-8eea-9cb67e42804c"},{"type":"single","resource":"99af17c3-15a8-4f21-8eea-9cb67e42804c"},{"type":"single","resource":"99af17c3-15a8-4f21-8eea-9cb67e42804c"},{"type":"single","resource":"99af17c3-15a8-4f21-8eea-9cb67e42804c"},{"type":"single","resource":"99af17c3-15a8-4f21-8eea-9cb67e42804c"},{"type":"single","resource":"99af17c3-15a8-4f21-8eea-9cb67e42804c"},{"type":"single","resource":"99af17c3-15a8-4f21-8eea-9cb67e42804c"},{"type":"single","resource":"99af17c3-15a8-4f21-8eea-9cb67e42804c"},{"type":"single","resource":"99af17c3-15a8-4f21-8eea-9cb67e42804c"},{"type":"single","resource":"99af17c3-15a8-4f21-8eea-9cb67e42804c"},{"type":"single","resource":"99af17c3-15a8-4f21-8eea-9cb67e42804c"},{"type":"single","resource":"99af17c3-15a8-4f21-8eea-9cb67e42804c"},{"type":"single","resource":"ac85b405-0a70-45e9-811d-20094c9575c6"},{"type":"single","resource":"ac85b405-0a70-45e9-811d-20094c9575c6"},{"type":"single","resource":"ac85b405-0a70-45e9-811d-20094c9575c6"},{"type":"single","resource":"ac85b405-0a70-45e9-811d-20094c9575c6"},{"type":"single","resource":"ac85b405-0a70-45e9-811d-20094c9575c6"},{"type":"single","resource":"ac85b405-0a70-45e9-811d-20094c9575c6"},{"type":"single","resource":"ac85b405-0a70-45e9-811d-20094c9575c6"},{"type":"single","resource":"ac85b405-0a70-45e9-811d-20094c9575c6"},{"type":"single","resource":"ac85b405-0a70-45e9-811d-20094c9575c6"},{"type":"single","resource":"ac85b405-0a70-45e9-811d-20094c9575c6"},{"type":"single","resource":"ac85b405-0a70-45e9-811d-20094c9575c6"},{"type":"single","resource":"ac85b405-0a70-45e9-811d-20094c9575c6"},{"type":"single","resource":"ac85b405-0a70-45e9-811d-20094c9575c6"},{"type":"single","resource":"ac85b405-0a70-45e9-811d-20094c9575c6"},{"type":"single","resource":"ac85b405-0a70-45e9-811d-20094c9575c6"},{"type":"single","resource":"ac85b405-0a70-45e9-811d-20094c9575c6"},{"type":"single","resource":"ac85b405-0a70-45e9-811d-20094c9575c6"},{"type":"single","resource":"ac85b405-0a70-45e9-811d-20094c9575c6"},{"type":"single","resource":"ac85b405-0a70-45e9-811d-20094c9575c6"},{"type":"single","resource":"ac85b405-0a70-45e9-811d-20094c9575c6"},{"type":"single","resource":"ac85b405-0a70-45e9-811d-20094c9575c6"},{"type":"single","resource":"ac85b405-0a70-45e9-811d-20094c9575c6"},{"type":"single","resource":"ac85b405-0a70-45e9-811d-20094c9575c6"},{"type":"single","resource":"ac85b405-0a70-45e9-811d-20094c9575c6"},{"type":"single","resource":"ac85b405-0a70-45e9-811d-20094c9575c6"},{"type":"single","resource":"ac85b405-0a70-45e9-811d-20094c9575c6"},{"type":"single","resource":"ac85b405-0a70-45e9-811d-20094c9575c6"},{"type":"single","resource":"ac85b405-0a70-45e9-811d-20094c9575c6"},{"type":"single","resource":"ac85b405-0a70-45e9-811d-20094c9575c6"},{"type":"single","resource":"ac85b405-0a70-45e9-811d-20094c9575c6"},{"type":"single","resource":"ac85b405-0a70-45e9-811d-20094c9575c6"},{"type":"single","resource":"ac85b405-0a70-45e9-811d-20094c9575c6"},{"type":"single","resource":"ac85b405-0a70-45e9-811d-20094c9575c6"},{"type":"single","resource":"ac85b405-0a70-45e9-811d-20094c9575c6"},{"type":"single","resource":"ac85b405-0a70-45e9-811d-20094c9575c6"},{"type":"single","resource":"ac85b405-0a70-45e9-811d-20094c9575c6"},{"type":"single","resource":"2903124f-d329-462e-85d7-46ac7d565854"},{"type":"single","resource":"2903124f-d329-462e-85d7-46ac7d565854"},{"type":"single","resource":"2903124f-d329-462e-85d7-46ac7d565854"},{"type":"single","resource":"2903124f-d329-462e-85d7-46ac7d565854"},{"type":"single","resource":"2903124f-d329-462e-85d7-46ac7d565854"},{"type":"single","resource":"2903124f-d329-462e-85d7-46ac7d565854"},{"type":"single","resource":"2903124f-d329-462e-85d7-46ac7d565854"},{"type":"single","resource":"2903124f-d329-462e-85d7-46ac7d565854"},{"type":"single","resource":"2903124f-d329-462e-85d7-46ac7d565854"},{"type":"single","resource":"2903124f-d329-462e-85d7-46ac7d565854"},{"type":"single","resource":"2903124f-d329-462e-85d7-46ac7d565854"},{"type":"single","resource":"2903124f-d329-462e-85d7-46ac7d565854"},{"type":"single","resource":"2903124f-d329-462e-85d7-46ac7d565854"},{"type":"single","resource":"2903124f-d329-462e-85d7-46ac7d565854"},{"type":"single","resource":"e765b809-8bd0-48f6-b993-459272ea151b"},{"type":"single","resource":"e765b809-8bd0-48f6-b993-459272ea151b"},{"type":"single","resource":"e765b809-8bd0-48f6-b993-459272ea151b"},{"type":"single","resource":"e765b809-8bd0-48f6-b993-459272ea151b"},{"type":"single","resource":"e765b809-8bd0-48f6-b993-459272ea151b"},{"type":"single","resource":"e765b809-8bd0-48f6-b993-459272ea151b"},{"type":"single","resource":"e765b809-8bd0-48f6-b993-459272ea151b"},{"type":"single","resource":"e765b809-8bd0-48f6-b993-459272ea151b"},{"type":"single","resource":"e765b809-8bd0-48f6-b993-459272ea151b"},{"type":"single","resource":"e765b809-8bd0-48f6-b993-459272ea151b"},{"type":"single","resource":"e765b809-8bd0-48f6-b993-459272ea151b"},{"type":"single","resource":"e765b809-8bd0-48f6-b993-459272ea151b"},{"type":"single","resource":"fdba6826-ce7a-41f7-aa5d-6b3469f84ee1"},{"type":"single","resource":"fdba6826-ce7a-41f7-aa5d-6b3469f84ee1"},{"type":"single","resource":"fdba6826-ce7a-41f7-aa5d-6b3469f84ee1"},{"type":"single","resource":"fdba6826-ce7a-41f7-aa5d-6b3469f84ee1"},{"type":"single","resource":"fdba6826-ce7a-41f7-aa5d-6b3469f84ee1"},{"type":"single","resource":"fdba6826-ce7a-41f7-aa5d-6b3469f84ee1"},{"type":"single","resource":"cubees:3dfbf9c7-9fee-4c19-a9f5-211df0f2e7c0"},{"type":"single","resource":"cubees:74e78a0e-8385-49b9-b61e-bdf7f7bc676a"},{"type":"single","resource":"cubees:bf2aad6d-f0c4-465a-9074-1c35fdb4fd35"},{"type":"single","resource":"cubees:b99be5c9-fdcf-43b9-bfdd-4db3cec2acc9"},{"type":"single","resource":"cubees:60be8980-6070-4044-9a32-9f1bacac2d4c"},{"type":"single","resource":"cubees:a08c9eb8-c88b-48e4-9389-3c03b2751f33"},{"type":"single","resource":"cubees:a92993a0-ae9f-4688-bfa7-857febcded96"},{"type":"single","resource":"cubees:8cadc7f0-30c3-4916-be50-fdbf7c08bbaa"}]}