{"sources":[{"type":"directory","source":"entity","prefix":"entity/"},{"type":"filter","pattern":{"namespace":"minecraft","path":"entity/fishing_hook"}},{"type":"single","resource":"e0546ba6-f00d-412d-8962-d96a6c38dd8a"},{"type":"single","resource":"dd193212-f707-4f8a-806e-f770e9242c06"},{"type":"single","resource":"1e2cff90-e068-4526-b7c7-0915d885f00e"},{"type":"single","resource":"c6e12c87-ae4f-484a-b3b6-3b38d8827fef"},{"type":"single","resource":"c6e12c87-ae4f-484a-b3b6-3b38d8827fef"},{"type":"single","resource":"6a3c507e-a82c-4894-8b44-3718af80f592"},{"type":"single","resource":"6a3c507e-a82c-4894-8b44-3718af80f592"},{"type":"single","resource":"0945f17f-9c6a-4597-b8cf-5655c871a686"},{"type":"single","resource":"0945f17f-9c6a-4597-b8cf-5655c871a686"},{"type":"single","resource":"ebfc0dc9-938b-498d-b076-4dbdab764808"},{"type":"single","resource":"ebfc0dc9-938b-498d-b076-4dbdab764808"},{"type":"single","resource":"0435b8fd-a130-4984-8408-3ef5b936af04"},{"type":"single","resource":"0435b8fd-a130-4984-8408-3ef5b936af04"},{"type":"single","resource":"8727e2e7-4e78-4258-8440-e40cfada96dd"},{"type":"single","resource":"3ee702b4-5c87-49f5-a93e-2ec583b58267"},{"type":"single","resource":"9e97f1c3-79f6-4a55-9c2a-c0c2e28e9ebd"},{"type":"single","resource":"9e97f1c3-79f6-4a55-9c2a-c0c2e28e9ebd"},{"type":"single","resource":"a281828c-d5d0-4895-925b-1220c1895f12"},{"type":"single","resource":"8bf9982a-ec20-4807-b5d1-d4288492f255"},{"type":"single","resource":"c1d915b0-2d9a-49df-961a-5c175646fa47"},{"type":"single","resource":"c3957fe1-24e2-4f0c-aa7e-578f9a435621"},{"type":"single","resource":"cadbe7cc-ea37-47ca-a780-4ab883dcac73"},{"type":"single","resource":"bee72dcb-4f5d-4bd7-8c68-3743bef4de18"},{"type":"single","resource":"ca441a06-9924-4cc1-8d10-c01e7e92559f"},{"type":"single","resource":"1143c402-3dd4-4abe-b740-c0c653866af9"},{"type":"single","resource":"8221e941-8b7f-4067-ab57-d97f8ee829eb"},{"type":"single","resource":"0f14f05d-f5aa-407c-b7e9-8610f9d59870"},{"type":"single","resource":"c455288e-cda7-4481-9bc5-eb3597f9efcf"},{"type":"single","resource":"block/carved_pumpkin"},{"type":"single","resource":"block/dark_oak_planks"},{"type":"single","resource":"block/pumpkin_side"},{"type":"single","resource":"block/pumpkin_top"},{"type":"single","resource":"block/sea_lantern"},{"type":"single","resource":"7f48d465-0b9a-4829-a9f5-9a3223d33afb"},{"type":"single","resource":"7f48d465-0b9a-4829-a9f5-9a3223d33afb"},{"type":"single","resource":"17300543-b34a-453d-a6d3-99c6affb59a1"},{"type":"single","resource":"17300543-b34a-453d-a6d3-99c6affb59a1"},{"type":"single","resource":"150e985a-e9a7-4927-a5fe-07281d7d71d0"},{"type":"single","resource":"150e985a-e9a7-4927-a5fe-07281d7d71d0"},{"type":"single","resource":"9bf45564-8029-4ce6-9fbd-f129f1d7fe90"},{"type":"single","resource":"9bf45564-8029-4ce6-9fbd-f129f1d7fe90"},{"type":"single","resource":"ed5f5479-e482-4a6a-82f1-dacef3bfdf62"},{"type":"single","resource":"ed5f5479-e482-4a6a-82f1-dacef3bfdf62"},{"type":"single","resource":"18d86428-57a2-43a6-9015-e27d27cfa8d1"},{"type":"single","resource":"18d86428-57a2-43a6-9015-e27d27cfa8d1"},{"type":"single","resource":"0b443cb3-eabc-4104-968d-6e941cb86cf2"},{"type":"single","resource":"0b443cb3-eabc-4104-968d-6e941cb86cf2"},{"type":"single","resource":"1095ecf7-fe26-4412-8416-ed80b8ac719b"},{"type":"single","resource":"1095ecf7-fe26-4412-8416-ed80b8ac719b"},{"type":"single","resource":"dbbf4172-cc9f-4cc6-8242-92f5ac49c4a9"},{"type":"single","resource":"dbbf4172-cc9f-4cc6-8242-92f5ac49c4a9"},{"type":"single","resource":"644fce0f-e9ca-4fb8-9b10-421205866815"},{"type":"single","resource":"644fce0f-e9ca-4fb8-9b10-421205866815"},{"type":"single","resource":"515d3982-0b42-4193-9f6b-ac8af14b1250"},{"type":"single","resource":"515d3982-0b42-4193-9f6b-ac8af14b1250"},{"type":"single","resource":"d5ef6dd3-4c23-4d47-958b-8728057c0b84"},{"type":"single","resource":"d5ef6dd3-4c23-4d47-958b-8728057c0b84"},{"type":"single","resource":"6c696208-d789-49a8-bf33-d3b5ca9d6b82"},{"type":"single","resource":"6c696208-d789-49a8-bf33-d3b5ca9d6b82"},{"type":"single","resource":"de8ead29-4784-47a0-a3e4-e40b8f2b3716"},{"type":"single","resource":"de8ead29-4784-47a0-a3e4-e40b8f2b3716"},{"type":"single","resource":"164117ab-94e6-4e88-961d-c81e6fb448bd"},{"type":"single","resource":"164117ab-94e6-4e88-961d-c81e6fb448bd"},{"type":"single","resource":"3e3bb034-9d9c-42a5-9cfa-459c8a4fdf0f"},{"type":"single","resource":"3e3bb034-9d9c-42a5-9cfa-459c8a4fdf0f"},{"type":"single","resource":"4f8e1c94-f0d4-46ad-a112-402dd81d2afe"},{"type":"single","resource":"4f8e1c94-f0d4-46ad-a112-402dd81d2afe"},{"type":"single","resource":"3cbf5ed9-c136-4866-9cfe-54d909bdd83a"},{"type":"single","resource":"3cbf5ed9-c136-4866-9cfe-54d909bdd83a"},{"type":"single","resource":"cfb14d0c-0c09-4b9b-9097-a241f90fb05c"},{"type":"single","resource":"cfb14d0c-0c09-4b9b-9097-a241f90fb05c"},{"type":"single","resource":"8171f363-1ec5-4871-a4b2-7d940146b368"},{"type":"single","resource":"8171f363-1ec5-4871-a4b2-7d940146b368"},{"type":"single","resource":"3d6015b0-2a70-4659-8be5-59acc6c2f853"},{"type":"single","resource":"3d6015b0-2a70-4659-8be5-59acc6c2f853"},{"type":"single","resource":"7da79dd5-f0c6-407d-9899-984882b80467"},{"type":"single","resource":"7da79dd5-f0c6-407d-9899-984882b80467"},{"type":"single","resource":"ee1beb2a-0b72-446b-b788-6198760433ba"},{"type":"single","resource":"a17a5f7d-499f-49c7-a1ce-ab864ee8862f"},{"type":"single","resource":"6f3830ef-110d-47cb-b011-9e36425a74d7"},{"type":"single","resource":"6f3830ef-110d-47cb-b011-9e36425a74d7"},{"type":"single","resource":"6f3830ef-110d-47cb-b011-9e36425a74d7"},{"type":"single","resource":"5223319a-5162-4671-8990-a6b9dc42e529"},{"type":"single","resource":"5223319a-5162-4671-8990-a6b9dc42e529"},{"type":"single","resource":"5223319a-5162-4671-8990-a6b9dc42e529"},{"type":"single","resource":"2e7a344e-e146-42e3-9e74-81e7667aac76"},{"type":"single","resource":"2e7a344e-e146-42e3-9e74-81e7667aac76"},{"type":"single","resource":"2e7a344e-e146-42e3-9e74-81e7667aac76"},{"type":"single","resource":"27353307-e09e-4e0b-8b03-484c43b83fd8"},{"type":"single","resource":"27353307-e09e-4e0b-8b03-484c43b83fd8"},{"type":"single","resource":"27353307-e09e-4e0b-8b03-484c43b83fd8"},{"type":"single","resource":"0319b336-893a-4125-b91c-09e43b76c317"},{"type":"single","resource":"0319b336-893a-4125-b91c-09e43b76c317"},{"type":"single","resource":"0319b336-893a-4125-b91c-09e43b76c317"},{"type":"single","resource":"2ad78825-ec96-4bcf-820d-9263ade0c928"},{"type":"single","resource":"2ad78825-ec96-4bcf-820d-9263ade0c928"},{"type":"single","resource":"2ad78825-ec96-4bcf-820d-9263ade0c928"},{"type":"single","resource":"d5e35f73-989b-4f81-8428-b509499102d5"},{"type":"single","resource":"d5e35f73-989b-4f81-8428-b509499102d5"},{"type":"single","resource":"d5e35f73-989b-4f81-8428-b509499102d5"},{"type":"single","resource":"4bfdb40d-84e6-4941-b4ff-1b1efc40f803"},{"type":"single","resource":"4bfdb40d-84e6-4941-b4ff-1b1efc40f803"},{"type":"single","resource":"4bfdb40d-84e6-4941-b4ff-1b1efc40f803"},{"type":"single","resource":"c82fa1b3-958f-4fa9-b32e-5b6561d71bc1"},{"type":"single","resource":"c82fa1b3-958f-4fa9-b32e-5b6561d71bc1"},{"type":"single","resource":"c82fa1b3-958f-4fa9-b32e-5b6561d71bc1"},{"type":"single","resource":"7c5b3776-7da4-4a5e-a26b-d11f6c6f86b2"},{"type":"single","resource":"7c5b3776-7da4-4a5e-a26b-d11f6c6f86b2"},{"type":"single","resource":"7c5b3776-7da4-4a5e-a26b-d11f6c6f86b2"},{"type":"single","resource":"4c52002b-7291-4a36-bcbb-9b965fc93b94"},{"type":"single","resource":"4c52002b-7291-4a36-bcbb-9b965fc93b94"},{"type":"single","resource":"4c52002b-7291-4a36-bcbb-9b965fc93b94"},{"type":"single","resource":"2fef8861-ff28-469c-a68b-6e234c861d5a"},{"type":"single","resource":"2fef8861-ff28-469c-a68b-6e234c861d5a"},{"type":"single","resource":"2fef8861-ff28-469c-a68b-6e234c861d5a"},{"type":"single","resource":"01e0b46a-dec0-4a23-890c-67c044b98a73"},{"type":"single","resource":"3fd0818f-1489-47c1-8a45-7ef4c73adaec"},{"type":"single","resource":"8fc2ba42-b5ec-471f-a5c6-431209a068f5"},{"type":"single","resource":"45737608-fdf2-4d71-8c9b-402d2d541457"},{"type":"single","resource":"8165badd-66cd-4e22-8e71-ed08a3cbd8c8"},{"type":"single","resource":"456445f7-f167-402c-b83a-c5def0b2f939"},{"type":"single","resource":"8a9409b6-9f9f-48e9-9ffc-c04518f1b3b8"},{"type":"single","resource":"050d8043-294a-4787-80f8-ff88e095066d"},{"type":"single","resource":"050d8043-294a-4787-80f8-ff88e095066d"},{"type":"single","resource":"148c592f-e435-4a33-b506-6c616142dd4b"},{"type":"single","resource":"194f15c8-efa0-45f8-ab0a-19ba9007f808"},{"type":"single","resource":"601254ab-7672-441b-836a-47b4b1e30881"},{"type":"single","resource":"601254ab-7672-441b-836a-47b4b1e30881"},{"type":"single","resource":"601254ab-7672-441b-836a-47b4b1e30881"},{"type":"single","resource":"601254ab-7672-441b-836a-47b4b1e30881"},{"type":"single","resource":"d7d4e185-340f-4b81-bf60-255ec6c1bcee"},{"type":"single","resource":"8aac3114-7bd3-4745-a8ac-cc10f0b80d60"},{"type":"single","resource":"59f9902d-e132-4bce-a953-e3ce7e23f6f7"},{"type":"single","resource":"e5e9adef-b5bd-44b4-9b6e-c3708f694839"},{"type":"single","resource":"b61536ba-b116-40d3-8d69-83932e51f123"},{"type":"single","resource":"7df50050-f661-4c8f-a7df-6b0cf21fb547"},{"type":"single","resource":"7df50050-f661-4c8f-a7df-6b0cf21fb547"},{"type":"single","resource":"128fe93c-a32b-4ffc-81ff-7ef41e2d0b23"},{"type":"single","resource":"10c5ae78-52c8-4ce5-a490-9a6570b9a3c5"},{"type":"single","resource":"2630d267-c3a9-459d-9be9-b700e849ff86"},{"type":"single","resource":"19e95c2c-cba1-40b8-8cc2-b5def5834972"},{"type":"single","resource":"d8c6535d-c319-41ce-b749-3268cc8c05f5"},{"type":"single","resource":"e8f3566d-f669-4279-a48f-1a6702ade40f"},{"type":"single","resource":"1cbfe244-bef8-46c6-9d97-9c68eb41d70a"},{"type":"single","resource":"0dee3b1e-55c9-49dd-9f09-4ca5ce881a5f"},{"type":"single","resource":"a6e1df61-95ca-4140-a380-ef52d958e553"},{"type":"single","resource":"a6e1df61-95ca-4140-a380-ef52d958e553"},{"type":"single","resource":"a6e1df61-95ca-4140-a380-ef52d958e553"},{"type":"single","resource":"a6e1df61-95ca-4140-a380-ef52d958e553"},{"type":"single","resource":"4e9524b4-5741-4bd8-9f41-d2c5278e2116"},{"type":"single","resource":"4e9524b4-5741-4bd8-9f41-d2c5278e2116"},{"type":"single","resource":"a28bf8df-0231-4b56-a32f-70fe41def09c"},{"type":"single","resource":"92c62cd5-6dc8-47cc-be0c-adf7ac4c9609"},{"type":"single","resource":"e4ecb0e1-5eae-4208-9f5c-786809773d96"},{"type":"single","resource":"31ed2ba2-ceca-4147-8f84-ad61910a774c"},{"type":"single","resource":"14675260-247d-4500-be69-937e494b22dc"},{"type":"single","resource":"9cb585a2-c848-43f6-84cf-d258ba58e1fa"},{"type":"single","resource":"1b6b1fb7-dacd-4d30-8d90-7d3adfa132a2"},{"type":"single","resource":"f5e3c4b5-bb7d-41f6-b59b-23f82adf4a4f"},{"type":"single","resource":"588932d9-8e79-47ff-8450-25c6280aec73"},{"type":"single","resource":"67bc8841-9f1b-4c4b-a229-43b4ae6edad8"},{"type":"single","resource":"9f932a1c-ea43-4ab0-ab6d-1373bc04306c"},{"type":"single","resource":"08c68cc2-6345-4108-9906-ba7122841101"},{"type":"single","resource":"10c628f7-5230-45a6-b7f2-3c7688324895"},{"type":"single","resource":"2cc97e22-8a27-4330-8d2d-d1edeadb6308"},{"type":"single","resource":"f6041aa2-92ad-496d-8ab0-54a191064989"},{"type":"single","resource":"9a8d4644-c271-4ecf-a2d7-a4a26606bea4"},{"type":"single","resource":"9a8d4644-c271-4ecf-a2d7-a4a26606bea4"},{"type":"single","resource":"01c24608-992d-436a-8292-adb2b2b49f64"},{"type":"single","resource":"68729ee1-aef9-4322-9df0-d8cdf9c319a2"},{"type":"single","resource":"6461b433-d5b0-43d3-bfe5-c2ce47bf695d"},{"type":"single","resource":"6f9c0b6c-c5b9-41d4-858c-12dd76cac34e"},{"type":"single","resource":"7cfef91d-698d-4b70-b11b-6f9e75de92af"},{"type":"single","resource":"bc7befeb-da8e-4a06-a7d2-ef453b7b6c33"},{"type":"single","resource":"06b9cc7d-fe18-4cd2-a547-b67f8af64a95"},{"type":"single","resource":"3cd8d7ee-0b67-4636-90c2-ef491304ef4e"},{"type":"single","resource":"f9644df5-d3b4-4bd0-b931-355c6fadaa74"},{"type":"single","resource":"78133d24-21eb-492c-8067-5bf09e773653"},{"type":"single","resource":"d3c07ba2-ae51-4ea5-a249-a9c1f1851a61"},{"type":"single","resource":"e9c4e1c7-784d-4a2b-adfe-eb36cf1916fa"},{"type":"single","resource":"087b4387-7bb7-4db3-bd28-7685ef599782"},{"type":"single","resource":"3764bb38-d596-455b-aa48-879d50bc2a5f"},{"type":"single","resource":"dc82f602-0002-494a-9330-58b55082cf8e"},{"type":"single","resource":"492d9489-e70e-41c9-bc74-67f972b52aeb"},{"type":"single","resource":"0ca60370-f93c-48dc-81d6-f9be00823970"},{"type":"single","resource":"0ca60370-f93c-48dc-81d6-f9be00823970"},{"type":"single","resource":"0ca60370-f93c-48dc-81d6-f9be00823970"},{"type":"single","resource":"56d84802-6891-4e95-8ada-56e26aa8b052"},{"type":"single","resource":"56d84802-6891-4e95-8ada-56e26aa8b052"},{"type":"single","resource":"56d84802-6891-4e95-8ada-56e26aa8b052"},{"type":"single","resource":"538480aa-df65-48ff-9272-30ecb773d26f"},{"type":"single","resource":"538480aa-df65-48ff-9272-30ecb773d26f"},{"type":"single","resource":"538480aa-df65-48ff-9272-30ecb773d26f"},{"type":"single","resource":"7c5c32f4-a84d-40c8-831d-c26806327fba"},{"type":"single","resource":"7c5c32f4-a84d-40c8-831d-c26806327fba"},{"type":"single","resource":"7c5c32f4-a84d-40c8-831d-c26806327fba"},{"type":"single","resource":"d1035544-dade-458b-8b0e-c8e1dbac824d"},{"type":"single","resource":"d1035544-dade-458b-8b0e-c8e1dbac824d"},{"type":"single","resource":"d1035544-dade-458b-8b0e-c8e1dbac824d"},{"type":"single","resource":"d1035544-dade-458b-8b0e-c8e1dbac824d"},{"type":"single","resource":"d1035544-dade-458b-8b0e-c8e1dbac824d"},{"type":"single","resource":"d1035544-dade-458b-8b0e-c8e1dbac824d"},{"type":"single","resource":"d1035544-dade-458b-8b0e-c8e1dbac824d"},{"type":"single","resource":"0760659f-b799-4bc1-a3c7-08f1dcb7da6f"},{"type":"single","resource":"3e4d92ef-6846-4331-98ae-af1d236b14be"},{"type":"single","resource":"cb6b48a0-9cd7-48a1-a2f3-a86e349a8c63"},{"type":"single","resource":"cb6b48a0-9cd7-48a1-a2f3-a86e349a8c63"},{"type":"single","resource":"cb6b48a0-9cd7-48a1-a2f3-a86e349a8c63"},{"type":"single","resource":"cb6b48a0-9cd7-48a1-a2f3-a86e349a8c63"},{"type":"single","resource":"cb6b48a0-9cd7-48a1-a2f3-a86e349a8c63"},{"type":"single","resource":"cb6b48a0-9cd7-48a1-a2f3-a86e349a8c63"},{"type":"single","resource":"cb6b48a0-9cd7-48a1-a2f3-a86e349a8c63"},{"type":"single","resource":"cb6b48a0-9cd7-48a1-a2f3-a86e349a8c63"},{"type":"single","resource":"cb6b48a0-9cd7-48a1-a2f3-a86e349a8c63"},{"type":"single","resource":"cb6b48a0-9cd7-48a1-a2f3-a86e349a8c63"},{"type":"single","resource":"cb6b48a0-9cd7-48a1-a2f3-a86e349a8c63"},{"type":"single","resource":"cb6b48a0-9cd7-48a1-a2f3-a86e349a8c63"},{"type":"single","resource":"cb6b48a0-9cd7-48a1-a2f3-a86e349a8c63"},{"type":"single","resource":"cb6b48a0-9cd7-48a1-a2f3-a86e349a8c63"},{"type":"single","resource":"cb6b48a0-9cd7-48a1-a2f3-a86e349a8c63"},{"type":"single","resource":"cb6b48a0-9cd7-48a1-a2f3-a86e349a8c63"},{"type":"single","resource":"cb6b48a0-9cd7-48a1-a2f3-a86e349a8c63"},{"type":"single","resource":"cb6b48a0-9cd7-48a1-a2f3-a86e349a8c63"},{"type":"single","resource":"cb6b48a0-9cd7-48a1-a2f3-a86e349a8c63"},{"type":"single","resource":"cb6b48a0-9cd7-48a1-a2f3-a86e349a8c63"},{"type":"single","resource":"cb6b48a0-9cd7-48a1-a2f3-a86e349a8c63"},{"type":"single","resource":"cb6b48a0-9cd7-48a1-a2f3-a86e349a8c63"},{"type":"single","resource":"cb6b48a0-9cd7-48a1-a2f3-a86e349a8c63"},{"type":"single","resource":"cb6b48a0-9cd7-48a1-a2f3-a86e349a8c63"},{"type":"single","resource":"cb6b48a0-9cd7-48a1-a2f3-a86e349a8c63"},{"type":"single","resource":"cb6b48a0-9cd7-48a1-a2f3-a86e349a8c63"},{"type":"single","resource":"cb6b48a0-9cd7-48a1-a2f3-a86e349a8c63"},{"type":"single","resource":"cb6b48a0-9cd7-48a1-a2f3-a86e349a8c63"},{"type":"single","resource":"cb6b48a0-9cd7-48a1-a2f3-a86e349a8c63"},{"type":"single","resource":"cb6b48a0-9cd7-48a1-a2f3-a86e349a8c63"},{"type":"single","resource":"cb6b48a0-9cd7-48a1-a2f3-a86e349a8c63"},{"type":"single","resource":"cb6b48a0-9cd7-48a1-a2f3-a86e349a8c63"},{"type":"single","resource":"cb6b48a0-9cd7-48a1-a2f3-a86e349a8c63"},{"type":"single","resource":"cb6b48a0-9cd7-48a1-a2f3-a86e349a8c63"},{"type":"single","resource":"cb6b48a0-9cd7-48a1-a2f3-a86e349a8c63"},{"type":"single","resource":"cb6b48a0-9cd7-48a1-a2f3-a86e349a8c63"},{"type":"single","resource":"cb6b48a0-9cd7-48a1-a2f3-a86e349a8c63"},{"type":"single","resource":"cb6b48a0-9cd7-48a1-a2f3-a86e349a8c63"},{"type":"single","resource":"cb6b48a0-9cd7-48a1-a2f3-a86e349a8c63"},{"type":"single","resource":"cb6b48a0-9cd7-48a1-a2f3-a86e349a8c63"},{"type":"single","resource":"cb6b48a0-9cd7-48a1-a2f3-a86e349a8c63"},{"type":"single","resource":"4d09e1ec-3ef5-410d-bee0-ffde6207267f"},{"type":"single","resource":"4d09e1ec-3ef5-410d-bee0-ffde6207267f"},{"type":"single","resource":"66596917-de6d-462d-a260-e18d395c112e"},{"type":"single","resource":"66596917-de6d-462d-a260-e18d395c112e"},{"type":"single","resource":"b71b60d9-ece2-4157-bd8f-42bbaad9aac3"},{"type":"single","resource":"b71b60d9-ece2-4157-bd8f-42bbaad9aac3"},{"type":"single","resource":"b71b60d9-ece2-4157-bd8f-42bbaad9aac3"},{"type":"single","resource":"b71b60d9-ece2-4157-bd8f-42bbaad9aac3"},{"type":"single","resource":"b71b60d9-ece2-4157-bd8f-42bbaad9aac3"},{"type":"single","resource":"b71b60d9-ece2-4157-bd8f-42bbaad9aac3"},{"type":"single","resource":"b71b60d9-ece2-4157-bd8f-42bbaad9aac3"},{"type":"single","resource":"b71b60d9-ece2-4157-bd8f-42bbaad9aac3"},{"type":"single","resource":"b71b60d9-ece2-4157-bd8f-42bbaad9aac3"},{"type":"single","resource":"b71b60d9-ece2-4157-bd8f-42bbaad9aac3"},{"type":"single","resource":"b71b60d9-ece2-4157-bd8f-42bbaad9aac3"},{"type":"single","resource":"b71b60d9-ece2-4157-bd8f-42bbaad9aac3"},{"type":"single","resource":"b71b60d9-ece2-4157-bd8f-42bbaad9aac3"},{"type":"single","resource":"b71b60d9-ece2-4157-bd8f-42bbaad9aac3"},{"type":"single","resource":"b71b60d9-ece2-4157-bd8f-42bbaad9aac3"},{"type":"single","resource":"b71b60d9-ece2-4157-bd8f-42bbaad9aac3"},{"type":"single","resource":"b71b60d9-ece2-4157-bd8f-42bbaad9aac3"},{"type":"single","resource":"b71b60d9-ece2-4157-bd8f-42bbaad9aac3"},{"type":"single","resource":"b71b60d9-ece2-4157-bd8f-42bbaad9aac3"},{"type":"single","resource":"b71b60d9-ece2-4157-bd8f-42bbaad9aac3"},{"type":"single","resource":"b71b60d9-ece2-4157-bd8f-42bbaad9aac3"},{"type":"single","resource":"9a9f77d5-3b7c-4bfe-90e5-b468d22391af"},{"type":"single","resource":"modelengine:fc58441b-88fe-43a1-81b8-0543a888daf2"},{"type":"single","resource":"modelengine:fc58441b-88fe-43a1-81b8-0543a888daf2"},{"type":"single","resource":"modelengine:fc58441b-88fe-43a1-81b8-0543a888daf2"},{"type":"single","resource":"modelengine:fc58441b-88fe-43a1-81b8-0543a888daf2"},{"type":"single","resource":"modelengine:fc58441b-88fe-43a1-81b8-0543a888daf2"},{"type":"single","resource":"modelengine:fc58441b-88fe-43a1-81b8-0543a888daf2"},{"type":"single","resource":"modelengine:fc58441b-88fe-43a1-81b8-0543a888daf2"},{"type":"single","resource":"modelengine:fc58441b-88fe-43a1-81b8-0543a888daf2"},{"type":"single","resource":"modelengine:fc58441b-88fe-43a1-81b8-0543a888daf2"},{"type":"single","resource":"modelengine:fc58441b-88fe-43a1-81b8-0543a888daf2"},{"type":"single","resource":"modelengine:fc58441b-88fe-43a1-81b8-0543a888daf2"},{"type":"single","resource":"modelengine:fc58441b-88fe-43a1-81b8-0543a888daf2"},{"type":"single","resource":"modelengine:fc58441b-88fe-43a1-81b8-0543a888daf2"},{"type":"single","resource":"modelengine:fc58441b-88fe-43a1-81b8-0543a888daf2"},{"type":"single","resource":"modelengine:fc58441b-88fe-43a1-81b8-0543a888daf2"},{"type":"single","resource":"modelengine:6de696f3-06b7-4ac6-a5ef-eb4243a599d1"},{"type":"single","resource":"modelengine:6de696f3-06b7-4ac6-a5ef-eb4243a599d1"},{"type":"single","resource":"modelengine:6de696f3-06b7-4ac6-a5ef-eb4243a599d1"},{"type":"single","resource":"modelengine:6de696f3-06b7-4ac6-a5ef-eb4243a599d1"},{"type":"single","resource":"modelengine:6de696f3-06b7-4ac6-a5ef-eb4243a599d1"},{"type":"single","resource":"modelengine:6de696f3-06b7-4ac6-a5ef-eb4243a599d1"},{"type":"single","resource":"modelengine:6de696f3-06b7-4ac6-a5ef-eb4243a599d1"},{"type":"single","resource":"modelengine:6de696f3-06b7-4ac6-a5ef-eb4243a599d1"},{"type":"single","resource":"modelengine:6de696f3-06b7-4ac6-a5ef-eb4243a599d1"},{"type":"single","resource":"modelengine:ef57b750-f10a-426c-8277-5c7f754226e5"},{"type":"single","resource":"modelengine:ef57b750-f10a-426c-8277-5c7f754226e5"},{"type":"single","resource":"modelengine:ef57b750-f10a-426c-8277-5c7f754226e5"},{"type":"single","resource":"modelengine:ef57b750-f10a-426c-8277-5c7f754226e5"},{"type":"single","resource":"modelengine:ef57b750-f10a-426c-8277-5c7f754226e5"},{"type":"single","resource":"modelengine:ef57b750-f10a-426c-8277-5c7f754226e5"},{"type":"single","resource":"modelengine:ef57b750-f10a-426c-8277-5c7f754226e5"},{"type":"single","resource":"modelengine:ef57b750-f10a-426c-8277-5c7f754226e5"},{"type":"single","resource":"modelengine:ef57b750-f10a-426c-8277-5c7f754226e5"},{"type":"single","resource":"modelengine:176caf19-a5a0-484f-8273-b056fe95aa81"},{"type":"single","resource":"modelengine:176caf19-a5a0-484f-8273-b056fe95aa81"},{"type":"single","resource":"modelengine:176caf19-a5a0-484f-8273-b056fe95aa81"},{"type":"single","resource":"modelengine:176caf19-a5a0-484f-8273-b056fe95aa81"},{"type":"single","resource":"modelengine:176caf19-a5a0-484f-8273-b056fe95aa81"},{"type":"single","resource":"modelengine:176caf19-a5a0-484f-8273-b056fe95aa81"},{"type":"single","resource":"modelengine:176caf19-a5a0-484f-8273-b056fe95aa81"},{"type":"single","resource":"modelengine:176caf19-a5a0-484f-8273-b056fe95aa81"},{"type":"single","resource":"modelengine:176caf19-a5a0-484f-8273-b056fe95aa81"},{"type":"single","resource":"modelengine:10df4d30-94ac-4d35-b57c-9d68209ff38d"},{"type":"single","resource":"modelengine:10df4d30-94ac-4d35-b57c-9d68209ff38d"},{"type":"single","resource":"modelengine:10df4d30-94ac-4d35-b57c-9d68209ff38d"},{"type":"single","resource":"modelengine:10df4d30-94ac-4d35-b57c-9d68209ff38d"},{"type":"single","resource":"modelengine:10df4d30-94ac-4d35-b57c-9d68209ff38d"},{"type":"single","resource":"modelengine:10df4d30-94ac-4d35-b57c-9d68209ff38d"},{"type":"single","resource":"modelengine:10df4d30-94ac-4d35-b57c-9d68209ff38d"},{"type":"single","resource":"modelengine:10df4d30-94ac-4d35-b57c-9d68209ff38d"},{"type":"single","resource":"modelengine:10df4d30-94ac-4d35-b57c-9d68209ff38d"},{"type":"single","resource":"modelengine:10df4d30-94ac-4d35-b57c-9d68209ff38d"},{"type":"single","resource":"modelengine:10df4d30-94ac-4d35-b57c-9d68209ff38d"},{"type":"single","resource":"entity/illager/illusioner"},{"type":"single","resource":"entity/illager/vindicator"},{"type":"single","resource":"modelengine:8cf6dcd4-2b75-4a36-b9d0-d7269367dd4b"},{"type":"single","resource":"modelengine:8cf6dcd4-2b75-4a36-b9d0-d7269367dd4b"},{"type":"single","resource":"modelengine:8cf6dcd4-2b75-4a36-b9d0-d7269367dd4b"},{"type":"single","resource":"modelengine:8cf6dcd4-2b75-4a36-b9d0-d7269367dd4b"},{"type":"single","resource":"modelengine:8cf6dcd4-2b75-4a36-b9d0-d7269367dd4b"},{"type":"single","resource":"modelengine:8cf6dcd4-2b75-4a36-b9d0-d7269367dd4b"},{"type":"single","resource":"modelengine:8cf6dcd4-2b75-4a36-b9d0-d7269367dd4b"},{"type":"single","resource":"modelengine:8cf6dcd4-2b75-4a36-b9d0-d7269367dd4b"},{"type":"single","resource":"modelengine:8cf6dcd4-2b75-4a36-b9d0-d7269367dd4b"},{"type":"single","resource":"modelengine:8cf6dcd4-2b75-4a36-b9d0-d7269367dd4b"},{"type":"single","resource":"modelengine:8cf6dcd4-2b75-4a36-b9d0-d7269367dd4b"},{"type":"single","resource":"modelengine:200e63ae-2a80-4bbf-ba5b-6c989743e867"},{"type":"single","resource":"modelengine:200e63ae-2a80-4bbf-ba5b-6c989743e867"},{"type":"single","resource":"modelengine:200e63ae-2a80-4bbf-ba5b-6c989743e867"},{"type":"single","resource":"modelengine:200e63ae-2a80-4bbf-ba5b-6c989743e867"},{"type":"single","resource":"modelengine:200e63ae-2a80-4bbf-ba5b-6c989743e867"},{"type":"single","resource":"modelengine:200e63ae-2a80-4bbf-ba5b-6c989743e867"},{"type":"single","resource":"modelengine:200e63ae-2a80-4bbf-ba5b-6c989743e867"},{"type":"single","resource":"modelengine:200e63ae-2a80-4bbf-ba5b-6c989743e867"},{"type":"single","resource":"modelengine:200e63ae-2a80-4bbf-ba5b-6c989743e867"},{"type":"single","resource":"modelengine:200e63ae-2a80-4bbf-ba5b-6c989743e867"},{"type":"single","resource":"modelengine:200e63ae-2a80-4bbf-ba5b-6c989743e867"},{"type":"single","resource":"modelengine:81ac3003-de0d-403c-8bbe-5ac2d563e93e"},{"type":"single","resource":"modelengine:81ac3003-de0d-403c-8bbe-5ac2d563e93e"},{"type":"single","resource":"modelengine:81ac3003-de0d-403c-8bbe-5ac2d563e93e"},{"type":"single","resource":"modelengine:81ac3003-de0d-403c-8bbe-5ac2d563e93e"},{"type":"single","resource":"modelengine:81ac3003-de0d-403c-8bbe-5ac2d563e93e"},{"type":"single","resource":"modelengine:81ac3003-de0d-403c-8bbe-5ac2d563e93e"},{"type":"single","resource":"modelengine:81ac3003-de0d-403c-8bbe-5ac2d563e93e"},{"type":"single","resource":"modelengine:81ac3003-de0d-403c-8bbe-5ac2d563e93e"},{"type":"single","resource":"modelengine:81ac3003-de0d-403c-8bbe-5ac2d563e93e"},{"type":"single","resource":"modelengine:81ac3003-de0d-403c-8bbe-5ac2d563e93e"},{"type":"single","resource":"modelengine:81ac3003-de0d-403c-8bbe-5ac2d563e93e"},{"type":"single","resource":"modelengine:b9c2b82b-11b7-41df-92da-e18e72743abd"},{"type":"single","resource":"modelengine:b9c2b82b-11b7-41df-92da-e18e72743abd"},{"type":"single","resource":"modelengine:b9c2b82b-11b7-41df-92da-e18e72743abd"},{"type":"single","resource":"modelengine:b9c2b82b-11b7-41df-92da-e18e72743abd"},{"type":"single","resource":"modelengine:b9c2b82b-11b7-41df-92da-e18e72743abd"},{"type":"single","resource":"modelengine:b9c2b82b-11b7-41df-92da-e18e72743abd"},{"type":"single","resource":"modelengine:b9c2b82b-11b7-41df-92da-e18e72743abd"},{"type":"single","resource":"modelengine:b9c2b82b-11b7-41df-92da-e18e72743abd"},{"type":"single","resource":"modelengine:b9c2b82b-11b7-41df-92da-e18e72743abd"},{"type":"single","resource":"modelengine:f6b001e6-3d8f-452b-8fa5-87e8fb5db5ff"},{"type":"single","resource":"modelengine:f6b001e6-3d8f-452b-8fa5-87e8fb5db5ff"},{"type":"single","resource":"modelengine:f6b001e6-3d8f-452b-8fa5-87e8fb5db5ff"},{"type":"single","resource":"modelengine:f6b001e6-3d8f-452b-8fa5-87e8fb5db5ff"},{"type":"single","resource":"modelengine:f6b001e6-3d8f-452b-8fa5-87e8fb5db5ff"},{"type":"single","resource":"modelengine:f6b001e6-3d8f-452b-8fa5-87e8fb5db5ff"},{"type":"single","resource":"modelengine:f6b001e6-3d8f-452b-8fa5-87e8fb5db5ff"},{"type":"single","resource":"modelengine:d95eda91-c5ac-4e44-9aa1-08bc1a922830"},{"type":"single","resource":"modelengine:d95eda91-c5ac-4e44-9aa1-08bc1a922830"},{"type":"single","resource":"modelengine:d95eda91-c5ac-4e44-9aa1-08bc1a922830"},{"type":"single","resource":"modelengine:d95eda91-c5ac-4e44-9aa1-08bc1a922830"},{"type":"single","resource":"modelengine:d95eda91-c5ac-4e44-9aa1-08bc1a922830"},{"type":"single","resource":"modelengine:d95eda91-c5ac-4e44-9aa1-08bc1a922830"},{"type":"single","resource":"modelengine:d95eda91-c5ac-4e44-9aa1-08bc1a922830"},{"type":"single","resource":"modelengine:d95eda91-c5ac-4e44-9aa1-08bc1a922830"},{"type":"single","resource":"modelengine:d95eda91-c5ac-4e44-9aa1-08bc1a922830"},{"type":"single","resource":"modelengine:d95eda91-c5ac-4e44-9aa1-08bc1a922830"},{"type":"single","resource":"modelengine:d95eda91-c5ac-4e44-9aa1-08bc1a922830"},{"type":"single","resource":"modelengine:d95eda91-c5ac-4e44-9aa1-08bc1a922830"},{"type":"single","resource":"modelengine:d95eda91-c5ac-4e44-9aa1-08bc1a922830"},{"type":"single","resource":"modelengine:d95eda91-c5ac-4e44-9aa1-08bc1a922830"},{"type":"single","resource":"modelengine:d95eda91-c5ac-4e44-9aa1-08bc1a922830"},{"type":"single","resource":"modelengine:01e72249-5d9a-4d87-b12f-1010ea7bb876"},{"type":"single","resource":"modelengine:01e72249-5d9a-4d87-b12f-1010ea7bb876"},{"type":"single","resource":"modelengine:01e72249-5d9a-4d87-b12f-1010ea7bb876"},{"type":"single","resource":"modelengine:01e72249-5d9a-4d87-b12f-1010ea7bb876"},{"type":"single","resource":"modelengine:01e72249-5d9a-4d87-b12f-1010ea7bb876"},{"type":"single","resource":"modelengine:01e72249-5d9a-4d87-b12f-1010ea7bb876"},{"type":"single","resource":"modelengine:01e72249-5d9a-4d87-b12f-1010ea7bb876"},{"type":"single","resource":"modelengine:01e72249-5d9a-4d87-b12f-1010ea7bb876"},{"type":"single","resource":"modelengine:01e72249-5d9a-4d87-b12f-1010ea7bb876"},{"type":"single","resource":"modelengine:01e72249-5d9a-4d87-b12f-1010ea7bb876"},{"type":"single","resource":"modelengine:01e72249-5d9a-4d87-b12f-1010ea7bb876"},{"type":"single","resource":"modelengine:a8b75fae-fc4d-4f31-a50d-ec331b03844e"},{"type":"single","resource":"modelengine:a8b75fae-fc4d-4f31-a50d-ec331b03844e"},{"type":"single","resource":"modelengine:a8b75fae-fc4d-4f31-a50d-ec331b03844e"},{"type":"single","resource":"modelengine:a8b75fae-fc4d-4f31-a50d-ec331b03844e"},{"type":"single","resource":"modelengine:a8b75fae-fc4d-4f31-a50d-ec331b03844e"},{"type":"single","resource":"modelengine:a8b75fae-fc4d-4f31-a50d-ec331b03844e"},{"type":"single","resource":"modelengine:a8b75fae-fc4d-4f31-a50d-ec331b03844e"},{"type":"single","resource":"modelengine:a8b75fae-fc4d-4f31-a50d-ec331b03844e"},{"type":"single","resource":"modelengine:a8b75fae-fc4d-4f31-a50d-ec331b03844e"},{"type":"single","resource":"modelengine:a8b75fae-fc4d-4f31-a50d-ec331b03844e"},{"type":"single","resource":"modelengine:a8b75fae-fc4d-4f31-a50d-ec331b03844e"},{"type":"single","resource":"modelengine:45c112ee-dbef-42ed-b76c-adeaa6a84d67"},{"type":"single","resource":"modelengine:45c112ee-dbef-42ed-b76c-adeaa6a84d67"},{"type":"single","resource":"modelengine:45c112ee-dbef-42ed-b76c-adeaa6a84d67"},{"type":"single","resource":"modelengine:45c112ee-dbef-42ed-b76c-adeaa6a84d67"},{"type":"single","resource":"modelengine:45c112ee-dbef-42ed-b76c-adeaa6a84d67"},{"type":"single","resource":"modelengine:45c112ee-dbef-42ed-b76c-adeaa6a84d67"},{"type":"single","resource":"modelengine:45c112ee-dbef-42ed-b76c-adeaa6a84d67"},{"type":"single","resource":"modelengine:45c112ee-dbef-42ed-b76c-adeaa6a84d67"},{"type":"single","resource":"modelengine:45c112ee-dbef-42ed-b76c-adeaa6a84d67"},{"type":"single","resource":"modelengine:45c112ee-dbef-42ed-b76c-adeaa6a84d67"},{"type":"single","resource":"modelengine:45c112ee-dbef-42ed-b76c-adeaa6a84d67"},{"type":"single","resource":"modelengine:c0fc97df-ac46-4b9b-8deb-11918b87603e"},{"type":"single","resource":"modelengine:c0fc97df-ac46-4b9b-8deb-11918b87603e"},{"type":"single","resource":"modelengine:c0fc97df-ac46-4b9b-8deb-11918b87603e"},{"type":"single","resource":"modelengine:c0fc97df-ac46-4b9b-8deb-11918b87603e"},{"type":"single","resource":"modelengine:c0fc97df-ac46-4b9b-8deb-11918b87603e"},{"type":"single","resource":"modelengine:c0fc97df-ac46-4b9b-8deb-11918b87603e"},{"type":"single","resource":"modelengine:c0fc97df-ac46-4b9b-8deb-11918b87603e"},{"type":"single","resource":"modelengine:c0fc97df-ac46-4b9b-8deb-11918b87603e"},{"type":"single","resource":"modelengine:c0fc97df-ac46-4b9b-8deb-11918b87603e"},{"type":"single","resource":"modelengine:c0fc97df-ac46-4b9b-8deb-11918b87603e"},{"type":"single","resource":"modelengine:c0fc97df-ac46-4b9b-8deb-11918b87603e"},{"type":"single","resource":"entity/villager/profession/armorer"},{"type":"single","resource":"entity/villager/profession/butcher"},{"type":"single","resource":"entity/villager/profession/cartographer"},{"type":"single","resource":"entity/villager/profession/cleric"},{"type":"single","resource":"entity/villager/profession/farmer"},{"type":"single","resource":"entity/villager/profession/fisherman"},{"type":"single","resource":"entity/villager/profession/fletcher"},{"type":"single","resource":"entity/villager/profession/librarian"},{"type":"single","resource":"entity/villager/profession/shepherd"},{"type":"single","resource":"entity/villager/profession/weaponsmith"},{"type":"single","resource":"entity/villager/type/desert"},{"type":"single","resource":"entity/villager/type/desert"},{"type":"single","resource":"entity/villager/type/savanna"},{"type":"single","resource":"entity/villager/type/snow"},{"type":"single","resource":"entity/villager/type/swamp"},{"type":"single","resource":"23d33397-d8c1-47f5-ace1-a1b4b02083ae"},{"type":"single","resource":"23d33397-d8c1-47f5-ace1-a1b4b02083ae"},{"type":"single","resource":"39aace6c-6d4f-4b04-b96d-4e4999837355"},{"type":"single","resource":"38e529e2-1b61-4267-81b5-1a4124fcef01"},{"type":"single","resource":"38e529e2-1b61-4267-81b5-1a4124fcef01"},{"type":"single","resource":"38e529e2-1b61-4267-81b5-1a4124fcef01"},{"type":"single","resource":"item/book"},{"type":"single","resource":"item/bow"},{"type":"single","resource":"item/chainmail_boots"},{"type":"single","resource":"item/chainmail_chestplate"},{"type":"single","resource":"item/chainmail_helmet"},{"type":"single","resource":"item/chainmail_leggings"},{"type":"single","resource":"item/crossbow_standby"},{"type":"single","resource":"item/diamond_horse_armor"},{"type":"single","resource":"item/diamond_sword"},{"type":"single","resource":"item/elytra"},{"type":"single","resource":"item/fishing_rod"},{"type":"single","resource":"item/gold_nugget"},{"type":"single","resource":"item/golden_horse_armor"},{"type":"single","resource":"09c3fefa-bb24-440e-8877-a7c64c21f5ab"},{"type":"single","resource":"item/iron_sword"},{"type":"single","resource":"item/leather_boots"},{"type":"single","resource":"item/leather_boots_overlay"},{"type":"single","resource":"item/leather_chestplate"},{"type":"single","resource":"item/leather_chestplate_overlay"},{"type":"single","resource":"item/leather_helmet"},{"type":"single","resource":"item/leather_helmet_overlay"},{"type":"single","resource":"item/leather_horse_armor"},{"type":"single","resource":"item/leather_leggings"},{"type":"single","resource":"item/leather_leggings_overlay"},{"type":"single","resource":"99c52645-a9ad-4fd6-adc2-391772eaa152"},{"type":"single","resource":"item/netherite_axe"},{"type":"single","resource":"item/netherite_hoe"},{"type":"single","resource":"item/netherite_pickaxe"},{"type":"single","resource":"item/netherite_shovel"},{"type":"single","resource":"item/netherite_sword"},{"type":"single","resource":"nexo:7ce61ca8-358c-467f-87a1-31a7ca166a43"},{"type":"single","resource":"nexo:7ce61ca8-358c-467f-87a1-31a7ca166a43"},{"type":"single","resource":"nexo:6e39cd04-4352-48fa-b635-51d44ca346b3"},{"type":"single","resource":"nexo:6e39cd04-4352-48fa-b635-51d44ca346b3"},{"type":"single","resource":"nexo:3ef0157a-c61b-4017-b474-98500228d825"},{"type":"single","resource":"nexo:3ef0157a-c61b-4017-b474-98500228d825"},{"type":"single","resource":"nexo:bbf8531c-e922-4294-b900-aa48aaeea00e"},{"type":"single","resource":"nexo:a9ce2025-e2a5-4c0d-b3c6-ba6a4a129fb5"},{"type":"single","resource":"nexo:a9ce2025-e2a5-4c0d-b3c6-ba6a4a129fb5"},{"type":"single","resource":"nexo:4d39284b-ca95-468a-8d45-acefabeaa254"},{"type":"single","resource":"nexo:4d39284b-ca95-468a-8d45-acefabeaa254"},{"type":"single","resource":"nexo:43e08497-7afb-40f9-858c-e80acb059a7d"},{"type":"single","resource":"nexo:43e08497-7afb-40f9-858c-e80acb059a7d"},{"type":"single","resource":"nexo:09010c15-947b-434c-bd7a-e1b54c59d9ce"},{"type":"single","resource":"nexo:09010c15-947b-434c-bd7a-e1b54c59d9ce"},{"type":"single","resource":"nexo:712e50f6-150d-4244-9c1c-99c852fd06f5"},{"type":"single","resource":"nexo:7ceccde7-c1dd-48f6-9625-1d0d9ab4345c"},{"type":"single","resource":"nexo:4f3c7463-7243-4a4a-b4ef-c99a97f11d5f"},{"type":"single","resource":"nexo:e02488bd-de48-4b1c-97bb-8aa853d57cfc"},{"type":"single","resource":"nexo:6879c828-ee90-4de6-be3f-62cce9eeb56e"},{"type":"single","resource":"nexo:6879c828-ee90-4de6-be3f-62cce9eeb56e"},{"type":"single","resource":"nexo:c5229ad2-3188-4d88-80f2-4a5c7e5aab07"},{"type":"single","resource":"nexo:c5229ad2-3188-4d88-80f2-4a5c7e5aab07"},{"type":"single","resource":"nexo:ec5d104f-dec0-4a6d-be4d-2086cc971aee"},{"type":"single","resource":"nexo:3a6bc2f0-cc0c-41e1-8251-90b8dcd5f7d8"},{"type":"single","resource":"nexo:540a41b4-7dfd-47b2-abc6-4efa23b32cb5"},{"type":"single","resource":"nexo:540a41b4-7dfd-47b2-abc6-4efa23b32cb5"},{"type":"single","resource":"nexo:abe5fbc3-edc7-4153-a8c6-2702cff586f5"},{"type":"single","resource":"nexo:abe5fbc3-edc7-4153-a8c6-2702cff586f5"},{"type":"single","resource":"nexo:abe5fbc3-edc7-4153-a8c6-2702cff586f5"},{"type":"single","resource":"nexo:5f668158-3b39-49af-b462-c2b0895bc52d"},{"type":"single","resource":"nexo:b67bdc68-7c79-4d4c-b0ad-789f012e8b6e"},{"type":"single","resource":"nexo:307a114e-4bef-4259-b3b9-7f3eddf62128"},{"type":"single","resource":"nexo:48498853-fe46-4d2c-996e-0a6df9f8925a"},{"type":"single","resource":"nexo:f081220e-e66b-46c1-8c4c-c2ab7bb3ac3c"},{"type":"single","resource":"nexo:d5bf1371-66f3-455e-a669-89394fc89bbd"},{"type":"single","resource":"nexo:5ec7404c-354c-4430-88ed-2927d06dd7e9"},{"type":"single","resource":"nexo:5ec7404c-354c-4430-88ed-2927d06dd7e9"},{"type":"single","resource":"nexo:a01a3726-2430-45ea-a7dd-e152b7dbf939"},{"type":"single","resource":"nexo:110b8b50-1d19-4788-b555-a226dcc227dd"},{"type":"single","resource":"nexo:27d10635-13a1-4491-b5b5-8279ee5cf86d"},{"type":"single","resource":"nexo:b2e64717-5877-415e-9f51-b8067e3df058"},{"type":"single","resource":"nexo:b2e64717-5877-415e-9f51-b8067e3df058"},{"type":"single","resource":"nexo:24b8438f-e412-4fd3-8879-0cd06d3071df"},{"type":"single","resource":"nexo:24b8438f-e412-4fd3-8879-0cd06d3071df"},{"type":"single","resource":"nexo:8895375f-29e9-4005-a54e-9c150ad3e909"},{"type":"single","resource":"nexo:8895375f-29e9-4005-a54e-9c150ad3e909"},{"type":"single","resource":"nexo:4fe28f56-b522-46bc-8d15-af832213b4cb"},{"type":"single","resource":"nexo:e3282ecd-c466-4ed2-9635-d54148491128"},{"type":"single","resource":"nexo:23e77af1-112a-4e49-bf91-da3bd1acc0ec"},{"type":"single","resource":"nexo:23e77af1-112a-4e49-bf91-da3bd1acc0ec"},{"type":"single","resource":"nexo:1a9e2b29-85c0-42e1-a7ec-5adfb7b45752"},{"type":"single","resource":"nexo:6e2bf883-0691-4553-888b-ef00f667a901"},{"type":"single","resource":"nexo:3e261f60-73b8-4fee-9757-fb9e74476746"},{"type":"single","resource":"nexo:3e261f60-73b8-4fee-9757-fb9e74476746"},{"type":"single","resource":"item/paper"},{"type":"single","resource":"item/potion"},{"type":"single","resource":"item/potion_overlay"},{"type":"single","resource":"922159f8-1442-4887-9cef-07a4ea85f0c7"},{"type":"single","resource":"item/trident"},{"type":"single","resource":"item/wolf_armor"},{"type":"single","resource":"item/wolf_armor_overlay"},{"type":"single","resource":"5c6285ea-0a45-4ebe-8e68-9e6b10d1e57d"},{"type":"single","resource":"5c6285ea-0a45-4ebe-8e68-9e6b10d1e57d"},{"type":"single","resource":"f989714f-37c9-435b-89c9-a6964fafb6ab"},{"type":"single","resource":"f989714f-37c9-435b-89c9-a6964fafb6ab"},{"type":"single","resource":"f989714f-37c9-435b-89c9-a6964fafb6ab"},{"type":"single","resource":"f989714f-37c9-435b-89c9-a6964fafb6ab"},{"type":"single","resource":"f989714f-37c9-435b-89c9-a6964fafb6ab"},{"type":"single","resource":"f989714f-37c9-435b-89c9-a6964fafb6ab"},{"type":"single","resource":"f989714f-37c9-435b-89c9-a6964fafb6ab"},{"type":"single","resource":"f989714f-37c9-435b-89c9-a6964fafb6ab"},{"type":"single","resource":"94898ce4-df98-4d16-94ae-569633e787d6"},{"type":"single","resource":"4f3a0845-d25a-4070-84a3-af9dbd4184fb"},{"type":"single","resource":"4f3a0845-d25a-4070-84a3-af9dbd4184fb"},{"type":"single","resource":"b336de66-d28e-4ffe-9cfd-59a32ab676ba"},{"type":"single","resource":"92a53245-9399-4380-9ec4-8c0e169eb4b0"},{"type":"single","resource":"92a53245-9399-4380-9ec4-8c0e169eb4b0"},{"type":"single","resource":"200eb671-6c89-4ab3-916c-ed424df80412"},{"type":"single","resource":"200eb671-6c89-4ab3-916c-ed424df80412"},{"type":"single","resource":"200eb671-6c89-4ab3-916c-ed424df80412"},{"type":"single","resource":"200eb671-6c89-4ab3-916c-ed424df80412"},{"type":"single","resource":"200eb671-6c89-4ab3-916c-ed424df80412"},{"type":"single","resource":"200eb671-6c89-4ab3-916c-ed424df80412"},{"type":"single","resource":"200eb671-6c89-4ab3-916c-ed424df80412"},{"type":"single","resource":"200eb671-6c89-4ab3-916c-ed424df80412"},{"type":"single","resource":"200eb671-6c89-4ab3-916c-ed424df80412"},{"type":"single","resource":"200eb671-6c89-4ab3-916c-ed424df80412"},{"type":"single","resource":"200eb671-6c89-4ab3-916c-ed424df80412"},{"type":"single","resource":"200eb671-6c89-4ab3-916c-ed424df80412"},{"type":"single","resource":"200eb671-6c89-4ab3-916c-ed424df80412"},{"type":"single","resource":"200eb671-6c89-4ab3-916c-ed424df80412"},{"type":"single","resource":"200eb671-6c89-4ab3-916c-ed424df80412"},{"type":"single","resource":"200eb671-6c89-4ab3-916c-ed424df80412"},{"type":"single","resource":"200eb671-6c89-4ab3-916c-ed424df80412"},{"type":"single","resource":"200eb671-6c89-4ab3-916c-ed424df80412"},{"type":"single","resource":"200eb671-6c89-4ab3-916c-ed424df80412"},{"type":"single","resource":"200eb671-6c89-4ab3-916c-ed424df80412"},{"type":"single","resource":"200eb671-6c89-4ab3-916c-ed424df80412"},{"type":"single","resource":"200eb671-6c89-4ab3-916c-ed424df80412"},{"type":"single","resource":"200eb671-6c89-4ab3-916c-ed424df80412"},{"type":"single","resource":"200eb671-6c89-4ab3-916c-ed424df80412"},{"type":"single","resource":"200eb671-6c89-4ab3-916c-ed424df80412"},{"type":"single","resource":"200eb671-6c89-4ab3-916c-ed424df80412"},{"type":"single","resource":"200eb671-6c89-4ab3-916c-ed424df80412"},{"type":"single","resource":"200eb671-6c89-4ab3-916c-ed424df80412"},{"type":"single","resource":"200eb671-6c89-4ab3-916c-ed424df80412"},{"type":"single","resource":"5e69029f-d052-4f4a-87a1-90440dd4e275"},{"type":"single","resource":"5e69029f-d052-4f4a-87a1-90440dd4e275"},{"type":"single","resource":"5e69029f-d052-4f4a-87a1-90440dd4e275"},{"type":"single","resource":"5e69029f-d052-4f4a-87a1-90440dd4e275"},{"type":"single","resource":"5e69029f-d052-4f4a-87a1-90440dd4e275"},{"type":"single","resource":"5e69029f-d052-4f4a-87a1-90440dd4e275"},{"type":"single","resource":"5e69029f-d052-4f4a-87a1-90440dd4e275"},{"type":"single","resource":"5e69029f-d052-4f4a-87a1-90440dd4e275"},{"type":"single","resource":"5e69029f-d052-4f4a-87a1-90440dd4e275"},{"type":"single","resource":"5e69029f-d052-4f4a-87a1-90440dd4e275"},{"type":"single","resource":"5e69029f-d052-4f4a-87a1-90440dd4e275"},{"type":"single","resource":"5e69029f-d052-4f4a-87a1-90440dd4e275"},{"type":"single","resource":"5e69029f-d052-4f4a-87a1-90440dd4e275"},{"type":"single","resource":"5e69029f-d052-4f4a-87a1-90440dd4e275"},{"type":"single","resource":"5e69029f-d052-4f4a-87a1-90440dd4e275"},{"type":"single","resource":"5e69029f-d052-4f4a-87a1-90440dd4e275"},{"type":"single","resource":"5e69029f-d052-4f4a-87a1-90440dd4e275"},{"type":"single","resource":"5e69029f-d052-4f4a-87a1-90440dd4e275"},{"type":"single","resource":"5e69029f-d052-4f4a-87a1-90440dd4e275"},{"type":"single","resource":"5e69029f-d052-4f4a-87a1-90440dd4e275"},{"type":"single","resource":"5e69029f-d052-4f4a-87a1-90440dd4e275"},{"type":"single","resource":"5e69029f-d052-4f4a-87a1-90440dd4e275"},{"type":"single","resource":"5e69029f-d052-4f4a-87a1-90440dd4e275"},{"type":"single","resource":"5e69029f-d052-4f4a-87a1-90440dd4e275"},{"type":"single","resource":"5e69029f-d052-4f4a-87a1-90440dd4e275"},{"type":"single","resource":"5e69029f-d052-4f4a-87a1-90440dd4e275"},{"type":"single","resource":"5e69029f-d052-4f4a-87a1-90440dd4e275"},{"type":"single","resource":"5e69029f-d052-4f4a-87a1-90440dd4e275"},{"type":"single","resource":"719a97d0-7768-49e5-a313-58eb35b8b69a"},{"type":"single","resource":"51b76e9e-20d5-4aa0-baa0-d21a7a8e111f"},{"type":"single","resource":"51b76e9e-20d5-4aa0-baa0-d21a7a8e111f"},{"type":"single","resource":"51b76e9e-20d5-4aa0-baa0-d21a7a8e111f"},{"type":"single","resource":"51b76e9e-20d5-4aa0-baa0-d21a7a8e111f"},{"type":"single","resource":"6ea273f2-55a7-4652-b665-981fa1098d43"},{"type":"single","resource":"6ea273f2-55a7-4652-b665-981fa1098d43"},{"type":"single","resource":"9b88b76f-ac48-4c84-8daa-62a57a393be1"},{"type":"single","resource":"9b88b76f-ac48-4c84-8daa-62a57a393be1"},{"type":"single","resource":"910b4e94-5041-4f55-8437-2eb2d3154925"},{"type":"single","resource":"910b4e94-5041-4f55-8437-2eb2d3154925"},{"type":"single","resource":"910b4e94-5041-4f55-8437-2eb2d3154925"},{"type":"single","resource":"910b4e94-5041-4f55-8437-2eb2d3154925"},{"type":"single","resource":"cee7a5d2-649b-44b6-b253-3e2819055099"},{"type":"single","resource":"cee7a5d2-649b-44b6-b253-3e2819055099"},{"type":"single","resource":"73f644dc-a6c2-4f29-9569-0449caddde72"},{"type":"single","resource":"1271bfbb-dabd-4f4d-8762-65f6d84a513b"},{"type":"single","resource":"1271bfbb-dabd-4f4d-8762-65f6d84a513b"},{"type":"single","resource":"8a2aa80b-1ddd-411f-b1bd-57424a69e38d"},{"type":"single","resource":"4184186a-dbcb-4f3a-a06b-788d222a7788"},{"type":"single","resource":"44759edb-3e59-4a38-b3d9-643944c03ab5"},{"type":"single","resource":"44759edb-3e59-4a38-b3d9-643944c03ab5"},{"type":"single","resource":"ee824744-ba5a-4fa7-9595-ca4048b57ead"},{"type":"single","resource":"8b9c846c-054a-4a83-af2c-e7682fb03b65"},{"type":"single","resource":"462405bd-66d9-4984-b716-3879c13e6d0e"},{"type":"single","resource":"462405bd-66d9-4984-b716-3879c13e6d0e"},{"type":"single","resource":"8d224e05-ca48-489c-bbcc-d2ba930003b2"},{"type":"single","resource":"8d224e05-ca48-489c-bbcc-d2ba930003b2"},{"type":"single","resource":"8d224e05-ca48-489c-bbcc-d2ba930003b2"},{"type":"single","resource":"226894ae-5e2a-4a0c-819e-2622c1c5d1f4"},{"type":"single","resource":"226894ae-5e2a-4a0c-819e-2622c1c5d1f4"},{"type":"single","resource":"226894ae-5e2a-4a0c-819e-2622c1c5d1f4"},{"type":"single","resource":"692a0cbf-7e02-40f3-a1ef-7445ff45bc80"},{"type":"single","resource":"692a0cbf-7e02-40f3-a1ef-7445ff45bc80"},{"type":"single","resource":"692a0cbf-7e02-40f3-a1ef-7445ff45bc80"},{"type":"single","resource":"692a0cbf-7e02-40f3-a1ef-7445ff45bc80"},{"type":"single","resource":"5af0c7ce-ef51-4a94-a980-32f503a5756f"},{"type":"single","resource":"5af0c7ce-ef51-4a94-a980-32f503a5756f"},{"type":"single","resource":"5af0c7ce-ef51-4a94-a980-32f503a5756f"},{"type":"single","resource":"4778f92a-303f-4145-aa58-a1ca5d06579e"},{"type":"single","resource":"4778f92a-303f-4145-aa58-a1ca5d06579e"},{"type":"single","resource":"8d483a25-f244-47d8-b255-c75ac12f72cf"},{"type":"single","resource":"8d483a25-f244-47d8-b255-c75ac12f72cf"},{"type":"single","resource":"9a076dd4-5dfe-4503-be19-0b3b938427fc"},{"type":"single","resource":"9a076dd4-5dfe-4503-be19-0b3b938427fc"},{"type":"single","resource":"7931f1d7-e684-4a6c-87a0-9921082dfc3f"},{"type":"single","resource":"83c5fc8d-5493-4057-9bc6-48a255596d40"},{"type":"single","resource":"c92a9b33-cfc2-480b-8e13-ec316ca91d5f"},{"type":"single","resource":"9cb6ea26-760a-489d-a322-d9aebca45f1c"},{"type":"single","resource":"9cb6ea26-760a-489d-a322-d9aebca45f1c"},{"type":"single","resource":"9cb6ea26-760a-489d-a322-d9aebca45f1c"},{"type":"single","resource":"5ff4f845-0ad4-41da-b4e6-e0428e1f312e"},{"type":"single","resource":"5ff4f845-0ad4-41da-b4e6-e0428e1f312e"},{"type":"single","resource":"9582b74b-5d22-4eb3-93ef-177eb67fb64b"},{"type":"single","resource":"9582b74b-5d22-4eb3-93ef-177eb67fb64b"},{"type":"single","resource":"765e8dc4-1e6a-450a-a950-8fa8eff2faa1"},{"type":"single","resource":"765e8dc4-1e6a-450a-a950-8fa8eff2faa1"},{"type":"single","resource":"561ab51b-0028-43ff-b712-726c28b175c3"},{"type":"single","resource":"e0d70f7b-69d2-41ac-b1f7-97030d13bb4f"},{"type":"single","resource":"4a72d476-a403-4deb-9fb1-546d518629d4"},{"type":"single","resource":"e8e10b0b-ed4d-410d-874a-5a811f4abf62"},{"type":"single","resource":"e8e10b0b-ed4d-410d-874a-5a811f4abf62"},{"type":"single","resource":"9840a20b-ceb1-4495-8d81-c9aadad12d04"},{"type":"single","resource":"b25c998b-4f6a-4538-984d-e35196f08767"},{"type":"single","resource":"83579309-3fe8-43ae-b9c2-aac454dcb0f9"},{"type":"single","resource":"83579309-3fe8-43ae-b9c2-aac454dcb0f9"},{"type":"single","resource":"1a46d043-35c2-435c-a166-37ad24fd228e"},{"type":"single","resource":"1a46d043-35c2-435c-a166-37ad24fd228e"},{"type":"single","resource":"4f9dddd9-7eed-4ee7-aa6d-090ea0338109"},{"type":"single","resource":"255bd1d3-ff8c-4f4e-8077-d311f8298142"},{"type":"single","resource":"255bd1d3-ff8c-4f4e-8077-d311f8298142"},{"type":"single","resource":"873a3182-d1ac-49bc-ba2f-f3d6b3b217d8"},{"type":"single","resource":"873a3182-d1ac-49bc-ba2f-f3d6b3b217d8"},{"type":"single","resource":"65364658-6a92-4041-a7f6-cc538e4b9aa5"},{"type":"single","resource":"65364658-6a92-4041-a7f6-cc538e4b9aa5"},{"type":"single","resource":"43ba4f6c-b7b6-41f5-8133-5151afbd6905"},{"type":"single","resource":"43ba4f6c-b7b6-41f5-8133-5151afbd6905"},{"type":"single","resource":"43ba4f6c-b7b6-41f5-8133-5151afbd6905"},{"type":"single","resource":"8d2ea1d3-b5c0-4208-864a-58c1ead44e80"},{"type":"single","resource":"8d2ea1d3-b5c0-4208-864a-58c1ead44e80"},{"type":"single","resource":"8d2ea1d3-b5c0-4208-864a-58c1ead44e80"},{"type":"single","resource":"094b15f1-abf9-4859-8fa6-dc65e1d5870e"},{"type":"single","resource":"094b15f1-abf9-4859-8fa6-dc65e1d5870e"},{"type":"single","resource":"094b15f1-abf9-4859-8fa6-dc65e1d5870e"},{"type":"single","resource":"44ad374c-151d-440b-924f-bcf86914c2b1"},{"type":"single","resource":"44ad374c-151d-440b-924f-bcf86914c2b1"},{"type":"single","resource":"44ad374c-151d-440b-924f-bcf86914c2b1"},{"type":"single","resource":"44ad374c-151d-440b-924f-bcf86914c2b1"},{"type":"single","resource":"44ad374c-151d-440b-924f-bcf86914c2b1"},{"type":"single","resource":"44ad374c-151d-440b-924f-bcf86914c2b1"},{"type":"single","resource":"1da19cc6-b203-4b19-9078-b82fac73c96c"},{"type":"single","resource":"e35b152d-0d35-4e53-82a7-03ac2b192ca7"},{"type":"single","resource":"08ef5e5f-dfaa-414c-a1b0-13cdda7e9ebd"},{"type":"single","resource":"08ef5e5f-dfaa-414c-a1b0-13cdda7e9ebd"},{"type":"single","resource":"08ef5e5f-dfaa-414c-a1b0-13cdda7e9ebd"},{"type":"single","resource":"08ef5e5f-dfaa-414c-a1b0-13cdda7e9ebd"},{"type":"single","resource":"08ef5e5f-dfaa-414c-a1b0-13cdda7e9ebd"},{"type":"single","resource":"08ef5e5f-dfaa-414c-a1b0-13cdda7e9ebd"},{"type":"single","resource":"08ef5e5f-dfaa-414c-a1b0-13cdda7e9ebd"},{"type":"single","resource":"08ef5e5f-dfaa-414c-a1b0-13cdda7e9ebd"},{"type":"single","resource":"08ef5e5f-dfaa-414c-a1b0-13cdda7e9ebd"},{"type":"single","resource":"08ef5e5f-dfaa-414c-a1b0-13cdda7e9ebd"},{"type":"single","resource":"08ef5e5f-dfaa-414c-a1b0-13cdda7e9ebd"},{"type":"single","resource":"08ef5e5f-dfaa-414c-a1b0-13cdda7e9ebd"},{"type":"single","resource":"08ef5e5f-dfaa-414c-a1b0-13cdda7e9ebd"},{"type":"single","resource":"08ef5e5f-dfaa-414c-a1b0-13cdda7e9ebd"},{"type":"single","resource":"08ef5e5f-dfaa-414c-a1b0-13cdda7e9ebd"},{"type":"single","resource":"08ef5e5f-dfaa-414c-a1b0-13cdda7e9ebd"},{"type":"single","resource":"08ef5e5f-dfaa-414c-a1b0-13cdda7e9ebd"},{"type":"single","resource":"08ef5e5f-dfaa-414c-a1b0-13cdda7e9ebd"},{"type":"single","resource":"08ef5e5f-dfaa-414c-a1b0-13cdda7e9ebd"},{"type":"single","resource":"08ef5e5f-dfaa-414c-a1b0-13cdda7e9ebd"},{"type":"single","resource":"08ef5e5f-dfaa-414c-a1b0-13cdda7e9ebd"},{"type":"single","resource":"08ef5e5f-dfaa-414c-a1b0-13cdda7e9ebd"},{"type":"single","resource":"08ef5e5f-dfaa-414c-a1b0-13cdda7e9ebd"},{"type":"single","resource":"08ef5e5f-dfaa-414c-a1b0-13cdda7e9ebd"},{"type":"single","resource":"08ef5e5f-dfaa-414c-a1b0-13cdda7e9ebd"},{"type":"single","resource":"08ef5e5f-dfaa-414c-a1b0-13cdda7e9ebd"},{"type":"single","resource":"08ef5e5f-dfaa-414c-a1b0-13cdda7e9ebd"},{"type":"single","resource":"08ef5e5f-dfaa-414c-a1b0-13cdda7e9ebd"},{"type":"single","resource":"08ef5e5f-dfaa-414c-a1b0-13cdda7e9ebd"},{"type":"single","resource":"08ef5e5f-dfaa-414c-a1b0-13cdda7e9ebd"},{"type":"single","resource":"08ef5e5f-dfaa-414c-a1b0-13cdda7e9ebd"},{"type":"single","resource":"08ef5e5f-dfaa-414c-a1b0-13cdda7e9ebd"},{"type":"single","resource":"08ef5e5f-dfaa-414c-a1b0-13cdda7e9ebd"},{"type":"single","resource":"08ef5e5f-dfaa-414c-a1b0-13cdda7e9ebd"},{"type":"single","resource":"08ef5e5f-dfaa-414c-a1b0-13cdda7e9ebd"},{"type":"single","resource":"08ef5e5f-dfaa-414c-a1b0-13cdda7e9ebd"},{"type":"single","resource":"08ef5e5f-dfaa-414c-a1b0-13cdda7e9ebd"},{"type":"single","resource":"08ef5e5f-dfaa-414c-a1b0-13cdda7e9ebd"},{"type":"single","resource":"27a12e64-8233-466b-a11a-6eb36df5fd91"},{"type":"single","resource":"27a12e64-8233-466b-a11a-6eb36df5fd91"},{"type":"single","resource":"27a12e64-8233-466b-a11a-6eb36df5fd91"},{"type":"single","resource":"27a12e64-8233-466b-a11a-6eb36df5fd91"},{"type":"single","resource":"27a12e64-8233-466b-a11a-6eb36df5fd91"},{"type":"single","resource":"27a12e64-8233-466b-a11a-6eb36df5fd91"},{"type":"single","resource":"27a12e64-8233-466b-a11a-6eb36df5fd91"},{"type":"single","resource":"27a12e64-8233-466b-a11a-6eb36df5fd91"},{"type":"single","resource":"27a12e64-8233-466b-a11a-6eb36df5fd91"},{"type":"single","resource":"27a12e64-8233-466b-a11a-6eb36df5fd91"},{"type":"single","resource":"27a12e64-8233-466b-a11a-6eb36df5fd91"},{"type":"single","resource":"27a12e64-8233-466b-a11a-6eb36df5fd91"},{"type":"single","resource":"27a12e64-8233-466b-a11a-6eb36df5fd91"},{"type":"single","resource":"27a12e64-8233-466b-a11a-6eb36df5fd91"},{"type":"single","resource":"27a12e64-8233-466b-a11a-6eb36df5fd91"},{"type":"single","resource":"27a12e64-8233-466b-a11a-6eb36df5fd91"},{"type":"single","resource":"27a12e64-8233-466b-a11a-6eb36df5fd91"},{"type":"single","resource":"27a12e64-8233-466b-a11a-6eb36df5fd91"},{"type":"single","resource":"27a12e64-8233-466b-a11a-6eb36df5fd91"},{"type":"single","resource":"27a12e64-8233-466b-a11a-6eb36df5fd91"},{"type":"single","resource":"27a12e64-8233-466b-a11a-6eb36df5fd91"},{"type":"single","resource":"27a12e64-8233-466b-a11a-6eb36df5fd91"},{"type":"single","resource":"27a12e64-8233-466b-a11a-6eb36df5fd91"},{"type":"single","resource":"27a12e64-8233-466b-a11a-6eb36df5fd91"},{"type":"single","resource":"27a12e64-8233-466b-a11a-6eb36df5fd91"},{"type":"single","resource":"27a12e64-8233-466b-a11a-6eb36df5fd91"},{"type":"single","resource":"27a12e64-8233-466b-a11a-6eb36df5fd91"},{"type":"single","resource":"27a12e64-8233-466b-a11a-6eb36df5fd91"},{"type":"single","resource":"a7cf8fc1-a91f-4c52-a65c-893219eb4a16"},{"type":"single","resource":"a7cf8fc1-a91f-4c52-a65c-893219eb4a16"},{"type":"single","resource":"a7cf8fc1-a91f-4c52-a65c-893219eb4a16"},{"type":"single","resource":"a7cf8fc1-a91f-4c52-a65c-893219eb4a16"},{"type":"single","resource":"a7cf8fc1-a91f-4c52-a65c-893219eb4a16"},{"type":"single","resource":"a7cf8fc1-a91f-4c52-a65c-893219eb4a16"},{"type":"single","resource":"b01fe642-c570-4495-8fbe-87fbde2ccb2f"},{"type":"single","resource":"b01fe642-c570-4495-8fbe-87fbde2ccb2f"},{"type":"single","resource":"b01fe642-c570-4495-8fbe-87fbde2ccb2f"},{"type":"single","resource":"b01fe642-c570-4495-8fbe-87fbde2ccb2f"},{"type":"single","resource":"b01fe642-c570-4495-8fbe-87fbde2ccb2f"},{"type":"single","resource":"b01fe642-c570-4495-8fbe-87fbde2ccb2f"},{"type":"single","resource":"b01fe642-c570-4495-8fbe-87fbde2ccb2f"},{"type":"single","resource":"b01fe642-c570-4495-8fbe-87fbde2ccb2f"},{"type":"single","resource":"b01fe642-c570-4495-8fbe-87fbde2ccb2f"},{"type":"single","resource":"b01fe642-c570-4495-8fbe-87fbde2ccb2f"},{"type":"single","resource":"b01fe642-c570-4495-8fbe-87fbde2ccb2f"},{"type":"single","resource":"b01fe642-c570-4495-8fbe-87fbde2ccb2f"},{"type":"single","resource":"b01fe642-c570-4495-8fbe-87fbde2ccb2f"},{"type":"single","resource":"b01fe642-c570-4495-8fbe-87fbde2ccb2f"},{"type":"single","resource":"b01fe642-c570-4495-8fbe-87fbde2ccb2f"},{"type":"single","resource":"b01fe642-c570-4495-8fbe-87fbde2ccb2f"},{"type":"single","resource":"b01fe642-c570-4495-8fbe-87fbde2ccb2f"},{"type":"single","resource":"b01fe642-c570-4495-8fbe-87fbde2ccb2f"},{"type":"single","resource":"b01fe642-c570-4495-8fbe-87fbde2ccb2f"},{"type":"single","resource":"b01fe642-c570-4495-8fbe-87fbde2ccb2f"},{"type":"single","resource":"b01fe642-c570-4495-8fbe-87fbde2ccb2f"},{"type":"single","resource":"b01fe642-c570-4495-8fbe-87fbde2ccb2f"},{"type":"single","resource":"b01fe642-c570-4495-8fbe-87fbde2ccb2f"},{"type":"single","resource":"b01fe642-c570-4495-8fbe-87fbde2ccb2f"},{"type":"single","resource":"b01fe642-c570-4495-8fbe-87fbde2ccb2f"},{"type":"single","resource":"b01fe642-c570-4495-8fbe-87fbde2ccb2f"},{"type":"single","resource":"b01fe642-c570-4495-8fbe-87fbde2ccb2f"},{"type":"single","resource":"b01fe642-c570-4495-8fbe-87fbde2ccb2f"},{"type":"single","resource":"6ad5428a-92df-4c41-8418-d017d49e905c"},{"type":"single","resource":"6ad5428a-92df-4c41-8418-d017d49e905c"},{"type":"single","resource":"6ad5428a-92df-4c41-8418-d017d49e905c"},{"type":"single","resource":"6ad5428a-92df-4c41-8418-d017d49e905c"},{"type":"single","resource":"6ad5428a-92df-4c41-8418-d017d49e905c"},{"type":"single","resource":"6ad5428a-92df-4c41-8418-d017d49e905c"},{"type":"single","resource":"6ad5428a-92df-4c41-8418-d017d49e905c"},{"type":"single","resource":"6ad5428a-92df-4c41-8418-d017d49e905c"},{"type":"single","resource":"6ad5428a-92df-4c41-8418-d017d49e905c"},{"type":"single","resource":"6ad5428a-92df-4c41-8418-d017d49e905c"},{"type":"single","resource":"6ad5428a-92df-4c41-8418-d017d49e905c"},{"type":"single","resource":"6ad5428a-92df-4c41-8418-d017d49e905c"},{"type":"single","resource":"6ad5428a-92df-4c41-8418-d017d49e905c"},{"type":"single","resource":"6ad5428a-92df-4c41-8418-d017d49e905c"},{"type":"single","resource":"6ad5428a-92df-4c41-8418-d017d49e905c"},{"type":"single","resource":"6ad5428a-92df-4c41-8418-d017d49e905c"},{"type":"single","resource":"6ad5428a-92df-4c41-8418-d017d49e905c"},{"type":"single","resource":"6ad5428a-92df-4c41-8418-d017d49e905c"},{"type":"single","resource":"6ad5428a-92df-4c41-8418-d017d49e905c"},{"type":"single","resource":"6ad5428a-92df-4c41-8418-d017d49e905c"},{"type":"single","resource":"6ad5428a-92df-4c41-8418-d017d49e905c"},{"type":"single","resource":"6ad5428a-92df-4c41-8418-d017d49e905c"},{"type":"single","resource":"6ad5428a-92df-4c41-8418-d017d49e905c"},{"type":"single","resource":"6ad5428a-92df-4c41-8418-d017d49e905c"},{"type":"single","resource":"6ad5428a-92df-4c41-8418-d017d49e905c"},{"type":"single","resource":"6ad5428a-92df-4c41-8418-d017d49e905c"},{"type":"single","resource":"6ad5428a-92df-4c41-8418-d017d49e905c"},{"type":"single","resource":"6ad5428a-92df-4c41-8418-d017d49e905c"},{"type":"single","resource":"a2b27c4e-cdd5-4561-8a1c-29d2ca857e0c"},{"type":"single","resource":"a2b27c4e-cdd5-4561-8a1c-29d2ca857e0c"},{"type":"single","resource":"a2b27c4e-cdd5-4561-8a1c-29d2ca857e0c"},{"type":"single","resource":"a2b27c4e-cdd5-4561-8a1c-29d2ca857e0c"},{"type":"single","resource":"a2b27c4e-cdd5-4561-8a1c-29d2ca857e0c"},{"type":"single","resource":"a2b27c4e-cdd5-4561-8a1c-29d2ca857e0c"},{"type":"single","resource":"a2b27c4e-cdd5-4561-8a1c-29d2ca857e0c"},{"type":"single","resource":"a2b27c4e-cdd5-4561-8a1c-29d2ca857e0c"},{"type":"single","resource":"a2b27c4e-cdd5-4561-8a1c-29d2ca857e0c"},{"type":"single","resource":"a2b27c4e-cdd5-4561-8a1c-29d2ca857e0c"},{"type":"single","resource":"a2b27c4e-cdd5-4561-8a1c-29d2ca857e0c"},{"type":"single","resource":"a2b27c4e-cdd5-4561-8a1c-29d2ca857e0c"},{"type":"single","resource":"a2b27c4e-cdd5-4561-8a1c-29d2ca857e0c"},{"type":"single","resource":"a2b27c4e-cdd5-4561-8a1c-29d2ca857e0c"},{"type":"single","resource":"a2b27c4e-cdd5-4561-8a1c-29d2ca857e0c"},{"type":"single","resource":"a2b27c4e-cdd5-4561-8a1c-29d2ca857e0c"},{"type":"single","resource":"a2b27c4e-cdd5-4561-8a1c-29d2ca857e0c"},{"type":"single","resource":"a2b27c4e-cdd5-4561-8a1c-29d2ca857e0c"},{"type":"single","resource":"a2b27c4e-cdd5-4561-8a1c-29d2ca857e0c"},{"type":"single","resource":"a2b27c4e-cdd5-4561-8a1c-29d2ca857e0c"},{"type":"single","resource":"a2b27c4e-cdd5-4561-8a1c-29d2ca857e0c"},{"type":"single","resource":"a2b27c4e-cdd5-4561-8a1c-29d2ca857e0c"},{"type":"single","resource":"a2b27c4e-cdd5-4561-8a1c-29d2ca857e0c"},{"type":"single","resource":"a2b27c4e-cdd5-4561-8a1c-29d2ca857e0c"},{"type":"single","resource":"a2b27c4e-cdd5-4561-8a1c-29d2ca857e0c"},{"type":"single","resource":"a2b27c4e-cdd5-4561-8a1c-29d2ca857e0c"},{"type":"single","resource":"a2b27c4e-cdd5-4561-8a1c-29d2ca857e0c"},{"type":"single","resource":"a2b27c4e-cdd5-4561-8a1c-29d2ca857e0c"},{"type":"single","resource":"a2b27c4e-cdd5-4561-8a1c-29d2ca857e0c"},{"type":"single","resource":"01a61011-9f0f-45df-8a8d-0a58f3f551a7"},{"type":"single","resource":"01a61011-9f0f-45df-8a8d-0a58f3f551a7"},{"type":"single","resource":"01a61011-9f0f-45df-8a8d-0a58f3f551a7"},{"type":"single","resource":"01a61011-9f0f-45df-8a8d-0a58f3f551a7"},{"type":"single","resource":"01a61011-9f0f-45df-8a8d-0a58f3f551a7"},{"type":"single","resource":"013288c5-990d-4dbc-bb24-f6321ffdd00a"},{"type":"single","resource":"013288c5-990d-4dbc-bb24-f6321ffdd00a"},{"type":"single","resource":"013288c5-990d-4dbc-bb24-f6321ffdd00a"},{"type":"single","resource":"013288c5-990d-4dbc-bb24-f6321ffdd00a"},{"type":"single","resource":"013288c5-990d-4dbc-bb24-f6321ffdd00a"},{"type":"single","resource":"013288c5-990d-4dbc-bb24-f6321ffdd00a"},{"type":"single","resource":"013288c5-990d-4dbc-bb24-f6321ffdd00a"},{"type":"single","resource":"013288c5-990d-4dbc-bb24-f6321ffdd00a"},{"type":"single","resource":"013288c5-990d-4dbc-bb24-f6321ffdd00a"},{"type":"single","resource":"013288c5-990d-4dbc-bb24-f6321ffdd00a"},{"type":"single","resource":"013288c5-990d-4dbc-bb24-f6321ffdd00a"},{"type":"single","resource":"013288c5-990d-4dbc-bb24-f6321ffdd00a"},{"type":"single","resource":"013288c5-990d-4dbc-bb24-f6321ffdd00a"},{"type":"single","resource":"013288c5-990d-4dbc-bb24-f6321ffdd00a"},{"type":"single","resource":"013288c5-990d-4dbc-bb24-f6321ffdd00a"},{"type":"single","resource":"013288c5-990d-4dbc-bb24-f6321ffdd00a"},{"type":"single","resource":"013288c5-990d-4dbc-bb24-f6321ffdd00a"},{"type":"single","resource":"013288c5-990d-4dbc-bb24-f6321ffdd00a"},{"type":"single","resource":"013288c5-990d-4dbc-bb24-f6321ffdd00a"},{"type":"single","resource":"013288c5-990d-4dbc-bb24-f6321ffdd00a"},{"type":"single","resource":"013288c5-990d-4dbc-bb24-f6321ffdd00a"},{"type":"single","resource":"013288c5-990d-4dbc-bb24-f6321ffdd00a"},{"type":"single","resource":"013288c5-990d-4dbc-bb24-f6321ffdd00a"},{"type":"single","resource":"389e1c1b-2a4b-4a3c-bb68-e594ed1db2fd"},{"type":"single","resource":"389e1c1b-2a4b-4a3c-bb68-e594ed1db2fd"},{"type":"single","resource":"389e1c1b-2a4b-4a3c-bb68-e594ed1db2fd"},{"type":"single","resource":"47671dc2-2b43-447f-ab0b-5080c60f96d5"},{"type":"single","resource":"47671dc2-2b43-447f-ab0b-5080c60f96d5"},{"type":"single","resource":"47671dc2-2b43-447f-ab0b-5080c60f96d5"},{"type":"single","resource":"fe654123-e556-421d-881a-3fdf4ec545d0"},{"type":"single","resource":"fe654123-e556-421d-881a-3fdf4ec545d0"},{"type":"single","resource":"fe654123-e556-421d-881a-3fdf4ec545d0"},{"type":"single","resource":"d246fe6e-a1e6-42d6-bc9f-41e44ccbefeb"},{"type":"single","resource":"d246fe6e-a1e6-42d6-bc9f-41e44ccbefeb"},{"type":"single","resource":"d246fe6e-a1e6-42d6-bc9f-41e44ccbefeb"},{"type":"single","resource":"f30f2576-7759-40ef-9368-ad9f4abb6a00"},{"type":"single","resource":"0069eea7-7b19-468a-81df-ad06ee7d3311"},{"type":"single","resource":"ead31cfe-8803-4916-bf63-f2cb4f80dcf8"},{"type":"single","resource":"ead31cfe-8803-4916-bf63-f2cb4f80dcf8"},{"type":"single","resource":"ead31cfe-8803-4916-bf63-f2cb4f80dcf8"},{"type":"single","resource":"ead31cfe-8803-4916-bf63-f2cb4f80dcf8"},{"type":"single","resource":"ead31cfe-8803-4916-bf63-f2cb4f80dcf8"},{"type":"single","resource":"ead31cfe-8803-4916-bf63-f2cb4f80dcf8"},{"type":"single","resource":"ead31cfe-8803-4916-bf63-f2cb4f80dcf8"},{"type":"single","resource":"ead31cfe-8803-4916-bf63-f2cb4f80dcf8"},{"type":"single","resource":"ead31cfe-8803-4916-bf63-f2cb4f80dcf8"},{"type":"single","resource":"ead31cfe-8803-4916-bf63-f2cb4f80dcf8"},{"type":"single","resource":"e1f440a8-9689-4dc4-99ad-77fd2fe4be6a"},{"type":"single","resource":"e1f440a8-9689-4dc4-99ad-77fd2fe4be6a"},{"type":"single","resource":"e1f440a8-9689-4dc4-99ad-77fd2fe4be6a"},{"type":"single","resource":"e1f440a8-9689-4dc4-99ad-77fd2fe4be6a"},{"type":"single","resource":"e1f440a8-9689-4dc4-99ad-77fd2fe4be6a"},{"type":"single","resource":"e1f440a8-9689-4dc4-99ad-77fd2fe4be6a"},{"type":"single","resource":"e1f440a8-9689-4dc4-99ad-77fd2fe4be6a"},{"type":"single","resource":"e1f440a8-9689-4dc4-99ad-77fd2fe4be6a"},{"type":"single","resource":"e1f440a8-9689-4dc4-99ad-77fd2fe4be6a"},{"type":"single","resource":"e1f440a8-9689-4dc4-99ad-77fd2fe4be6a"},{"type":"single","resource":"e1f440a8-9689-4dc4-99ad-77fd2fe4be6a"},{"type":"single","resource":"e1f440a8-9689-4dc4-99ad-77fd2fe4be6a"},{"type":"single","resource":"e1f440a8-9689-4dc4-99ad-77fd2fe4be6a"},{"type":"single","resource":"e1f440a8-9689-4dc4-99ad-77fd2fe4be6a"},{"type":"single","resource":"e1f440a8-9689-4dc4-99ad-77fd2fe4be6a"},{"type":"single","resource":"e1f440a8-9689-4dc4-99ad-77fd2fe4be6a"},{"type":"single","resource":"e1f440a8-9689-4dc4-99ad-77fd2fe4be6a"},{"type":"single","resource":"e1f440a8-9689-4dc4-99ad-77fd2fe4be6a"},{"type":"single","resource":"e1f440a8-9689-4dc4-99ad-77fd2fe4be6a"},{"type":"single","resource":"e1f440a8-9689-4dc4-99ad-77fd2fe4be6a"},{"type":"single","resource":"e1f440a8-9689-4dc4-99ad-77fd2fe4be6a"},{"type":"single","resource":"e1f440a8-9689-4dc4-99ad-77fd2fe4be6a"},{"type":"single","resource":"e1f440a8-9689-4dc4-99ad-77fd2fe4be6a"},{"type":"single","resource":"bc2d6de5-d7e8-43e5-9f19-0f9f1c2eeaae"},{"type":"single","resource":"bc2d6de5-d7e8-43e5-9f19-0f9f1c2eeaae"},{"type":"single","resource":"bc2d6de5-d7e8-43e5-9f19-0f9f1c2eeaae"},{"type":"single","resource":"bc2d6de5-d7e8-43e5-9f19-0f9f1c2eeaae"},{"type":"single","resource":"bc2d6de5-d7e8-43e5-9f19-0f9f1c2eeaae"},{"type":"single","resource":"bc2d6de5-d7e8-43e5-9f19-0f9f1c2eeaae"},{"type":"single","resource":"bc2d6de5-d7e8-43e5-9f19-0f9f1c2eeaae"},{"type":"single","resource":"bc2d6de5-d7e8-43e5-9f19-0f9f1c2eeaae"},{"type":"single","resource":"bc2d6de5-d7e8-43e5-9f19-0f9f1c2eeaae"},{"type":"single","resource":"bc2d6de5-d7e8-43e5-9f19-0f9f1c2eeaae"},{"type":"single","resource":"bc2d6de5-d7e8-43e5-9f19-0f9f1c2eeaae"},{"type":"single","resource":"bc2d6de5-d7e8-43e5-9f19-0f9f1c2eeaae"},{"type":"single","resource":"bc2d6de5-d7e8-43e5-9f19-0f9f1c2eeaae"},{"type":"single","resource":"bc2d6de5-d7e8-43e5-9f19-0f9f1c2eeaae"},{"type":"single","resource":"bc2d6de5-d7e8-43e5-9f19-0f9f1c2eeaae"},{"type":"single","resource":"bc2d6de5-d7e8-43e5-9f19-0f9f1c2eeaae"},{"type":"single","resource":"bc2d6de5-d7e8-43e5-9f19-0f9f1c2eeaae"},{"type":"single","resource":"bc2d6de5-d7e8-43e5-9f19-0f9f1c2eeaae"},{"type":"single","resource":"bc2d6de5-d7e8-43e5-9f19-0f9f1c2eeaae"},{"type":"single","resource":"bc2d6de5-d7e8-43e5-9f19-0f9f1c2eeaae"},{"type":"single","resource":"bc2d6de5-d7e8-43e5-9f19-0f9f1c2eeaae"},{"type":"single","resource":"bc2d6de5-d7e8-43e5-9f19-0f9f1c2eeaae"},{"type":"single","resource":"bc2d6de5-d7e8-43e5-9f19-0f9f1c2eeaae"},{"type":"single","resource":"bc2d6de5-d7e8-43e5-9f19-0f9f1c2eeaae"},{"type":"single","resource":"bc2d6de5-d7e8-43e5-9f19-0f9f1c2eeaae"},{"type":"single","resource":"bc2d6de5-d7e8-43e5-9f19-0f9f1c2eeaae"},{"type":"single","resource":"bc2d6de5-d7e8-43e5-9f19-0f9f1c2eeaae"},{"type":"single","resource":"bc2d6de5-d7e8-43e5-9f19-0f9f1c2eeaae"},{"type":"single","resource":"bc2d6de5-d7e8-43e5-9f19-0f9f1c2eeaae"},{"type":"single","resource":"bc2d6de5-d7e8-43e5-9f19-0f9f1c2eeaae"},{"type":"single","resource":"bc2d6de5-d7e8-43e5-9f19-0f9f1c2eeaae"},{"type":"single","resource":"bc2d6de5-d7e8-43e5-9f19-0f9f1c2eeaae"},{"type":"single","resource":"bc2d6de5-d7e8-43e5-9f19-0f9f1c2eeaae"},{"type":"single","resource":"bc2d6de5-d7e8-43e5-9f19-0f9f1c2eeaae"},{"type":"single","resource":"bc2d6de5-d7e8-43e5-9f19-0f9f1c2eeaae"},{"type":"single","resource":"bc2d6de5-d7e8-43e5-9f19-0f9f1c2eeaae"},{"type":"single","resource":"6c996293-b6e7-4e0a-990d-7257b2d402d1"},{"type":"single","resource":"6c996293-b6e7-4e0a-990d-7257b2d402d1"},{"type":"single","resource":"6c996293-b6e7-4e0a-990d-7257b2d402d1"},{"type":"single","resource":"6c996293-b6e7-4e0a-990d-7257b2d402d1"},{"type":"single","resource":"6c996293-b6e7-4e0a-990d-7257b2d402d1"},{"type":"single","resource":"6c996293-b6e7-4e0a-990d-7257b2d402d1"},{"type":"single","resource":"6c996293-b6e7-4e0a-990d-7257b2d402d1"},{"type":"single","resource":"6c996293-b6e7-4e0a-990d-7257b2d402d1"},{"type":"single","resource":"6c996293-b6e7-4e0a-990d-7257b2d402d1"},{"type":"single","resource":"6c996293-b6e7-4e0a-990d-7257b2d402d1"},{"type":"single","resource":"6c996293-b6e7-4e0a-990d-7257b2d402d1"},{"type":"single","resource":"6c996293-b6e7-4e0a-990d-7257b2d402d1"},{"type":"single","resource":"6c996293-b6e7-4e0a-990d-7257b2d402d1"},{"type":"single","resource":"6c996293-b6e7-4e0a-990d-7257b2d402d1"},{"type":"single","resource":"6fbb2ad4-8666-46c2-9638-7d5479cc7913"},{"type":"single","resource":"6fbb2ad4-8666-46c2-9638-7d5479cc7913"},{"type":"single","resource":"6fbb2ad4-8666-46c2-9638-7d5479cc7913"},{"type":"single","resource":"6fbb2ad4-8666-46c2-9638-7d5479cc7913"},{"type":"single","resource":"6fbb2ad4-8666-46c2-9638-7d5479cc7913"},{"type":"single","resource":"6fbb2ad4-8666-46c2-9638-7d5479cc7913"},{"type":"single","resource":"6fbb2ad4-8666-46c2-9638-7d5479cc7913"},{"type":"single","resource":"6fbb2ad4-8666-46c2-9638-7d5479cc7913"},{"type":"single","resource":"6fbb2ad4-8666-46c2-9638-7d5479cc7913"},{"type":"single","resource":"6fbb2ad4-8666-46c2-9638-7d5479cc7913"},{"type":"single","resource":"6fbb2ad4-8666-46c2-9638-7d5479cc7913"},{"type":"single","resource":"6fbb2ad4-8666-46c2-9638-7d5479cc7913"},{"type":"single","resource":"025c62ce-9000-489d-a900-ab5f01a3bedb"},{"type":"single","resource":"025c62ce-9000-489d-a900-ab5f01a3bedb"},{"type":"single","resource":"025c62ce-9000-489d-a900-ab5f01a3bedb"},{"type":"single","resource":"025c62ce-9000-489d-a900-ab5f01a3bedb"},{"type":"single","resource":"025c62ce-9000-489d-a900-ab5f01a3bedb"},{"type":"single","resource":"025c62ce-9000-489d-a900-ab5f01a3bedb"},{"type":"single","resource":"cubees:1ccdcf92-3fca-499d-879b-8c9bf91d19af"},{"type":"single","resource":"cubees:1ccdcf92-3fca-499d-879b-8c9bf91d19af"},{"type":"single","resource":"cubees:27c87814-a899-49da-97e8-c17e90fd5d3a"},{"type":"single","resource":"cubees:27c87814-a899-49da-97e8-c17e90fd5d3a"},{"type":"single","resource":"cubees:c0251a47-454c-4e1d-a9c2-ee72823dc315"},{"type":"single","resource":"cubees:c0251a47-454c-4e1d-a9c2-ee72823dc315"},{"type":"single","resource":"cubees:785c9b02-3856-429f-84b1-f9e63a9f292d"},{"type":"single","resource":"cubees:785c9b02-3856-429f-84b1-f9e63a9f292d"},{"type":"single","resource":"cubees:b22318a8-5d9d-48da-bea7-d252c2862c1f"},{"type":"single","resource":"cubees:b22318a8-5d9d-48da-bea7-d252c2862c1f"},{"type":"single","resource":"cubees:cc830df6-5f1c-49a7-87e6-def499ab728d"},{"type":"single","resource":"cubees:cc830df6-5f1c-49a7-87e6-def499ab728d"},{"type":"single","resource":"cubees:664a9ac8-746a-41cf-8780-74d80861b035"},{"type":"single","resource":"cubees:664a9ac8-746a-41cf-8780-74d80861b035"},{"type":"single","resource":"cubees:0ed5ea88-db55-4c38-b5b9-d16fb39d8ee4"},{"type":"single","resource":"cubees:0ed5ea88-db55-4c38-b5b9-d16fb39d8ee4"}]}