{"sources":[{"type":"directory","source":"entity","prefix":"entity/"},{"type":"filter","pattern":{"namespace":"minecraft","path":"entity/fishing_hook"}},{"type":"single","resource":"138f7382-0128-42f0-a7c8-7b6eca9d915d"},{"type":"single","resource":"8f4ae668-8020-47df-b2e1-2418b9a7bc50"},{"type":"single","resource":"401ac9d5-46a4-4561-a579-458edccbfb20"},{"type":"single","resource":"7b03229f-3148-4b87-8464-5b0752d55150"},{"type":"single","resource":"7b03229f-3148-4b87-8464-5b0752d55150"},{"type":"single","resource":"224729d8-066f-4fb9-a39e-aeeb28693e78"},{"type":"single","resource":"224729d8-066f-4fb9-a39e-aeeb28693e78"},{"type":"single","resource":"899a57cd-f640-445c-98ce-20e42d5f2646"},{"type":"single","resource":"899a57cd-f640-445c-98ce-20e42d5f2646"},{"type":"single","resource":"c00d8ece-b9a5-4855-8598-decc91fda169"},{"type":"single","resource":"c00d8ece-b9a5-4855-8598-decc91fda169"},{"type":"single","resource":"6c2bf47d-f091-447b-816e-95b95dc6f21c"},{"type":"single","resource":"6c2bf47d-f091-447b-816e-95b95dc6f21c"},{"type":"single","resource":"72e51395-12d9-4550-8102-a063538e3251"},{"type":"single","resource":"3168dc37-7520-45e3-a687-5350b7a6f084"},{"type":"single","resource":"8421ea7f-8f19-456d-9c9d-a4419c98d846"},{"type":"single","resource":"8421ea7f-8f19-456d-9c9d-a4419c98d846"},{"type":"single","resource":"a2c0bf74-d8f4-4872-898f-2f6d707fb465"},{"type":"single","resource":"5fb1bd10-f2f5-4eee-968d-d024055ac34b"},{"type":"single","resource":"93fb87ce-0bff-4b45-b21c-55aac5a047ff"},{"type":"single","resource":"7e5d907e-604f-441a-a3bd-99f497f69cc9"},{"type":"single","resource":"56506978-982d-4277-8ff1-0e294a7a68af"},{"type":"single","resource":"85313947-c427-407c-b50b-91e1322e1f96"},{"type":"single","resource":"502b4e90-153f-4f91-bb76-ff99f46dc34d"},{"type":"single","resource":"f472a25e-000c-4926-8be9-0037cabad76c"},{"type":"single","resource":"8bb65b0d-2f64-45ab-9387-d351c2a1a9de"},{"type":"single","resource":"c51664d2-089b-4e3e-a0d5-10a3e2c9393c"},{"type":"single","resource":"5d85606d-5e6f-43f1-8959-90be59748e4a"},{"type":"single","resource":"block/carved_pumpkin"},{"type":"single","resource":"block/dark_oak_planks"},{"type":"single","resource":"block/pumpkin_side"},{"type":"single","resource":"block/pumpkin_top"},{"type":"single","resource":"block/sea_lantern"},{"type":"single","resource":"b5d0ccd7-caf6-40d4-b670-2f10f298d59a"},{"type":"single","resource":"b5d0ccd7-caf6-40d4-b670-2f10f298d59a"},{"type":"single","resource":"baea6916-f2c3-4120-b787-0581bd150e4d"},{"type":"single","resource":"baea6916-f2c3-4120-b787-0581bd150e4d"},{"type":"single","resource":"173e538a-570f-49b3-9556-6a49cf97171c"},{"type":"single","resource":"173e538a-570f-49b3-9556-6a49cf97171c"},{"type":"single","resource":"a8bf8e42-f022-4120-9c3a-dec2d886e62e"},{"type":"single","resource":"a8bf8e42-f022-4120-9c3a-dec2d886e62e"},{"type":"single","resource":"f64706db-3f68-48e2-ab5d-d243194a8b7c"},{"type":"single","resource":"f64706db-3f68-48e2-ab5d-d243194a8b7c"},{"type":"single","resource":"5556bd2a-2819-4a92-bd6a-f84cac54ed38"},{"type":"single","resource":"5556bd2a-2819-4a92-bd6a-f84cac54ed38"},{"type":"single","resource":"cf6a855b-e3ca-44ac-9b4e-85558043eece"},{"type":"single","resource":"cf6a855b-e3ca-44ac-9b4e-85558043eece"},{"type":"single","resource":"6ef549ab-eb1a-4470-81f9-487767122f6b"},{"type":"single","resource":"6ef549ab-eb1a-4470-81f9-487767122f6b"},{"type":"single","resource":"a03907e4-29ac-414f-ab4c-6bcad3792e18"},{"type":"single","resource":"a03907e4-29ac-414f-ab4c-6bcad3792e18"},{"type":"single","resource":"fd864c3c-4dbd-4085-bf20-32553fc0bf74"},{"type":"single","resource":"fd864c3c-4dbd-4085-bf20-32553fc0bf74"},{"type":"single","resource":"2e0b3a32-2d80-4c60-8ea3-ac8131f0b569"},{"type":"single","resource":"2e0b3a32-2d80-4c60-8ea3-ac8131f0b569"},{"type":"single","resource":"e8c60717-a6c3-4df2-8c5a-6346da83c738"},{"type":"single","resource":"e8c60717-a6c3-4df2-8c5a-6346da83c738"},{"type":"single","resource":"06a68ced-bb5c-436a-9faa-5d1f9196b837"},{"type":"single","resource":"06a68ced-bb5c-436a-9faa-5d1f9196b837"},{"type":"single","resource":"7aedea2f-662c-4d3c-8b26-dfc6a9ea3948"},{"type":"single","resource":"7aedea2f-662c-4d3c-8b26-dfc6a9ea3948"},{"type":"single","resource":"ef45e282-e35e-43c7-853b-b4efd23633be"},{"type":"single","resource":"ef45e282-e35e-43c7-853b-b4efd23633be"},{"type":"single","resource":"57ff41fb-a181-4c67-9978-6027e214ebb6"},{"type":"single","resource":"57ff41fb-a181-4c67-9978-6027e214ebb6"},{"type":"single","resource":"716105a6-bb7b-4562-9ff9-2a51b7fd83fe"},{"type":"single","resource":"716105a6-bb7b-4562-9ff9-2a51b7fd83fe"},{"type":"single","resource":"f34539a5-3d14-47ca-a5d6-41e2e42ceebf"},{"type":"single","resource":"f34539a5-3d14-47ca-a5d6-41e2e42ceebf"},{"type":"single","resource":"4ea17ba3-5401-4850-a85a-8780ea617c94"},{"type":"single","resource":"4ea17ba3-5401-4850-a85a-8780ea617c94"},{"type":"single","resource":"a468f76c-4f4c-4dc1-ace5-75ba27c0f399"},{"type":"single","resource":"a468f76c-4f4c-4dc1-ace5-75ba27c0f399"},{"type":"single","resource":"71f02c88-dd0d-4834-a6f3-c1a2e0229ece"},{"type":"single","resource":"71f02c88-dd0d-4834-a6f3-c1a2e0229ece"},{"type":"single","resource":"8f26fb12-bfbc-4a1d-9433-69223f150de4"},{"type":"single","resource":"8f26fb12-bfbc-4a1d-9433-69223f150de4"},{"type":"single","resource":"cf479a83-b6ec-4c29-9e18-f71397076bf0"},{"type":"single","resource":"1572ad65-db9b-40b7-aeb2-832f2f8428dc"},{"type":"single","resource":"380f7627-5629-4373-8e53-64ff2469e951"},{"type":"single","resource":"380f7627-5629-4373-8e53-64ff2469e951"},{"type":"single","resource":"380f7627-5629-4373-8e53-64ff2469e951"},{"type":"single","resource":"51ffeef2-8e7b-48af-ac43-f8a63b846208"},{"type":"single","resource":"51ffeef2-8e7b-48af-ac43-f8a63b846208"},{"type":"single","resource":"51ffeef2-8e7b-48af-ac43-f8a63b846208"},{"type":"single","resource":"339708d2-6d30-4488-940c-7e69dc0e43c7"},{"type":"single","resource":"339708d2-6d30-4488-940c-7e69dc0e43c7"},{"type":"single","resource":"339708d2-6d30-4488-940c-7e69dc0e43c7"},{"type":"single","resource":"12c9d50a-eb38-48f5-888d-2c4ec70550b8"},{"type":"single","resource":"12c9d50a-eb38-48f5-888d-2c4ec70550b8"},{"type":"single","resource":"12c9d50a-eb38-48f5-888d-2c4ec70550b8"},{"type":"single","resource":"b3f80526-5a73-4326-9f3b-64a28783ddec"},{"type":"single","resource":"b3f80526-5a73-4326-9f3b-64a28783ddec"},{"type":"single","resource":"b3f80526-5a73-4326-9f3b-64a28783ddec"},{"type":"single","resource":"6063d0a6-d5b9-4e36-bf32-a8b52fb51e72"},{"type":"single","resource":"6063d0a6-d5b9-4e36-bf32-a8b52fb51e72"},{"type":"single","resource":"6063d0a6-d5b9-4e36-bf32-a8b52fb51e72"},{"type":"single","resource":"d0a97bda-059c-49f0-bff3-e71da643af78"},{"type":"single","resource":"d0a97bda-059c-49f0-bff3-e71da643af78"},{"type":"single","resource":"d0a97bda-059c-49f0-bff3-e71da643af78"},{"type":"single","resource":"060050d1-ac14-4ed6-ae9e-93aa7f5feb51"},{"type":"single","resource":"060050d1-ac14-4ed6-ae9e-93aa7f5feb51"},{"type":"single","resource":"060050d1-ac14-4ed6-ae9e-93aa7f5feb51"},{"type":"single","resource":"27f3d06c-b270-4c57-870b-30f28b4a2a99"},{"type":"single","resource":"27f3d06c-b270-4c57-870b-30f28b4a2a99"},{"type":"single","resource":"27f3d06c-b270-4c57-870b-30f28b4a2a99"},{"type":"single","resource":"01afdf9f-db6e-462d-bc9a-efb28dd9a06d"},{"type":"single","resource":"01afdf9f-db6e-462d-bc9a-efb28dd9a06d"},{"type":"single","resource":"01afdf9f-db6e-462d-bc9a-efb28dd9a06d"},{"type":"single","resource":"3b9f8aa1-294b-4009-9c0b-b2e0a4b90bbf"},{"type":"single","resource":"3b9f8aa1-294b-4009-9c0b-b2e0a4b90bbf"},{"type":"single","resource":"3b9f8aa1-294b-4009-9c0b-b2e0a4b90bbf"},{"type":"single","resource":"28b7e68d-e663-45c8-abad-026f4c610a2a"},{"type":"single","resource":"28b7e68d-e663-45c8-abad-026f4c610a2a"},{"type":"single","resource":"28b7e68d-e663-45c8-abad-026f4c610a2a"},{"type":"single","resource":"d93150a1-14ca-4edd-8f49-dacf5baf8eac"},{"type":"single","resource":"d80dac12-d800-4549-8e3d-7c445ec35ba3"},{"type":"single","resource":"6ec759d2-c80d-43a5-bbaa-5f7c7221a613"},{"type":"single","resource":"39db89de-fcaa-47b3-b89b-1da92ead86b4"},{"type":"single","resource":"b0fe54e9-e4de-438d-9f7c-9a2602c22b8c"},{"type":"single","resource":"27994629-4658-4529-b0f7-a65a1d60b653"},{"type":"single","resource":"4b418ab0-eba6-4944-8ad0-0359deac1faa"},{"type":"single","resource":"82a6a400-6779-4ea9-a166-69d0c97d07f9"},{"type":"single","resource":"82a6a400-6779-4ea9-a166-69d0c97d07f9"},{"type":"single","resource":"5150fc1e-b798-4700-b365-320b3a65fcda"},{"type":"single","resource":"58d88e6f-09a5-4a67-acbd-45c27257cf59"},{"type":"single","resource":"06461adb-06b9-40b9-be08-5129a0495dfb"},{"type":"single","resource":"06461adb-06b9-40b9-be08-5129a0495dfb"},{"type":"single","resource":"06461adb-06b9-40b9-be08-5129a0495dfb"},{"type":"single","resource":"06461adb-06b9-40b9-be08-5129a0495dfb"},{"type":"single","resource":"6fdd1b3a-1e28-4136-aa6d-08bbf9c84f09"},{"type":"single","resource":"d52bb997-b335-4b32-a6ba-4294d94199a2"},{"type":"single","resource":"a2c5f468-bcdb-4d59-828b-347946a5bfd0"},{"type":"single","resource":"5b090574-7e77-4199-b4fd-d15110c88fd4"},{"type":"single","resource":"40e52679-721c-4838-a6cb-b25798203d58"},{"type":"single","resource":"18c3ee4c-cb4f-483c-9e85-3eda9921109c"},{"type":"single","resource":"18c3ee4c-cb4f-483c-9e85-3eda9921109c"},{"type":"single","resource":"0b3e0d0b-e447-4874-a53a-5ed7957ba23a"},{"type":"single","resource":"1e7910e0-107a-4a33-9268-7f21f223af0c"},{"type":"single","resource":"9bd49802-d4e2-415b-b252-1b6b26ed82c2"},{"type":"single","resource":"92410d66-1f3b-4a89-80fc-39e388f0e118"},{"type":"single","resource":"3bd3ebb6-31ba-430c-a2b6-7c782be9bf40"},{"type":"single","resource":"23ea26b0-24e9-4f56-a84c-70a02dc77cbd"},{"type":"single","resource":"46e898be-9d90-4bea-b5ee-b6fc4f166c88"},{"type":"single","resource":"f33fef75-dd60-4425-a560-532de42a94d6"},{"type":"single","resource":"43c479e6-3f2e-493b-8492-02be1e40243c"},{"type":"single","resource":"43c479e6-3f2e-493b-8492-02be1e40243c"},{"type":"single","resource":"43c479e6-3f2e-493b-8492-02be1e40243c"},{"type":"single","resource":"43c479e6-3f2e-493b-8492-02be1e40243c"},{"type":"single","resource":"d619b4a2-5c28-4954-8be7-245d84b8cadb"},{"type":"single","resource":"d619b4a2-5c28-4954-8be7-245d84b8cadb"},{"type":"single","resource":"43fb7b24-dc74-4c77-9471-396281be2b9e"},{"type":"single","resource":"c4d782b8-6b7d-4339-8c9a-2fc01761ea77"},{"type":"single","resource":"85d536a2-a8d7-48ab-96f2-898e0e83d695"},{"type":"single","resource":"56b97303-3001-4437-91ae-b84df20045ed"},{"type":"single","resource":"da7fc7d6-9203-4b75-8429-db9adf26c7d9"},{"type":"single","resource":"bfdc2e60-ecea-406f-9b88-ef987e641cee"},{"type":"single","resource":"221ad354-9c85-4399-ba4e-92cd139b4c88"},{"type":"single","resource":"22494c34-504a-42f5-b686-9a00a9b2ad57"},{"type":"single","resource":"5244eaf8-2e5d-4fe2-8f04-fc34b1c374a3"},{"type":"single","resource":"49fe991a-62fc-4486-8dce-541f11886174"},{"type":"single","resource":"151d6160-7de9-44bd-bf63-da2ca337f565"},{"type":"single","resource":"9d36db25-1227-45b3-9ffd-b2e3f043f711"},{"type":"single","resource":"6b06e4ca-b144-4e44-974f-ce6e868ce358"},{"type":"single","resource":"5ea372f1-9eb0-4790-b88b-b0a5ba18b494"},{"type":"single","resource":"12d55843-3ed2-46cb-9e04-41c919975546"},{"type":"single","resource":"0a845572-26b1-4266-a5fc-3422cfafa746"},{"type":"single","resource":"0a845572-26b1-4266-a5fc-3422cfafa746"},{"type":"single","resource":"dbd179f9-7071-41f4-9b9c-94b5ea39fb59"},{"type":"single","resource":"9998ec35-9ec0-413d-a29f-ee3cbb04fdf7"},{"type":"single","resource":"4a9f44a7-a0f0-444c-967c-6fb03f09b19b"},{"type":"single","resource":"30efc27b-1ff4-4bfd-af57-5a83ecd2ad27"},{"type":"single","resource":"1c3cfa08-23f9-4200-b1f5-1749ab1ce452"},{"type":"single","resource":"b20755da-a744-47e4-8437-aa0aaf34cec7"},{"type":"single","resource":"d4dc4846-9a41-4b8d-a2ad-6a38d6d8796e"},{"type":"single","resource":"e53edb37-3bee-470e-bccb-957db951f15b"},{"type":"single","resource":"14567ce8-1749-49fa-b717-0bbae4187336"},{"type":"single","resource":"15dcb2e5-750f-40ab-b83b-a18576f0f093"},{"type":"single","resource":"b61901f1-567b-4287-a8d4-bedc3ecdf66f"},{"type":"single","resource":"3f99e90e-be46-49b7-a085-9db66ded36e0"},{"type":"single","resource":"4dad0db5-d375-4ad9-b880-6770f07fe1d9"},{"type":"single","resource":"84b52d41-ed95-4d9c-acd3-e58f29841796"},{"type":"single","resource":"3f00009e-4473-4b3f-8b64-7d03e2b6a335"},{"type":"single","resource":"ad999204-5b3f-4f9d-897a-6fdb7dbba2c2"},{"type":"single","resource":"modelengine:39ee2b99-c616-4832-912d-8b9f87ed74e0"},{"type":"single","resource":"modelengine:39ee2b99-c616-4832-912d-8b9f87ed74e0"},{"type":"single","resource":"modelengine:39ee2b99-c616-4832-912d-8b9f87ed74e0"},{"type":"single","resource":"modelengine:39ee2b99-c616-4832-912d-8b9f87ed74e0"},{"type":"single","resource":"modelengine:39ee2b99-c616-4832-912d-8b9f87ed74e0"},{"type":"single","resource":"modelengine:39ee2b99-c616-4832-912d-8b9f87ed74e0"},{"type":"single","resource":"modelengine:39ee2b99-c616-4832-912d-8b9f87ed74e0"},{"type":"single","resource":"modelengine:39ee2b99-c616-4832-912d-8b9f87ed74e0"},{"type":"single","resource":"modelengine:39ee2b99-c616-4832-912d-8b9f87ed74e0"},{"type":"single","resource":"modelengine:39ee2b99-c616-4832-912d-8b9f87ed74e0"},{"type":"single","resource":"modelengine:39ee2b99-c616-4832-912d-8b9f87ed74e0"},{"type":"single","resource":"modelengine:39ee2b99-c616-4832-912d-8b9f87ed74e0"},{"type":"single","resource":"modelengine:39ee2b99-c616-4832-912d-8b9f87ed74e0"},{"type":"single","resource":"modelengine:39ee2b99-c616-4832-912d-8b9f87ed74e0"},{"type":"single","resource":"modelengine:39ee2b99-c616-4832-912d-8b9f87ed74e0"},{"type":"single","resource":"modelengine:8d7078e3-c1a5-4460-ae67-3548f92ccf18"},{"type":"single","resource":"modelengine:8d7078e3-c1a5-4460-ae67-3548f92ccf18"},{"type":"single","resource":"modelengine:8d7078e3-c1a5-4460-ae67-3548f92ccf18"},{"type":"single","resource":"modelengine:8d7078e3-c1a5-4460-ae67-3548f92ccf18"},{"type":"single","resource":"modelengine:8d7078e3-c1a5-4460-ae67-3548f92ccf18"},{"type":"single","resource":"modelengine:8d7078e3-c1a5-4460-ae67-3548f92ccf18"},{"type":"single","resource":"modelengine:8d7078e3-c1a5-4460-ae67-3548f92ccf18"},{"type":"single","resource":"modelengine:8d7078e3-c1a5-4460-ae67-3548f92ccf18"},{"type":"single","resource":"modelengine:8d7078e3-c1a5-4460-ae67-3548f92ccf18"},{"type":"single","resource":"modelengine:8d7078e3-c1a5-4460-ae67-3548f92ccf18"},{"type":"single","resource":"modelengine:8d7078e3-c1a5-4460-ae67-3548f92ccf18"},{"type":"single","resource":"entity/illager/illusioner"},{"type":"single","resource":"entity/illager/vindicator"},{"type":"single","resource":"modelengine:bf553dfd-a112-44ab-bab8-ef8234daac8d"},{"type":"single","resource":"modelengine:bf553dfd-a112-44ab-bab8-ef8234daac8d"},{"type":"single","resource":"modelengine:bf553dfd-a112-44ab-bab8-ef8234daac8d"},{"type":"single","resource":"modelengine:bf553dfd-a112-44ab-bab8-ef8234daac8d"},{"type":"single","resource":"modelengine:bf553dfd-a112-44ab-bab8-ef8234daac8d"},{"type":"single","resource":"modelengine:bf553dfd-a112-44ab-bab8-ef8234daac8d"},{"type":"single","resource":"modelengine:bf553dfd-a112-44ab-bab8-ef8234daac8d"},{"type":"single","resource":"modelengine:bf553dfd-a112-44ab-bab8-ef8234daac8d"},{"type":"single","resource":"modelengine:bf553dfd-a112-44ab-bab8-ef8234daac8d"},{"type":"single","resource":"modelengine:bf553dfd-a112-44ab-bab8-ef8234daac8d"},{"type":"single","resource":"modelengine:bf553dfd-a112-44ab-bab8-ef8234daac8d"},{"type":"single","resource":"modelengine:f34cbdb2-8d10-4f65-b12e-bde5e95a3b65"},{"type":"single","resource":"modelengine:f34cbdb2-8d10-4f65-b12e-bde5e95a3b65"},{"type":"single","resource":"modelengine:f34cbdb2-8d10-4f65-b12e-bde5e95a3b65"},{"type":"single","resource":"modelengine:f34cbdb2-8d10-4f65-b12e-bde5e95a3b65"},{"type":"single","resource":"modelengine:f34cbdb2-8d10-4f65-b12e-bde5e95a3b65"},{"type":"single","resource":"modelengine:f34cbdb2-8d10-4f65-b12e-bde5e95a3b65"},{"type":"single","resource":"modelengine:f34cbdb2-8d10-4f65-b12e-bde5e95a3b65"},{"type":"single","resource":"modelengine:f34cbdb2-8d10-4f65-b12e-bde5e95a3b65"},{"type":"single","resource":"modelengine:f34cbdb2-8d10-4f65-b12e-bde5e95a3b65"},{"type":"single","resource":"modelengine:f34cbdb2-8d10-4f65-b12e-bde5e95a3b65"},{"type":"single","resource":"modelengine:f34cbdb2-8d10-4f65-b12e-bde5e95a3b65"},{"type":"single","resource":"modelengine:4c912cbb-98d4-4546-8442-ff3b641fa99c"},{"type":"single","resource":"modelengine:4c912cbb-98d4-4546-8442-ff3b641fa99c"},{"type":"single","resource":"modelengine:4c912cbb-98d4-4546-8442-ff3b641fa99c"},{"type":"single","resource":"modelengine:4c912cbb-98d4-4546-8442-ff3b641fa99c"},{"type":"single","resource":"modelengine:4c912cbb-98d4-4546-8442-ff3b641fa99c"},{"type":"single","resource":"modelengine:4c912cbb-98d4-4546-8442-ff3b641fa99c"},{"type":"single","resource":"modelengine:4c912cbb-98d4-4546-8442-ff3b641fa99c"},{"type":"single","resource":"modelengine:4c912cbb-98d4-4546-8442-ff3b641fa99c"},{"type":"single","resource":"modelengine:4c912cbb-98d4-4546-8442-ff3b641fa99c"},{"type":"single","resource":"modelengine:4c912cbb-98d4-4546-8442-ff3b641fa99c"},{"type":"single","resource":"modelengine:4c912cbb-98d4-4546-8442-ff3b641fa99c"},{"type":"single","resource":"modelengine:1f319225-8d34-4eed-8e3f-d6a8a598b8ec"},{"type":"single","resource":"modelengine:1f319225-8d34-4eed-8e3f-d6a8a598b8ec"},{"type":"single","resource":"modelengine:1f319225-8d34-4eed-8e3f-d6a8a598b8ec"},{"type":"single","resource":"modelengine:1f319225-8d34-4eed-8e3f-d6a8a598b8ec"},{"type":"single","resource":"modelengine:1f319225-8d34-4eed-8e3f-d6a8a598b8ec"},{"type":"single","resource":"modelengine:1f319225-8d34-4eed-8e3f-d6a8a598b8ec"},{"type":"single","resource":"modelengine:1f319225-8d34-4eed-8e3f-d6a8a598b8ec"},{"type":"single","resource":"modelengine:1f319225-8d34-4eed-8e3f-d6a8a598b8ec"},{"type":"single","resource":"modelengine:1f319225-8d34-4eed-8e3f-d6a8a598b8ec"},{"type":"single","resource":"modelengine:def219cd-dc79-42cf-9397-fbe1cbbfadc3"},{"type":"single","resource":"modelengine:def219cd-dc79-42cf-9397-fbe1cbbfadc3"},{"type":"single","resource":"modelengine:def219cd-dc79-42cf-9397-fbe1cbbfadc3"},{"type":"single","resource":"modelengine:def219cd-dc79-42cf-9397-fbe1cbbfadc3"},{"type":"single","resource":"modelengine:def219cd-dc79-42cf-9397-fbe1cbbfadc3"},{"type":"single","resource":"modelengine:def219cd-dc79-42cf-9397-fbe1cbbfadc3"},{"type":"single","resource":"modelengine:def219cd-dc79-42cf-9397-fbe1cbbfadc3"},{"type":"single","resource":"modelengine:99892daf-d813-45f9-b0ad-12a7e63fceec"},{"type":"single","resource":"modelengine:99892daf-d813-45f9-b0ad-12a7e63fceec"},{"type":"single","resource":"modelengine:99892daf-d813-45f9-b0ad-12a7e63fceec"},{"type":"single","resource":"modelengine:99892daf-d813-45f9-b0ad-12a7e63fceec"},{"type":"single","resource":"modelengine:99892daf-d813-45f9-b0ad-12a7e63fceec"},{"type":"single","resource":"modelengine:99892daf-d813-45f9-b0ad-12a7e63fceec"},{"type":"single","resource":"modelengine:99892daf-d813-45f9-b0ad-12a7e63fceec"},{"type":"single","resource":"modelengine:99892daf-d813-45f9-b0ad-12a7e63fceec"},{"type":"single","resource":"modelengine:99892daf-d813-45f9-b0ad-12a7e63fceec"},{"type":"single","resource":"modelengine:99892daf-d813-45f9-b0ad-12a7e63fceec"},{"type":"single","resource":"modelengine:99892daf-d813-45f9-b0ad-12a7e63fceec"},{"type":"single","resource":"modelengine:99892daf-d813-45f9-b0ad-12a7e63fceec"},{"type":"single","resource":"modelengine:99892daf-d813-45f9-b0ad-12a7e63fceec"},{"type":"single","resource":"modelengine:99892daf-d813-45f9-b0ad-12a7e63fceec"},{"type":"single","resource":"modelengine:99892daf-d813-45f9-b0ad-12a7e63fceec"},{"type":"single","resource":"modelengine:8fad772a-c0fa-44ba-8d5e-8af6211ae65f"},{"type":"single","resource":"modelengine:8fad772a-c0fa-44ba-8d5e-8af6211ae65f"},{"type":"single","resource":"modelengine:8fad772a-c0fa-44ba-8d5e-8af6211ae65f"},{"type":"single","resource":"modelengine:8fad772a-c0fa-44ba-8d5e-8af6211ae65f"},{"type":"single","resource":"modelengine:8fad772a-c0fa-44ba-8d5e-8af6211ae65f"},{"type":"single","resource":"modelengine:8fad772a-c0fa-44ba-8d5e-8af6211ae65f"},{"type":"single","resource":"modelengine:8fad772a-c0fa-44ba-8d5e-8af6211ae65f"},{"type":"single","resource":"modelengine:8fad772a-c0fa-44ba-8d5e-8af6211ae65f"},{"type":"single","resource":"modelengine:8fad772a-c0fa-44ba-8d5e-8af6211ae65f"},{"type":"single","resource":"modelengine:8fad772a-c0fa-44ba-8d5e-8af6211ae65f"},{"type":"single","resource":"modelengine:8fad772a-c0fa-44ba-8d5e-8af6211ae65f"},{"type":"single","resource":"modelengine:02488e57-fdbc-4ccf-a73a-4c1773da6aeb"},{"type":"single","resource":"modelengine:02488e57-fdbc-4ccf-a73a-4c1773da6aeb"},{"type":"single","resource":"modelengine:02488e57-fdbc-4ccf-a73a-4c1773da6aeb"},{"type":"single","resource":"modelengine:02488e57-fdbc-4ccf-a73a-4c1773da6aeb"},{"type":"single","resource":"modelengine:02488e57-fdbc-4ccf-a73a-4c1773da6aeb"},{"type":"single","resource":"modelengine:02488e57-fdbc-4ccf-a73a-4c1773da6aeb"},{"type":"single","resource":"modelengine:02488e57-fdbc-4ccf-a73a-4c1773da6aeb"},{"type":"single","resource":"modelengine:02488e57-fdbc-4ccf-a73a-4c1773da6aeb"},{"type":"single","resource":"modelengine:02488e57-fdbc-4ccf-a73a-4c1773da6aeb"},{"type":"single","resource":"modelengine:02488e57-fdbc-4ccf-a73a-4c1773da6aeb"},{"type":"single","resource":"modelengine:02488e57-fdbc-4ccf-a73a-4c1773da6aeb"},{"type":"single","resource":"modelengine:579a1e8f-ddbf-41d1-a685-eca2229eb64f"},{"type":"single","resource":"modelengine:579a1e8f-ddbf-41d1-a685-eca2229eb64f"},{"type":"single","resource":"modelengine:579a1e8f-ddbf-41d1-a685-eca2229eb64f"},{"type":"single","resource":"modelengine:579a1e8f-ddbf-41d1-a685-eca2229eb64f"},{"type":"single","resource":"modelengine:579a1e8f-ddbf-41d1-a685-eca2229eb64f"},{"type":"single","resource":"modelengine:579a1e8f-ddbf-41d1-a685-eca2229eb64f"},{"type":"single","resource":"modelengine:579a1e8f-ddbf-41d1-a685-eca2229eb64f"},{"type":"single","resource":"modelengine:579a1e8f-ddbf-41d1-a685-eca2229eb64f"},{"type":"single","resource":"modelengine:579a1e8f-ddbf-41d1-a685-eca2229eb64f"},{"type":"single","resource":"modelengine:579a1e8f-ddbf-41d1-a685-eca2229eb64f"},{"type":"single","resource":"modelengine:579a1e8f-ddbf-41d1-a685-eca2229eb64f"},{"type":"single","resource":"modelengine:a658de77-1b35-4164-aa20-3e9c30b1fa57"},{"type":"single","resource":"modelengine:a658de77-1b35-4164-aa20-3e9c30b1fa57"},{"type":"single","resource":"modelengine:a658de77-1b35-4164-aa20-3e9c30b1fa57"},{"type":"single","resource":"modelengine:a658de77-1b35-4164-aa20-3e9c30b1fa57"},{"type":"single","resource":"modelengine:a658de77-1b35-4164-aa20-3e9c30b1fa57"},{"type":"single","resource":"modelengine:a658de77-1b35-4164-aa20-3e9c30b1fa57"},{"type":"single","resource":"modelengine:a658de77-1b35-4164-aa20-3e9c30b1fa57"},{"type":"single","resource":"modelengine:a658de77-1b35-4164-aa20-3e9c30b1fa57"},{"type":"single","resource":"modelengine:a658de77-1b35-4164-aa20-3e9c30b1fa57"},{"type":"single","resource":"modelengine:a658de77-1b35-4164-aa20-3e9c30b1fa57"},{"type":"single","resource":"modelengine:a658de77-1b35-4164-aa20-3e9c30b1fa57"},{"type":"single","resource":"entity/villager/profession/armorer"},{"type":"single","resource":"entity/villager/profession/butcher"},{"type":"single","resource":"entity/villager/profession/cartographer"},{"type":"single","resource":"entity/villager/profession/cleric"},{"type":"single","resource":"entity/villager/profession/farmer"},{"type":"single","resource":"entity/villager/profession/fisherman"},{"type":"single","resource":"entity/villager/profession/fletcher"},{"type":"single","resource":"entity/villager/profession/librarian"},{"type":"single","resource":"entity/villager/profession/shepherd"},{"type":"single","resource":"entity/villager/profession/weaponsmith"},{"type":"single","resource":"entity/villager/type/desert"},{"type":"single","resource":"entity/villager/type/desert"},{"type":"single","resource":"entity/villager/type/savanna"},{"type":"single","resource":"entity/villager/type/snow"},{"type":"single","resource":"entity/villager/type/swamp"},{"type":"single","resource":"4297a648-93d7-44a3-b75c-2a0e2c1424fe"},{"type":"single","resource":"4297a648-93d7-44a3-b75c-2a0e2c1424fe"},{"type":"single","resource":"e1649d1d-a7d7-4773-9b50-b2b606e5f60e"},{"type":"single","resource":"2e35d483-e854-4a42-bdc1-f656c785da99"},{"type":"single","resource":"2e35d483-e854-4a42-bdc1-f656c785da99"},{"type":"single","resource":"2e35d483-e854-4a42-bdc1-f656c785da99"},{"type":"single","resource":"item/book"},{"type":"single","resource":"item/bow"},{"type":"single","resource":"item/chainmail_boots"},{"type":"single","resource":"item/chainmail_chestplate"},{"type":"single","resource":"item/chainmail_helmet"},{"type":"single","resource":"item/chainmail_leggings"},{"type":"single","resource":"item/crossbow_standby"},{"type":"single","resource":"item/diamond_sword"},{"type":"single","resource":"item/fishing_rod"},{"type":"single","resource":"item/gold_nugget"},{"type":"single","resource":"item/golden_horse_armor"},{"type":"single","resource":"item/iron_sword"},{"type":"single","resource":"item/leather_boots"},{"type":"single","resource":"item/leather_boots_overlay"},{"type":"single","resource":"item/leather_chestplate"},{"type":"single","resource":"item/leather_chestplate_overlay"},{"type":"single","resource":"item/leather_helmet"},{"type":"single","resource":"item/leather_helmet_overlay"},{"type":"single","resource":"item/leather_horse_armor"},{"type":"single","resource":"item/leather_leggings"},{"type":"single","resource":"item/leather_leggings_overlay"},{"type":"single","resource":"item/netherite_axe"},{"type":"single","resource":"item/netherite_hoe"},{"type":"single","resource":"item/netherite_pickaxe"},{"type":"single","resource":"item/netherite_shovel"},{"type":"single","resource":"item/netherite_sword"},{"type":"single","resource":"nexo:3be99574-32fd-480c-a202-f97d3fcf687e"},{"type":"single","resource":"nexo:3be99574-32fd-480c-a202-f97d3fcf687e"},{"type":"single","resource":"nexo:217b8d7a-8b61-47bb-9fe9-391c7876235b"},{"type":"single","resource":"nexo:217b8d7a-8b61-47bb-9fe9-391c7876235b"},{"type":"single","resource":"nexo:0f2e3ab6-d5b0-435e-9d44-a84fd7961076"},{"type":"single","resource":"nexo:b90e17c7-82a9-44c8-9079-6f297902fc5e"},{"type":"single","resource":"nexo:b90e17c7-82a9-44c8-9079-6f297902fc5e"},{"type":"single","resource":"nexo:fc0b59aa-ddc9-4577-bd42-6b006d190ff8"},{"type":"single","resource":"nexo:ac489449-e291-485d-917c-a8e22935d25a"},{"type":"single","resource":"nexo:ce6556e4-6b08-4d8b-9cae-42ac49317b24"},{"type":"single","resource":"nexo:bf421d86-a340-449c-beff-7ff02a262485"},{"type":"single","resource":"nexo:384c04dc-e481-4e11-ba80-fad6c989ce9f"},{"type":"single","resource":"nexo:384c04dc-e481-4e11-ba80-fad6c989ce9f"},{"type":"single","resource":"nexo:0dd1e473-04f3-4325-9fbe-1ef60a791cc8"},{"type":"single","resource":"nexo:ae142dd9-48d9-40bd-a657-baa3bef70914"},{"type":"single","resource":"nexo:2ac74238-a428-4e73-8c12-386ee0400fff"},{"type":"single","resource":"nexo:ad7d085b-4ce6-47fc-a474-51b848328398"},{"type":"single","resource":"nexo:ad7d085b-4ce6-47fc-a474-51b848328398"},{"type":"single","resource":"nexo:37b1f989-18c7-44db-8aad-e0003e744f4f"},{"type":"single","resource":"nexo:37b1f989-18c7-44db-8aad-e0003e744f4f"},{"type":"single","resource":"nexo:17582fa1-5684-4c7d-9933-2d8782d225e8"},{"type":"single","resource":"nexo:17582fa1-5684-4c7d-9933-2d8782d225e8"},{"type":"single","resource":"nexo:b87e0030-30e8-4fee-b9b6-19bced29f873"},{"type":"single","resource":"nexo:5ce6c879-0192-41a6-b4eb-9bcab5ebcfaf"},{"type":"single","resource":"nexo:a5e2612e-9775-47c7-ada5-befec0ed28f5"},{"type":"single","resource":"nexo:a5e2612e-9775-47c7-ada5-befec0ed28f5"},{"type":"single","resource":"nexo:ff8a0508-7277-4d4b-89bb-064981684b63"},{"type":"single","resource":"nexo:ab42911c-c8c6-43e0-8543-b4a9a72373f8"},{"type":"single","resource":"item/paper"},{"type":"single","resource":"item/potion"},{"type":"single","resource":"item/potion_overlay"},{"type":"single","resource":"item/trident"},{"type":"single","resource":"759ca600-28fe-4a6f-a4fd-7df0a625c00a"},{"type":"single","resource":"759ca600-28fe-4a6f-a4fd-7df0a625c00a"},{"type":"single","resource":"752be470-017a-4ec1-b9ec-eed0c9e749e1"},{"type":"single","resource":"752be470-017a-4ec1-b9ec-eed0c9e749e1"},{"type":"single","resource":"752be470-017a-4ec1-b9ec-eed0c9e749e1"},{"type":"single","resource":"752be470-017a-4ec1-b9ec-eed0c9e749e1"},{"type":"single","resource":"752be470-017a-4ec1-b9ec-eed0c9e749e1"},{"type":"single","resource":"752be470-017a-4ec1-b9ec-eed0c9e749e1"},{"type":"single","resource":"752be470-017a-4ec1-b9ec-eed0c9e749e1"},{"type":"single","resource":"752be470-017a-4ec1-b9ec-eed0c9e749e1"},{"type":"single","resource":"f0ccc128-359d-47a1-ac6a-2ba3637941e2"},{"type":"single","resource":"f9b5c864-a2f0-4d53-8003-59fdda1242e9"},{"type":"single","resource":"f9b5c864-a2f0-4d53-8003-59fdda1242e9"},{"type":"single","resource":"4f994d90-d81d-4ad9-a407-e81a253a829c"},{"type":"single","resource":"a40ac875-b474-47d3-a885-54e05dcda770"},{"type":"single","resource":"a40ac875-b474-47d3-a885-54e05dcda770"},{"type":"single","resource":"315f44ea-9df4-494a-ba1a-08adac71034f"},{"type":"single","resource":"315f44ea-9df4-494a-ba1a-08adac71034f"},{"type":"single","resource":"315f44ea-9df4-494a-ba1a-08adac71034f"},{"type":"single","resource":"315f44ea-9df4-494a-ba1a-08adac71034f"},{"type":"single","resource":"315f44ea-9df4-494a-ba1a-08adac71034f"},{"type":"single","resource":"315f44ea-9df4-494a-ba1a-08adac71034f"},{"type":"single","resource":"315f44ea-9df4-494a-ba1a-08adac71034f"},{"type":"single","resource":"315f44ea-9df4-494a-ba1a-08adac71034f"},{"type":"single","resource":"315f44ea-9df4-494a-ba1a-08adac71034f"},{"type":"single","resource":"315f44ea-9df4-494a-ba1a-08adac71034f"},{"type":"single","resource":"315f44ea-9df4-494a-ba1a-08adac71034f"},{"type":"single","resource":"315f44ea-9df4-494a-ba1a-08adac71034f"},{"type":"single","resource":"315f44ea-9df4-494a-ba1a-08adac71034f"},{"type":"single","resource":"315f44ea-9df4-494a-ba1a-08adac71034f"},{"type":"single","resource":"315f44ea-9df4-494a-ba1a-08adac71034f"},{"type":"single","resource":"315f44ea-9df4-494a-ba1a-08adac71034f"},{"type":"single","resource":"315f44ea-9df4-494a-ba1a-08adac71034f"},{"type":"single","resource":"315f44ea-9df4-494a-ba1a-08adac71034f"},{"type":"single","resource":"315f44ea-9df4-494a-ba1a-08adac71034f"},{"type":"single","resource":"315f44ea-9df4-494a-ba1a-08adac71034f"},{"type":"single","resource":"315f44ea-9df4-494a-ba1a-08adac71034f"},{"type":"single","resource":"315f44ea-9df4-494a-ba1a-08adac71034f"},{"type":"single","resource":"315f44ea-9df4-494a-ba1a-08adac71034f"},{"type":"single","resource":"315f44ea-9df4-494a-ba1a-08adac71034f"},{"type":"single","resource":"315f44ea-9df4-494a-ba1a-08adac71034f"},{"type":"single","resource":"315f44ea-9df4-494a-ba1a-08adac71034f"},{"type":"single","resource":"315f44ea-9df4-494a-ba1a-08adac71034f"},{"type":"single","resource":"315f44ea-9df4-494a-ba1a-08adac71034f"},{"type":"single","resource":"315f44ea-9df4-494a-ba1a-08adac71034f"},{"type":"single","resource":"a0793437-2b04-4770-9c53-ac931c84a1ae"},{"type":"single","resource":"a0793437-2b04-4770-9c53-ac931c84a1ae"},{"type":"single","resource":"a0793437-2b04-4770-9c53-ac931c84a1ae"},{"type":"single","resource":"a0793437-2b04-4770-9c53-ac931c84a1ae"},{"type":"single","resource":"a0793437-2b04-4770-9c53-ac931c84a1ae"},{"type":"single","resource":"a0793437-2b04-4770-9c53-ac931c84a1ae"},{"type":"single","resource":"a0793437-2b04-4770-9c53-ac931c84a1ae"},{"type":"single","resource":"a0793437-2b04-4770-9c53-ac931c84a1ae"},{"type":"single","resource":"a0793437-2b04-4770-9c53-ac931c84a1ae"},{"type":"single","resource":"a0793437-2b04-4770-9c53-ac931c84a1ae"},{"type":"single","resource":"a0793437-2b04-4770-9c53-ac931c84a1ae"},{"type":"single","resource":"a0793437-2b04-4770-9c53-ac931c84a1ae"},{"type":"single","resource":"a0793437-2b04-4770-9c53-ac931c84a1ae"},{"type":"single","resource":"a0793437-2b04-4770-9c53-ac931c84a1ae"},{"type":"single","resource":"a0793437-2b04-4770-9c53-ac931c84a1ae"},{"type":"single","resource":"a0793437-2b04-4770-9c53-ac931c84a1ae"},{"type":"single","resource":"a0793437-2b04-4770-9c53-ac931c84a1ae"},{"type":"single","resource":"a0793437-2b04-4770-9c53-ac931c84a1ae"},{"type":"single","resource":"a0793437-2b04-4770-9c53-ac931c84a1ae"},{"type":"single","resource":"a0793437-2b04-4770-9c53-ac931c84a1ae"},{"type":"single","resource":"a0793437-2b04-4770-9c53-ac931c84a1ae"},{"type":"single","resource":"a0793437-2b04-4770-9c53-ac931c84a1ae"},{"type":"single","resource":"a0793437-2b04-4770-9c53-ac931c84a1ae"},{"type":"single","resource":"a0793437-2b04-4770-9c53-ac931c84a1ae"},{"type":"single","resource":"a0793437-2b04-4770-9c53-ac931c84a1ae"},{"type":"single","resource":"a0793437-2b04-4770-9c53-ac931c84a1ae"},{"type":"single","resource":"a0793437-2b04-4770-9c53-ac931c84a1ae"},{"type":"single","resource":"a0793437-2b04-4770-9c53-ac931c84a1ae"},{"type":"single","resource":"d7650303-f660-459e-8955-1ec850fd1cef"},{"type":"single","resource":"2ac11dcb-891a-4d77-b5b7-16b4663524ab"},{"type":"single","resource":"2ac11dcb-891a-4d77-b5b7-16b4663524ab"},{"type":"single","resource":"2ac11dcb-891a-4d77-b5b7-16b4663524ab"},{"type":"single","resource":"2ac11dcb-891a-4d77-b5b7-16b4663524ab"},{"type":"single","resource":"7c8cb02a-719a-41af-ac42-c630ee4bbeef"},{"type":"single","resource":"7c8cb02a-719a-41af-ac42-c630ee4bbeef"},{"type":"single","resource":"fe95ae9f-2a1a-442d-b1ed-709b1cf5889c"},{"type":"single","resource":"fe95ae9f-2a1a-442d-b1ed-709b1cf5889c"},{"type":"single","resource":"50efc738-644e-4b3c-ac72-30915523a99d"},{"type":"single","resource":"50efc738-644e-4b3c-ac72-30915523a99d"},{"type":"single","resource":"50efc738-644e-4b3c-ac72-30915523a99d"},{"type":"single","resource":"50efc738-644e-4b3c-ac72-30915523a99d"},{"type":"single","resource":"89f5a447-a77e-4d58-9547-974d0b66f55d"},{"type":"single","resource":"89f5a447-a77e-4d58-9547-974d0b66f55d"},{"type":"single","resource":"119b0625-be78-4d24-8b5a-5eea424ecad3"},{"type":"single","resource":"8057c7f7-3bb3-4189-b30f-46f06f52512d"},{"type":"single","resource":"8057c7f7-3bb3-4189-b30f-46f06f52512d"},{"type":"single","resource":"abe9df3a-aa8b-4c17-a837-fd3ceefea646"},{"type":"single","resource":"9c7dd336-b974-4745-bdde-02093853e3cd"},{"type":"single","resource":"7ebd04fe-026e-44eb-8ec7-2ae9c8f4e7f8"},{"type":"single","resource":"7ebd04fe-026e-44eb-8ec7-2ae9c8f4e7f8"},{"type":"single","resource":"1c7658c2-e0a7-46a0-b0ac-a4802a70e030"},{"type":"single","resource":"9bb3915d-e622-480d-8ec9-3ec5ed2ceaef"},{"type":"single","resource":"702e751f-ead1-4766-90da-54474bed064b"},{"type":"single","resource":"702e751f-ead1-4766-90da-54474bed064b"},{"type":"single","resource":"eb8a160c-eb13-4f37-be2c-e42606c2f750"},{"type":"single","resource":"eb8a160c-eb13-4f37-be2c-e42606c2f750"},{"type":"single","resource":"eb8a160c-eb13-4f37-be2c-e42606c2f750"},{"type":"single","resource":"50f18723-3042-4137-9f69-06b090860e7d"},{"type":"single","resource":"50f18723-3042-4137-9f69-06b090860e7d"},{"type":"single","resource":"50f18723-3042-4137-9f69-06b090860e7d"},{"type":"single","resource":"b9c0afd3-5f22-492b-8ff8-593b3c87291e"},{"type":"single","resource":"b9c0afd3-5f22-492b-8ff8-593b3c87291e"},{"type":"single","resource":"b9c0afd3-5f22-492b-8ff8-593b3c87291e"},{"type":"single","resource":"b9c0afd3-5f22-492b-8ff8-593b3c87291e"},{"type":"single","resource":"2fdf4ab5-06e9-4044-8d0b-48ed0b9d3a28"},{"type":"single","resource":"2fdf4ab5-06e9-4044-8d0b-48ed0b9d3a28"},{"type":"single","resource":"2fdf4ab5-06e9-4044-8d0b-48ed0b9d3a28"},{"type":"single","resource":"abbbfe7e-546e-4aa3-970e-101afb0fa9f4"},{"type":"single","resource":"abbbfe7e-546e-4aa3-970e-101afb0fa9f4"},{"type":"single","resource":"f266df55-3ed3-4fb3-abc3-8033b411543c"},{"type":"single","resource":"f266df55-3ed3-4fb3-abc3-8033b411543c"},{"type":"single","resource":"0cb46b15-bfe1-4a25-8289-20a99d55556f"},{"type":"single","resource":"0cb46b15-bfe1-4a25-8289-20a99d55556f"},{"type":"single","resource":"5d94506d-e781-451b-aa53-443510fa62a6"},{"type":"single","resource":"629465f7-e9c2-4d08-a320-5cad7f60edd8"},{"type":"single","resource":"5c747d99-9290-48f1-8a43-2f548d3cd02b"},{"type":"single","resource":"40f8aafe-b1b5-4007-bb51-2cd33216631b"},{"type":"single","resource":"40f8aafe-b1b5-4007-bb51-2cd33216631b"},{"type":"single","resource":"40f8aafe-b1b5-4007-bb51-2cd33216631b"},{"type":"single","resource":"36ec862f-b61c-4806-9b08-01b1b28be217"},{"type":"single","resource":"36ec862f-b61c-4806-9b08-01b1b28be217"},{"type":"single","resource":"e71d2773-f14d-4199-935a-a151edcfa34e"},{"type":"single","resource":"e71d2773-f14d-4199-935a-a151edcfa34e"},{"type":"single","resource":"296d34db-aa28-4d4b-99ea-3f1a07d50986"},{"type":"single","resource":"296d34db-aa28-4d4b-99ea-3f1a07d50986"},{"type":"single","resource":"c1f7bf43-1975-49f1-a5b7-41b797ee8565"},{"type":"single","resource":"4962a878-ea7f-495e-ba04-fa1cd1c41390"},{"type":"single","resource":"be9de006-9605-4a0a-932d-907627cda0f0"},{"type":"single","resource":"16d85cf3-983b-43d2-b8a2-ff3be18182de"},{"type":"single","resource":"16d85cf3-983b-43d2-b8a2-ff3be18182de"},{"type":"single","resource":"fe81b9c5-cace-4d2c-9c57-8cd1ee2e9274"},{"type":"single","resource":"01ba7c94-9242-4720-9cca-e2b4537e0aab"},{"type":"single","resource":"777513f0-6a10-470a-b973-cb8f0a578500"},{"type":"single","resource":"777513f0-6a10-470a-b973-cb8f0a578500"},{"type":"single","resource":"419f709f-ae35-4a81-b4a5-a512293e2158"},{"type":"single","resource":"419f709f-ae35-4a81-b4a5-a512293e2158"},{"type":"single","resource":"a07e1be9-bcf3-490d-b074-b30ea9fb7a97"},{"type":"single","resource":"94893c30-7b5e-4220-86b2-85c09df8fb2d"},{"type":"single","resource":"94893c30-7b5e-4220-86b2-85c09df8fb2d"},{"type":"single","resource":"73258ab5-8c20-4a2a-8a85-9b68cd18397f"},{"type":"single","resource":"73258ab5-8c20-4a2a-8a85-9b68cd18397f"},{"type":"single","resource":"9666fb55-e7e0-4002-be79-d6725ee912ad"},{"type":"single","resource":"9666fb55-e7e0-4002-be79-d6725ee912ad"},{"type":"single","resource":"3e3cb3c5-cb08-47c8-bdbd-a89e532ff2df"},{"type":"single","resource":"3e3cb3c5-cb08-47c8-bdbd-a89e532ff2df"},{"type":"single","resource":"3e3cb3c5-cb08-47c8-bdbd-a89e532ff2df"},{"type":"single","resource":"beab4468-b99f-4d82-a4ae-8eb3e35269bb"},{"type":"single","resource":"beab4468-b99f-4d82-a4ae-8eb3e35269bb"},{"type":"single","resource":"beab4468-b99f-4d82-a4ae-8eb3e35269bb"},{"type":"single","resource":"bff2d2e9-b3dc-47fd-b6d3-66921dc2cd34"},{"type":"single","resource":"bff2d2e9-b3dc-47fd-b6d3-66921dc2cd34"},{"type":"single","resource":"bff2d2e9-b3dc-47fd-b6d3-66921dc2cd34"},{"type":"single","resource":"336fa59d-7bea-4773-b29b-154c52093164"},{"type":"single","resource":"336fa59d-7bea-4773-b29b-154c52093164"},{"type":"single","resource":"336fa59d-7bea-4773-b29b-154c52093164"},{"type":"single","resource":"336fa59d-7bea-4773-b29b-154c52093164"},{"type":"single","resource":"336fa59d-7bea-4773-b29b-154c52093164"},{"type":"single","resource":"336fa59d-7bea-4773-b29b-154c52093164"},{"type":"single","resource":"1092a6b6-a5c1-4b36-8e6c-a77dc8299194"},{"type":"single","resource":"6cf335e3-8547-4058-bf08-e9ff7e2b8e5d"},{"type":"single","resource":"b4801bb2-9bfe-46bd-b1cf-db1615a7d74d"},{"type":"single","resource":"b4801bb2-9bfe-46bd-b1cf-db1615a7d74d"},{"type":"single","resource":"b4801bb2-9bfe-46bd-b1cf-db1615a7d74d"},{"type":"single","resource":"b4801bb2-9bfe-46bd-b1cf-db1615a7d74d"},{"type":"single","resource":"b4801bb2-9bfe-46bd-b1cf-db1615a7d74d"},{"type":"single","resource":"b4801bb2-9bfe-46bd-b1cf-db1615a7d74d"},{"type":"single","resource":"b4801bb2-9bfe-46bd-b1cf-db1615a7d74d"},{"type":"single","resource":"b4801bb2-9bfe-46bd-b1cf-db1615a7d74d"},{"type":"single","resource":"b4801bb2-9bfe-46bd-b1cf-db1615a7d74d"},{"type":"single","resource":"b4801bb2-9bfe-46bd-b1cf-db1615a7d74d"},{"type":"single","resource":"b4801bb2-9bfe-46bd-b1cf-db1615a7d74d"},{"type":"single","resource":"b4801bb2-9bfe-46bd-b1cf-db1615a7d74d"},{"type":"single","resource":"b4801bb2-9bfe-46bd-b1cf-db1615a7d74d"},{"type":"single","resource":"b4801bb2-9bfe-46bd-b1cf-db1615a7d74d"},{"type":"single","resource":"b4801bb2-9bfe-46bd-b1cf-db1615a7d74d"},{"type":"single","resource":"b4801bb2-9bfe-46bd-b1cf-db1615a7d74d"},{"type":"single","resource":"b4801bb2-9bfe-46bd-b1cf-db1615a7d74d"},{"type":"single","resource":"b4801bb2-9bfe-46bd-b1cf-db1615a7d74d"},{"type":"single","resource":"b4801bb2-9bfe-46bd-b1cf-db1615a7d74d"},{"type":"single","resource":"b4801bb2-9bfe-46bd-b1cf-db1615a7d74d"},{"type":"single","resource":"b4801bb2-9bfe-46bd-b1cf-db1615a7d74d"},{"type":"single","resource":"b4801bb2-9bfe-46bd-b1cf-db1615a7d74d"},{"type":"single","resource":"b4801bb2-9bfe-46bd-b1cf-db1615a7d74d"},{"type":"single","resource":"b4801bb2-9bfe-46bd-b1cf-db1615a7d74d"},{"type":"single","resource":"b4801bb2-9bfe-46bd-b1cf-db1615a7d74d"},{"type":"single","resource":"b4801bb2-9bfe-46bd-b1cf-db1615a7d74d"},{"type":"single","resource":"b4801bb2-9bfe-46bd-b1cf-db1615a7d74d"},{"type":"single","resource":"b4801bb2-9bfe-46bd-b1cf-db1615a7d74d"},{"type":"single","resource":"b4801bb2-9bfe-46bd-b1cf-db1615a7d74d"},{"type":"single","resource":"b4801bb2-9bfe-46bd-b1cf-db1615a7d74d"},{"type":"single","resource":"b4801bb2-9bfe-46bd-b1cf-db1615a7d74d"},{"type":"single","resource":"b4801bb2-9bfe-46bd-b1cf-db1615a7d74d"},{"type":"single","resource":"b4801bb2-9bfe-46bd-b1cf-db1615a7d74d"},{"type":"single","resource":"b4801bb2-9bfe-46bd-b1cf-db1615a7d74d"},{"type":"single","resource":"b4801bb2-9bfe-46bd-b1cf-db1615a7d74d"},{"type":"single","resource":"b4801bb2-9bfe-46bd-b1cf-db1615a7d74d"},{"type":"single","resource":"b4801bb2-9bfe-46bd-b1cf-db1615a7d74d"},{"type":"single","resource":"b4801bb2-9bfe-46bd-b1cf-db1615a7d74d"},{"type":"single","resource":"a81329a1-3ec5-4a61-b4a0-891f3c81c9d0"},{"type":"single","resource":"a81329a1-3ec5-4a61-b4a0-891f3c81c9d0"},{"type":"single","resource":"a81329a1-3ec5-4a61-b4a0-891f3c81c9d0"},{"type":"single","resource":"a81329a1-3ec5-4a61-b4a0-891f3c81c9d0"},{"type":"single","resource":"a81329a1-3ec5-4a61-b4a0-891f3c81c9d0"},{"type":"single","resource":"a81329a1-3ec5-4a61-b4a0-891f3c81c9d0"},{"type":"single","resource":"a81329a1-3ec5-4a61-b4a0-891f3c81c9d0"},{"type":"single","resource":"a81329a1-3ec5-4a61-b4a0-891f3c81c9d0"},{"type":"single","resource":"a81329a1-3ec5-4a61-b4a0-891f3c81c9d0"},{"type":"single","resource":"a81329a1-3ec5-4a61-b4a0-891f3c81c9d0"},{"type":"single","resource":"a81329a1-3ec5-4a61-b4a0-891f3c81c9d0"},{"type":"single","resource":"a81329a1-3ec5-4a61-b4a0-891f3c81c9d0"},{"type":"single","resource":"a81329a1-3ec5-4a61-b4a0-891f3c81c9d0"},{"type":"single","resource":"a81329a1-3ec5-4a61-b4a0-891f3c81c9d0"},{"type":"single","resource":"a81329a1-3ec5-4a61-b4a0-891f3c81c9d0"},{"type":"single","resource":"a81329a1-3ec5-4a61-b4a0-891f3c81c9d0"},{"type":"single","resource":"a81329a1-3ec5-4a61-b4a0-891f3c81c9d0"},{"type":"single","resource":"a81329a1-3ec5-4a61-b4a0-891f3c81c9d0"},{"type":"single","resource":"a81329a1-3ec5-4a61-b4a0-891f3c81c9d0"},{"type":"single","resource":"a81329a1-3ec5-4a61-b4a0-891f3c81c9d0"},{"type":"single","resource":"a81329a1-3ec5-4a61-b4a0-891f3c81c9d0"},{"type":"single","resource":"a81329a1-3ec5-4a61-b4a0-891f3c81c9d0"},{"type":"single","resource":"a81329a1-3ec5-4a61-b4a0-891f3c81c9d0"},{"type":"single","resource":"a81329a1-3ec5-4a61-b4a0-891f3c81c9d0"},{"type":"single","resource":"a81329a1-3ec5-4a61-b4a0-891f3c81c9d0"},{"type":"single","resource":"a81329a1-3ec5-4a61-b4a0-891f3c81c9d0"},{"type":"single","resource":"a81329a1-3ec5-4a61-b4a0-891f3c81c9d0"},{"type":"single","resource":"a81329a1-3ec5-4a61-b4a0-891f3c81c9d0"},{"type":"single","resource":"b5be9c39-faf1-453d-af57-7d7a05cc7424"},{"type":"single","resource":"b5be9c39-faf1-453d-af57-7d7a05cc7424"},{"type":"single","resource":"b5be9c39-faf1-453d-af57-7d7a05cc7424"},{"type":"single","resource":"b5be9c39-faf1-453d-af57-7d7a05cc7424"},{"type":"single","resource":"b5be9c39-faf1-453d-af57-7d7a05cc7424"},{"type":"single","resource":"b5be9c39-faf1-453d-af57-7d7a05cc7424"},{"type":"single","resource":"1116912d-002f-45b7-a23d-a79f176ba029"},{"type":"single","resource":"1116912d-002f-45b7-a23d-a79f176ba029"},{"type":"single","resource":"1116912d-002f-45b7-a23d-a79f176ba029"},{"type":"single","resource":"1116912d-002f-45b7-a23d-a79f176ba029"},{"type":"single","resource":"1116912d-002f-45b7-a23d-a79f176ba029"},{"type":"single","resource":"1116912d-002f-45b7-a23d-a79f176ba029"},{"type":"single","resource":"1116912d-002f-45b7-a23d-a79f176ba029"},{"type":"single","resource":"1116912d-002f-45b7-a23d-a79f176ba029"},{"type":"single","resource":"1116912d-002f-45b7-a23d-a79f176ba029"},{"type":"single","resource":"1116912d-002f-45b7-a23d-a79f176ba029"},{"type":"single","resource":"1116912d-002f-45b7-a23d-a79f176ba029"},{"type":"single","resource":"1116912d-002f-45b7-a23d-a79f176ba029"},{"type":"single","resource":"1116912d-002f-45b7-a23d-a79f176ba029"},{"type":"single","resource":"1116912d-002f-45b7-a23d-a79f176ba029"},{"type":"single","resource":"1116912d-002f-45b7-a23d-a79f176ba029"},{"type":"single","resource":"1116912d-002f-45b7-a23d-a79f176ba029"},{"type":"single","resource":"1116912d-002f-45b7-a23d-a79f176ba029"},{"type":"single","resource":"1116912d-002f-45b7-a23d-a79f176ba029"},{"type":"single","resource":"1116912d-002f-45b7-a23d-a79f176ba029"},{"type":"single","resource":"1116912d-002f-45b7-a23d-a79f176ba029"},{"type":"single","resource":"1116912d-002f-45b7-a23d-a79f176ba029"},{"type":"single","resource":"1116912d-002f-45b7-a23d-a79f176ba029"},{"type":"single","resource":"1116912d-002f-45b7-a23d-a79f176ba029"},{"type":"single","resource":"1116912d-002f-45b7-a23d-a79f176ba029"},{"type":"single","resource":"1116912d-002f-45b7-a23d-a79f176ba029"},{"type":"single","resource":"1116912d-002f-45b7-a23d-a79f176ba029"},{"type":"single","resource":"1116912d-002f-45b7-a23d-a79f176ba029"},{"type":"single","resource":"1116912d-002f-45b7-a23d-a79f176ba029"},{"type":"single","resource":"a4e45f36-6842-48a3-be6f-2b6f0c91fea6"},{"type":"single","resource":"a4e45f36-6842-48a3-be6f-2b6f0c91fea6"},{"type":"single","resource":"a4e45f36-6842-48a3-be6f-2b6f0c91fea6"},{"type":"single","resource":"a4e45f36-6842-48a3-be6f-2b6f0c91fea6"},{"type":"single","resource":"a4e45f36-6842-48a3-be6f-2b6f0c91fea6"},{"type":"single","resource":"a4e45f36-6842-48a3-be6f-2b6f0c91fea6"},{"type":"single","resource":"a4e45f36-6842-48a3-be6f-2b6f0c91fea6"},{"type":"single","resource":"a4e45f36-6842-48a3-be6f-2b6f0c91fea6"},{"type":"single","resource":"a4e45f36-6842-48a3-be6f-2b6f0c91fea6"},{"type":"single","resource":"a4e45f36-6842-48a3-be6f-2b6f0c91fea6"},{"type":"single","resource":"a4e45f36-6842-48a3-be6f-2b6f0c91fea6"},{"type":"single","resource":"a4e45f36-6842-48a3-be6f-2b6f0c91fea6"},{"type":"single","resource":"a4e45f36-6842-48a3-be6f-2b6f0c91fea6"},{"type":"single","resource":"a4e45f36-6842-48a3-be6f-2b6f0c91fea6"},{"type":"single","resource":"a4e45f36-6842-48a3-be6f-2b6f0c91fea6"},{"type":"single","resource":"a4e45f36-6842-48a3-be6f-2b6f0c91fea6"},{"type":"single","resource":"a4e45f36-6842-48a3-be6f-2b6f0c91fea6"},{"type":"single","resource":"a4e45f36-6842-48a3-be6f-2b6f0c91fea6"},{"type":"single","resource":"a4e45f36-6842-48a3-be6f-2b6f0c91fea6"},{"type":"single","resource":"a4e45f36-6842-48a3-be6f-2b6f0c91fea6"},{"type":"single","resource":"a4e45f36-6842-48a3-be6f-2b6f0c91fea6"},{"type":"single","resource":"a4e45f36-6842-48a3-be6f-2b6f0c91fea6"},{"type":"single","resource":"a4e45f36-6842-48a3-be6f-2b6f0c91fea6"},{"type":"single","resource":"a4e45f36-6842-48a3-be6f-2b6f0c91fea6"},{"type":"single","resource":"a4e45f36-6842-48a3-be6f-2b6f0c91fea6"},{"type":"single","resource":"a4e45f36-6842-48a3-be6f-2b6f0c91fea6"},{"type":"single","resource":"a4e45f36-6842-48a3-be6f-2b6f0c91fea6"},{"type":"single","resource":"a4e45f36-6842-48a3-be6f-2b6f0c91fea6"},{"type":"single","resource":"d6cfe9bf-139d-429d-a55b-e8003080996d"},{"type":"single","resource":"d6cfe9bf-139d-429d-a55b-e8003080996d"},{"type":"single","resource":"d6cfe9bf-139d-429d-a55b-e8003080996d"},{"type":"single","resource":"d6cfe9bf-139d-429d-a55b-e8003080996d"},{"type":"single","resource":"d6cfe9bf-139d-429d-a55b-e8003080996d"},{"type":"single","resource":"d6cfe9bf-139d-429d-a55b-e8003080996d"},{"type":"single","resource":"d6cfe9bf-139d-429d-a55b-e8003080996d"},{"type":"single","resource":"d6cfe9bf-139d-429d-a55b-e8003080996d"},{"type":"single","resource":"d6cfe9bf-139d-429d-a55b-e8003080996d"},{"type":"single","resource":"d6cfe9bf-139d-429d-a55b-e8003080996d"},{"type":"single","resource":"d6cfe9bf-139d-429d-a55b-e8003080996d"},{"type":"single","resource":"d6cfe9bf-139d-429d-a55b-e8003080996d"},{"type":"single","resource":"d6cfe9bf-139d-429d-a55b-e8003080996d"},{"type":"single","resource":"d6cfe9bf-139d-429d-a55b-e8003080996d"},{"type":"single","resource":"d6cfe9bf-139d-429d-a55b-e8003080996d"},{"type":"single","resource":"d6cfe9bf-139d-429d-a55b-e8003080996d"},{"type":"single","resource":"d6cfe9bf-139d-429d-a55b-e8003080996d"},{"type":"single","resource":"d6cfe9bf-139d-429d-a55b-e8003080996d"},{"type":"single","resource":"d6cfe9bf-139d-429d-a55b-e8003080996d"},{"type":"single","resource":"d6cfe9bf-139d-429d-a55b-e8003080996d"},{"type":"single","resource":"d6cfe9bf-139d-429d-a55b-e8003080996d"},{"type":"single","resource":"d6cfe9bf-139d-429d-a55b-e8003080996d"},{"type":"single","resource":"d6cfe9bf-139d-429d-a55b-e8003080996d"},{"type":"single","resource":"d6cfe9bf-139d-429d-a55b-e8003080996d"},{"type":"single","resource":"d6cfe9bf-139d-429d-a55b-e8003080996d"},{"type":"single","resource":"d6cfe9bf-139d-429d-a55b-e8003080996d"},{"type":"single","resource":"d6cfe9bf-139d-429d-a55b-e8003080996d"},{"type":"single","resource":"d6cfe9bf-139d-429d-a55b-e8003080996d"},{"type":"single","resource":"d6cfe9bf-139d-429d-a55b-e8003080996d"},{"type":"single","resource":"7f6954ef-86ed-4c9f-9801-bd51da639f76"},{"type":"single","resource":"7f6954ef-86ed-4c9f-9801-bd51da639f76"},{"type":"single","resource":"7f6954ef-86ed-4c9f-9801-bd51da639f76"},{"type":"single","resource":"7f6954ef-86ed-4c9f-9801-bd51da639f76"},{"type":"single","resource":"7f6954ef-86ed-4c9f-9801-bd51da639f76"},{"type":"single","resource":"eba4596f-e21d-411a-833b-0544b56b06bf"},{"type":"single","resource":"eba4596f-e21d-411a-833b-0544b56b06bf"},{"type":"single","resource":"eba4596f-e21d-411a-833b-0544b56b06bf"},{"type":"single","resource":"eba4596f-e21d-411a-833b-0544b56b06bf"},{"type":"single","resource":"eba4596f-e21d-411a-833b-0544b56b06bf"},{"type":"single","resource":"eba4596f-e21d-411a-833b-0544b56b06bf"},{"type":"single","resource":"eba4596f-e21d-411a-833b-0544b56b06bf"},{"type":"single","resource":"eba4596f-e21d-411a-833b-0544b56b06bf"},{"type":"single","resource":"eba4596f-e21d-411a-833b-0544b56b06bf"},{"type":"single","resource":"eba4596f-e21d-411a-833b-0544b56b06bf"},{"type":"single","resource":"eba4596f-e21d-411a-833b-0544b56b06bf"},{"type":"single","resource":"eba4596f-e21d-411a-833b-0544b56b06bf"},{"type":"single","resource":"eba4596f-e21d-411a-833b-0544b56b06bf"},{"type":"single","resource":"eba4596f-e21d-411a-833b-0544b56b06bf"},{"type":"single","resource":"eba4596f-e21d-411a-833b-0544b56b06bf"},{"type":"single","resource":"eba4596f-e21d-411a-833b-0544b56b06bf"},{"type":"single","resource":"eba4596f-e21d-411a-833b-0544b56b06bf"},{"type":"single","resource":"eba4596f-e21d-411a-833b-0544b56b06bf"},{"type":"single","resource":"eba4596f-e21d-411a-833b-0544b56b06bf"},{"type":"single","resource":"eba4596f-e21d-411a-833b-0544b56b06bf"},{"type":"single","resource":"eba4596f-e21d-411a-833b-0544b56b06bf"},{"type":"single","resource":"eba4596f-e21d-411a-833b-0544b56b06bf"},{"type":"single","resource":"eba4596f-e21d-411a-833b-0544b56b06bf"},{"type":"single","resource":"8ff21426-3acf-4f0a-832d-9bd9311357e7"},{"type":"single","resource":"8ff21426-3acf-4f0a-832d-9bd9311357e7"},{"type":"single","resource":"8ff21426-3acf-4f0a-832d-9bd9311357e7"},{"type":"single","resource":"73a99e9d-03a3-419d-92bb-37f851664cbe"},{"type":"single","resource":"73a99e9d-03a3-419d-92bb-37f851664cbe"},{"type":"single","resource":"73a99e9d-03a3-419d-92bb-37f851664cbe"},{"type":"single","resource":"44573b84-22b0-4991-afe4-9f11d0ebb82e"},{"type":"single","resource":"44573b84-22b0-4991-afe4-9f11d0ebb82e"},{"type":"single","resource":"44573b84-22b0-4991-afe4-9f11d0ebb82e"},{"type":"single","resource":"5ad30e5a-42c6-41cb-ad40-ef5024351ed6"},{"type":"single","resource":"5ad30e5a-42c6-41cb-ad40-ef5024351ed6"},{"type":"single","resource":"5ad30e5a-42c6-41cb-ad40-ef5024351ed6"},{"type":"single","resource":"b14fa76d-33cd-4a68-a978-9e17a885be1e"},{"type":"single","resource":"0d5f8b44-3ae6-424a-bd20-723be6edffb8"},{"type":"single","resource":"b34e7be0-cf1e-446e-82e2-1a434729b31e"},{"type":"single","resource":"b34e7be0-cf1e-446e-82e2-1a434729b31e"},{"type":"single","resource":"b34e7be0-cf1e-446e-82e2-1a434729b31e"},{"type":"single","resource":"b34e7be0-cf1e-446e-82e2-1a434729b31e"},{"type":"single","resource":"b34e7be0-cf1e-446e-82e2-1a434729b31e"},{"type":"single","resource":"b34e7be0-cf1e-446e-82e2-1a434729b31e"},{"type":"single","resource":"b34e7be0-cf1e-446e-82e2-1a434729b31e"},{"type":"single","resource":"b34e7be0-cf1e-446e-82e2-1a434729b31e"},{"type":"single","resource":"b34e7be0-cf1e-446e-82e2-1a434729b31e"},{"type":"single","resource":"b34e7be0-cf1e-446e-82e2-1a434729b31e"},{"type":"single","resource":"3f9ac95c-08a5-4245-ad53-3ca08b5c252f"},{"type":"single","resource":"3f9ac95c-08a5-4245-ad53-3ca08b5c252f"},{"type":"single","resource":"3f9ac95c-08a5-4245-ad53-3ca08b5c252f"},{"type":"single","resource":"3f9ac95c-08a5-4245-ad53-3ca08b5c252f"},{"type":"single","resource":"3f9ac95c-08a5-4245-ad53-3ca08b5c252f"},{"type":"single","resource":"3f9ac95c-08a5-4245-ad53-3ca08b5c252f"},{"type":"single","resource":"3f9ac95c-08a5-4245-ad53-3ca08b5c252f"},{"type":"single","resource":"3f9ac95c-08a5-4245-ad53-3ca08b5c252f"},{"type":"single","resource":"3f9ac95c-08a5-4245-ad53-3ca08b5c252f"},{"type":"single","resource":"3f9ac95c-08a5-4245-ad53-3ca08b5c252f"},{"type":"single","resource":"3f9ac95c-08a5-4245-ad53-3ca08b5c252f"},{"type":"single","resource":"3f9ac95c-08a5-4245-ad53-3ca08b5c252f"},{"type":"single","resource":"3f9ac95c-08a5-4245-ad53-3ca08b5c252f"},{"type":"single","resource":"3f9ac95c-08a5-4245-ad53-3ca08b5c252f"},{"type":"single","resource":"3f9ac95c-08a5-4245-ad53-3ca08b5c252f"},{"type":"single","resource":"3f9ac95c-08a5-4245-ad53-3ca08b5c252f"},{"type":"single","resource":"3f9ac95c-08a5-4245-ad53-3ca08b5c252f"},{"type":"single","resource":"3f9ac95c-08a5-4245-ad53-3ca08b5c252f"},{"type":"single","resource":"3f9ac95c-08a5-4245-ad53-3ca08b5c252f"},{"type":"single","resource":"3f9ac95c-08a5-4245-ad53-3ca08b5c252f"},{"type":"single","resource":"3f9ac95c-08a5-4245-ad53-3ca08b5c252f"},{"type":"single","resource":"3f9ac95c-08a5-4245-ad53-3ca08b5c252f"},{"type":"single","resource":"3f9ac95c-08a5-4245-ad53-3ca08b5c252f"},{"type":"single","resource":"26273feb-f46b-4869-909e-19a0435e2319"},{"type":"single","resource":"26273feb-f46b-4869-909e-19a0435e2319"},{"type":"single","resource":"26273feb-f46b-4869-909e-19a0435e2319"},{"type":"single","resource":"26273feb-f46b-4869-909e-19a0435e2319"},{"type":"single","resource":"26273feb-f46b-4869-909e-19a0435e2319"},{"type":"single","resource":"26273feb-f46b-4869-909e-19a0435e2319"},{"type":"single","resource":"26273feb-f46b-4869-909e-19a0435e2319"},{"type":"single","resource":"26273feb-f46b-4869-909e-19a0435e2319"},{"type":"single","resource":"26273feb-f46b-4869-909e-19a0435e2319"},{"type":"single","resource":"26273feb-f46b-4869-909e-19a0435e2319"},{"type":"single","resource":"26273feb-f46b-4869-909e-19a0435e2319"},{"type":"single","resource":"26273feb-f46b-4869-909e-19a0435e2319"},{"type":"single","resource":"26273feb-f46b-4869-909e-19a0435e2319"},{"type":"single","resource":"26273feb-f46b-4869-909e-19a0435e2319"},{"type":"single","resource":"26273feb-f46b-4869-909e-19a0435e2319"},{"type":"single","resource":"26273feb-f46b-4869-909e-19a0435e2319"},{"type":"single","resource":"26273feb-f46b-4869-909e-19a0435e2319"},{"type":"single","resource":"26273feb-f46b-4869-909e-19a0435e2319"},{"type":"single","resource":"26273feb-f46b-4869-909e-19a0435e2319"},{"type":"single","resource":"26273feb-f46b-4869-909e-19a0435e2319"},{"type":"single","resource":"26273feb-f46b-4869-909e-19a0435e2319"},{"type":"single","resource":"26273feb-f46b-4869-909e-19a0435e2319"},{"type":"single","resource":"26273feb-f46b-4869-909e-19a0435e2319"},{"type":"single","resource":"26273feb-f46b-4869-909e-19a0435e2319"},{"type":"single","resource":"26273feb-f46b-4869-909e-19a0435e2319"},{"type":"single","resource":"26273feb-f46b-4869-909e-19a0435e2319"},{"type":"single","resource":"26273feb-f46b-4869-909e-19a0435e2319"},{"type":"single","resource":"26273feb-f46b-4869-909e-19a0435e2319"},{"type":"single","resource":"26273feb-f46b-4869-909e-19a0435e2319"},{"type":"single","resource":"26273feb-f46b-4869-909e-19a0435e2319"},{"type":"single","resource":"26273feb-f46b-4869-909e-19a0435e2319"},{"type":"single","resource":"26273feb-f46b-4869-909e-19a0435e2319"},{"type":"single","resource":"26273feb-f46b-4869-909e-19a0435e2319"},{"type":"single","resource":"26273feb-f46b-4869-909e-19a0435e2319"},{"type":"single","resource":"26273feb-f46b-4869-909e-19a0435e2319"},{"type":"single","resource":"26273feb-f46b-4869-909e-19a0435e2319"},{"type":"single","resource":"164198e9-f5d4-4626-8eea-49f8a132d7db"},{"type":"single","resource":"164198e9-f5d4-4626-8eea-49f8a132d7db"},{"type":"single","resource":"164198e9-f5d4-4626-8eea-49f8a132d7db"},{"type":"single","resource":"164198e9-f5d4-4626-8eea-49f8a132d7db"},{"type":"single","resource":"164198e9-f5d4-4626-8eea-49f8a132d7db"},{"type":"single","resource":"164198e9-f5d4-4626-8eea-49f8a132d7db"},{"type":"single","resource":"164198e9-f5d4-4626-8eea-49f8a132d7db"},{"type":"single","resource":"164198e9-f5d4-4626-8eea-49f8a132d7db"},{"type":"single","resource":"164198e9-f5d4-4626-8eea-49f8a132d7db"},{"type":"single","resource":"164198e9-f5d4-4626-8eea-49f8a132d7db"},{"type":"single","resource":"164198e9-f5d4-4626-8eea-49f8a132d7db"},{"type":"single","resource":"164198e9-f5d4-4626-8eea-49f8a132d7db"},{"type":"single","resource":"164198e9-f5d4-4626-8eea-49f8a132d7db"},{"type":"single","resource":"164198e9-f5d4-4626-8eea-49f8a132d7db"},{"type":"single","resource":"f6e3f420-fce7-4d6d-9f56-301f2f625d16"},{"type":"single","resource":"f6e3f420-fce7-4d6d-9f56-301f2f625d16"},{"type":"single","resource":"f6e3f420-fce7-4d6d-9f56-301f2f625d16"},{"type":"single","resource":"f6e3f420-fce7-4d6d-9f56-301f2f625d16"},{"type":"single","resource":"f6e3f420-fce7-4d6d-9f56-301f2f625d16"},{"type":"single","resource":"f6e3f420-fce7-4d6d-9f56-301f2f625d16"},{"type":"single","resource":"f6e3f420-fce7-4d6d-9f56-301f2f625d16"},{"type":"single","resource":"f6e3f420-fce7-4d6d-9f56-301f2f625d16"},{"type":"single","resource":"f6e3f420-fce7-4d6d-9f56-301f2f625d16"},{"type":"single","resource":"f6e3f420-fce7-4d6d-9f56-301f2f625d16"},{"type":"single","resource":"f6e3f420-fce7-4d6d-9f56-301f2f625d16"},{"type":"single","resource":"f6e3f420-fce7-4d6d-9f56-301f2f625d16"},{"type":"single","resource":"19db6a52-3514-4452-9e68-2f5e3a01e347"},{"type":"single","resource":"19db6a52-3514-4452-9e68-2f5e3a01e347"},{"type":"single","resource":"19db6a52-3514-4452-9e68-2f5e3a01e347"},{"type":"single","resource":"19db6a52-3514-4452-9e68-2f5e3a01e347"},{"type":"single","resource":"19db6a52-3514-4452-9e68-2f5e3a01e347"},{"type":"single","resource":"19db6a52-3514-4452-9e68-2f5e3a01e347"},{"type":"single","resource":"cubees:6e253b5e-0d47-41ad-bf7e-2752352a0d5c"},{"type":"single","resource":"cubees:6e253b5e-0d47-41ad-bf7e-2752352a0d5c"},{"type":"single","resource":"cubees:5225e759-a8b8-4d46-99c2-d4196c2f913a"},{"type":"single","resource":"cubees:5225e759-a8b8-4d46-99c2-d4196c2f913a"},{"type":"single","resource":"cubees:c4c215df-d91f-4ac6-bf1b-6b648f74a986"},{"type":"single","resource":"cubees:c4c215df-d91f-4ac6-bf1b-6b648f74a986"},{"type":"single","resource":"cubees:8f92eeb9-f98c-4a3f-b736-c13c4f5d6e8e"},{"type":"single","resource":"cubees:8f92eeb9-f98c-4a3f-b736-c13c4f5d6e8e"},{"type":"single","resource":"cubees:8c12b767-548d-4b49-8415-2737f94364f4"},{"type":"single","resource":"cubees:8c12b767-548d-4b49-8415-2737f94364f4"},{"type":"single","resource":"cubees:fc410ace-88d9-4a83-94e9-66637e0cb739"},{"type":"single","resource":"cubees:fc410ace-88d9-4a83-94e9-66637e0cb739"},{"type":"single","resource":"cubees:bcba1ad1-1e24-4e6b-ac1b-1c0f497c38d4"},{"type":"single","resource":"cubees:bcba1ad1-1e24-4e6b-ac1b-1c0f497c38d4"},{"type":"single","resource":"cubees:0d6f8366-7e35-4292-9ac4-df4589c322e4"},{"type":"single","resource":"cubees:0d6f8366-7e35-4292-9ac4-df4589c322e4"}]}