{"model":{"type":"minecraft:range_dispatch","property":"minecraft:custom_model_data","fallback":{"type":"minecraft:select","cases":[{"model":{"type":"minecraft:model","model":"minecraft:item/leather_boots_quartz_trim","tints":[{"type":"minecraft:dye","default":-6265536}]},"when":"minecraft:quartz"},{"model":{"type":"minecraft:model","model":"minecraft:item/leather_boots_iron_trim","tints":[{"type":"minecraft:dye","default":-6265536}]},"when":"minecraft:iron"},{"model":{"type":"minecraft:model","model":"minecraft:item/leather_boots_netherite_trim","tints":[{"type":"minecraft:dye","default":-6265536}]},"when":"minecraft:netherite"},{"model":{"type":"minecraft:model","model":"minecraft:item/leather_boots_redstone_trim","tints":[{"type":"minecraft:dye","default":-6265536}]},"when":"minecraft:redstone"},{"model":{"type":"minecraft:model","model":"minecraft:item/leather_boots_copper_trim","tints":[{"type":"minecraft:dye","default":-6265536}]},"when":"minecraft:copper"},{"model":{"type":"minecraft:model","model":"minecraft:item/leather_boots_gold_trim","tints":[{"type":"minecraft:dye","default":-6265536}]},"when":"minecraft:gold"},{"model":{"type":"minecraft:model","model":"minecraft:item/leather_boots_emerald_trim","tints":[{"type":"minecraft:dye","default":-6265536}]},"when":"minecraft:emerald"},{"model":{"type":"minecraft:model","model":"minecraft:item/leather_boots_diamond_trim","tints":[{"type":"minecraft:dye","default":-6265536}]},"when":"minecraft:diamond"},{"model":{"type":"minecraft:model","model":"minecraft:item/leather_boots_lapis_trim","tints":[{"type":"minecraft:dye","default":-6265536}]},"when":"minecraft:lapis"},{"model":{"type":"minecraft:model","model":"minecraft:item/leather_boots_amethyst_trim","tints":[{"type":"minecraft:dye","default":-6265536}]},"when":"minecraft:amethyst"},{"model":{"type":"minecraft:model","model":"minecraft:item/leather_boots_resin_trim","tints":[{"type":"minecraft:dye","default":-6265536}]},"when":"minecraft:resin"}],"fallback":{"type":"minecraft:model","model":"minecraft:item/leather_boots","tints":[{"type":"minecraft:dye","default":-6265536}]},"property":"minecraft:trim_material"},"entries":[{"threshold":1000.0,"model":{"model":"minecraft:a0a67255-a681-47b6-9494-5379f430aef9","type":"minecraft:model"}},{"threshold":1001.0,"model":{"model":"minecraft:18d70710-7d66-42b8-abce-bfacdbee6b5d","type":"minecraft:model"}},{"threshold":1002.0,"model":{"model":"minecraft:1d9fb1b6-036d-4e15-8984-2d743b0cfbdd","type":"minecraft:model"}},{"threshold":1027.0,"model":{"model":"minecraft:fdb72c98-380d-48a4-9a12-0d83c706ab29","type":"minecraft:model"}},{"threshold":12003.0,"model":{"model":"minecraft:5e671380-e442-45dd-a191-a4ea3b710d4f","type":"minecraft:model"}},{"threshold":13003.0,"model":{"model":"minecraft:41bb6418-d306-4d14-a8b4-bf9a83397dae","type":"minecraft:model"}}]}}