{"parent":"item/generated","display":{"thirdperson_righthand":{"rotation":[-80.0,260.0,-40.0],"translation":[-1.0,-2.0,2.5],"scale":[0.9,0.9,0.9]},"thirdperson_lefthand":{"rotation":[-80.0,-280.0,40.0],"translation":[-1.0,-2.0,2.5],"scale":[0.9,0.9,0.9]},"firstperson_righthand":{"rotation":[0.0,-90.0,25.0],"translation":[1.13,3.2,1.13],"scale":[0.68,0.68,0.68]},"firstperson_lefthand":{"rotation":[0.0,90.0,-25.0],"translation":[1.13,3.2,1.13],"scale":[0.68,0.68,0.68]}},"textures":{"layer0":"item/bow"},"overrides":[{"predicate":{"pulling":1},"model":"item/bow_pulling_0"},{"predicate":{"pulling":1,"pull":0.65},"model":"item/bow_pulling_1"},{"predicate":{"pulling":1,"pull":0.9},"model":"item/bow_pulling_2"},{"predicate":{"custom_model_data":1012},"model":"dd8f4683-e3a1-4002-a3e7-a34ea27565ec"},{"predicate":{"pulling":1.0,"pull":0.0,"custom_model_data":1012},"model":"a32af60d-a5da-4683-b97f-c8bbf86fd02b"},{"predicate":{"pulling":1.0,"pull":0.65,"custom_model_data":1012},"model":"3f13f1ab-86ef-450c-966a-ba9b290c07a0"},{"predicate":{"pulling":1.0,"pull":0.9,"custom_model_data":1012},"model":"8d3e6ff5-b88b-4c69-8bc3-5509b6dc5384"},{"predicate":{"custom_model_data":9001},"model":"2392517e-76f2-4e09-916f-32329acf67f8"},{"predicate":{"pulling":1.0,"pull":0.0,"custom_model_data":9001},"model":"11549fea-4579-4459-a0dc-79cf1732442f"},{"predicate":{"pulling":1.0,"pull":0.65,"custom_model_data":9001},"model":"b6cc1a19-1ccc-4dfe-b0e1-73c7edb24417"},{"predicate":{"pulling":1.0,"pull":0.9,"custom_model_data":9001},"model":"70d07eb7-87f0-4ef0-bd51-b263b1e9c561"},{"predicate":{"custom_model_data":12011},"model":"cbdf524a-0a9a-4021-99ac-e600cdc9a85b"},{"predicate":{"pulling":1.0,"pull":0.0,"custom_model_data":12011},"model":"2a5042f7-3f4d-4a67-8b8a-3520ed79c945"},{"predicate":{"pulling":1.0,"pull":0.65,"custom_model_data":12011},"model":"17dd80c2-2e42-4d91-adb0-ac374691b7f4"},{"predicate":{"pulling":1.0,"pull":0.9,"custom_model_data":12011},"model":"e2ba2fea-25f9-47aa-bb61-fbf35ec58649"},{"predicate":{"custom_model_data":13010},"model":"b00185df-ebcd-40d0-8c6b-bf7eb5418710"},{"predicate":{"pulling":1.0,"pull":0.0,"custom_model_data":13010},"model":"98f5cef9-9e64-4f06-9409-6589e1968c26"},{"predicate":{"pulling":1.0,"pull":0.65,"custom_model_data":13010},"model":"2a384554-23b8-4daf-b372-474f2b80c60d"},{"predicate":{"pulling":1.0,"pull":0.9,"custom_model_data":13010},"model":"c1792d9a-779d-48ec-8c98-ebe7ea1884de"}]}