{"parent":"item/generated","display":{"thirdperson_righthand":{"rotation":[-80.0,260.0,-40.0],"translation":[-1.0,-2.0,2.5],"scale":[0.9,0.9,0.9]},"thirdperson_lefthand":{"rotation":[-80.0,-280.0,40.0],"translation":[-1.0,-2.0,2.5],"scale":[0.9,0.9,0.9]},"firstperson_righthand":{"rotation":[0.0,-90.0,25.0],"translation":[1.13,3.2,1.13],"scale":[0.68,0.68,0.68]},"firstperson_lefthand":{"rotation":[0.0,90.0,-25.0],"translation":[1.13,3.2,1.13],"scale":[0.68,0.68,0.68]}},"textures":{"layer0":"item/bow"},"overrides":[{"predicate":{"pulling":1},"model":"item/bow_pulling_0"},{"predicate":{"pulling":1,"pull":0.65},"model":"item/bow_pulling_1"},{"predicate":{"pulling":1,"pull":0.9},"model":"item/bow_pulling_2"},{"predicate":{"custom_model_data":1012},"model":"a8a0aa94-6bdb-45d4-b2e1-8e20b2b2e81c"},{"predicate":{"pulling":1.0,"pull":0.0,"custom_model_data":1012},"model":"3daeb552-65e3-4ce7-a03c-83fddcb60f5e"},{"predicate":{"pulling":1.0,"pull":0.65,"custom_model_data":1012},"model":"2220469f-944f-4667-9e63-0f4dc65bb357"},{"predicate":{"pulling":1.0,"pull":0.9,"custom_model_data":1012},"model":"eaa2912a-3727-4013-8418-7a145a90b9ed"},{"predicate":{"custom_model_data":9001},"model":"b333e402-498e-460c-bccb-f97bc0f0eed5"},{"predicate":{"pulling":1.0,"pull":0.0,"custom_model_data":9001},"model":"24e2625a-4740-4903-aa9e-67bca9848bdd"},{"predicate":{"pulling":1.0,"pull":0.65,"custom_model_data":9001},"model":"cc4a06e7-710a-4ecc-9f9d-0fdb549023fc"},{"predicate":{"pulling":1.0,"pull":0.9,"custom_model_data":9001},"model":"41e4ae5d-a64a-4ca9-8ed0-ee70e6401244"},{"predicate":{"custom_model_data":12011},"model":"fcfa88f8-ba31-49bb-93ee-969050f0ddf6"},{"predicate":{"pulling":1.0,"pull":0.0,"custom_model_data":12011},"model":"9ce55987-b075-4fad-81d9-0b9f0b195bd9"},{"predicate":{"pulling":1.0,"pull":0.65,"custom_model_data":12011},"model":"ada46981-7a09-4071-bd83-2774bef20a46"},{"predicate":{"pulling":1.0,"pull":0.9,"custom_model_data":12011},"model":"bbebb4ba-73aa-4e83-8db8-2e345169b505"},{"predicate":{"custom_model_data":13010},"model":"85324309-9def-4847-9ac0-db0734eead15"},{"predicate":{"pulling":1.0,"pull":0.0,"custom_model_data":13010},"model":"f1dbe82a-cdf7-415f-80f9-e1ff2fa85155"},{"predicate":{"pulling":1.0,"pull":0.65,"custom_model_data":13010},"model":"ffd83884-fd5f-4692-94b3-a4fa4eedd2e2"},{"predicate":{"pulling":1.0,"pull":0.9,"custom_model_data":13010},"model":"6c8e03d9-43ed-4248-8ee8-206e07793c86"}]}