{"parent":"item/generated","textures":{"layer0":"item/gold_nugget"},"overrides":[{"predicate":{"custom_model_data":509},"model":"c6d14b17-8c33-4bab-a959-c568cc31fbd1"},{"predicate":{"custom_model_data":510},"model":"a6204d9e-284e-4cb0-a041-1e2c8c0fe15c"},{"predicate":{"custom_model_data":511},"model":"bd3eb0a3-f027-4b4e-8b49-2488f32fd08d"},{"predicate":{"custom_model_data":512},"model":"4d822bfb-b190-4edc-8f73-4bab05c20bc4"},{"predicate":{"custom_model_data":513},"model":"3f73c4d3-5c78-4c2a-b58c-a0a109bd853e"},{"predicate":{"custom_model_data":615},"model":"476d1c59-aea0-4c28-b159-a76f4e6c4088"},{"predicate":{"custom_model_data":616},"model":"b6509325-9bd1-42ea-aaa5-85363d9d83bc"},{"predicate":{"custom_model_data":617},"model":"82f1cf7a-0cdb-4fa9-9c82-654ad017d9ed"},{"predicate":{"custom_model_data":618},"model":"f9c7fa5e-003c-4879-bb28-1cd72549c25d"},{"predicate":{"custom_model_data":619},"model":"fffeb357-144a-4f7c-a33b-e1850b92cea9"},{"predicate":{"custom_model_data":620},"model":"be22ba05-2d21-41c1-8653-ed957a645595"},{"predicate":{"custom_model_data":621},"model":"dd53f7c9-2711-422c-bb03-1c749fdb0fb2"},{"predicate":{"custom_model_data":622},"model":"ee7cd71d-707e-4088-8423-c0d464591299"},{"predicate":{"custom_model_data":623},"model":"f98800a2-1c98-43ba-99b4-97c6a0a51292"},{"predicate":{"custom_model_data":624},"model":"ceba56d8-7736-4642-8c05-f0a664e3c24a"}]}