{"parent":"item/generated","textures":{"layer0":"item/leather_boots","layer1":"item/leather_boots_overlay"},"overrides":[{"predicate":{"trim_type":0.1},"model":"item/leather_boots_quartz_trim"},{"predicate":{"trim_type":0.2},"model":"item/leather_boots_iron_trim"},{"predicate":{"trim_type":0.3},"model":"item/leather_boots_netherite_trim"},{"predicate":{"trim_type":0.4},"model":"item/leather_boots_redstone_trim"},{"predicate":{"trim_type":0.5},"model":"item/leather_boots_copper_trim"},{"predicate":{"trim_type":0.6},"model":"item/leather_boots_gold_trim"},{"predicate":{"trim_type":0.7},"model":"item/leather_boots_emerald_trim"},{"predicate":{"trim_type":0.8},"model":"item/leather_boots_diamond_trim"},{"predicate":{"trim_type":0.9},"model":"item/leather_boots_lapis_trim"},{"predicate":{"trim_type":1.0},"model":"item/leather_boots_amethyst_trim"},{"predicate":{"custom_model_data":1000},"model":"493d7677-752a-4600-b6a1-24c76ab4854d"},{"predicate":{"custom_model_data":1001},"model":"7844b65e-4235-45d6-9441-ec3ba7a286f2"},{"predicate":{"custom_model_data":1002},"model":"4e5ea9f4-27eb-4e28-ae73-f4bc39330ed1"},{"predicate":{"custom_model_data":1027},"model":"0dd49521-d9a2-4c83-a5a3-9e02c83af5ba"},{"predicate":{"custom_model_data":12003},"model":"0b918029-368d-4d4f-964f-d543d9db5b81"},{"predicate":{"custom_model_data":13003},"model":"7888e918-0338-42cf-b39d-c3d61b955422"}]}