{"parent":"item/generated","textures":{"layer0":"item/leather_boots","layer1":"item/leather_boots_overlay"},"overrides":[{"predicate":{"trim_type":0.1},"model":"item/leather_boots_quartz_trim"},{"predicate":{"trim_type":0.2},"model":"item/leather_boots_iron_trim"},{"predicate":{"trim_type":0.3},"model":"item/leather_boots_netherite_trim"},{"predicate":{"trim_type":0.4},"model":"item/leather_boots_redstone_trim"},{"predicate":{"trim_type":0.5},"model":"item/leather_boots_copper_trim"},{"predicate":{"trim_type":0.6},"model":"item/leather_boots_gold_trim"},{"predicate":{"trim_type":0.7},"model":"item/leather_boots_emerald_trim"},{"predicate":{"trim_type":0.8},"model":"item/leather_boots_diamond_trim"},{"predicate":{"trim_type":0.9},"model":"item/leather_boots_lapis_trim"},{"predicate":{"trim_type":1.0},"model":"item/leather_boots_amethyst_trim"},{"predicate":{"custom_model_data":1000},"model":"8a37e8bb-ad4e-45d4-8b81-8a08aa1d507b"},{"predicate":{"custom_model_data":1001},"model":"3547553b-439d-4782-81a5-371f3b8b9c8a"},{"predicate":{"custom_model_data":1002},"model":"63467a97-228b-44b5-86ae-bda816379911"},{"predicate":{"custom_model_data":1027},"model":"b6e4d53a-9f14-4f55-aacb-9d7f62bc2b01"},{"predicate":{"custom_model_data":12003},"model":"b716efb0-e34f-43a4-b02c-4bd3ae67d1ab"},{"predicate":{"custom_model_data":13003},"model":"1f2fe8d9-b389-41ca-a452-741333fed13f"}]}