{"parent":"item/generated","textures":{"layer0":"item/leather_horse_armor"},"overrides":[{"predicate":{"custom_model_data":1},"model":"modelengine:6d76491b-1ab0-47ce-9d8a-25825065aabf"},{"predicate":{"custom_model_data":2},"model":"modelengine:110e49a9-9df4-45db-90aa-e29edf87f540"},{"predicate":{"custom_model_data":3},"model":"modelengine:7bf2a5f6-a861-4361-ac1a-03a80a967220"},{"predicate":{"custom_model_data":4},"model":"modelengine:67d23f34-8d64-4b82-8a6e-e498c01b8396"},{"predicate":{"custom_model_data":5},"model":"modelengine:05226f32-1255-4f1d-b3c7-011525b79dac"},{"predicate":{"custom_model_data":6},"model":"modelengine:3d4dbe11-d0ed-4bd0-94a8-33c51155bd06"},{"predicate":{"custom_model_data":7},"model":"modelengine:2a16cf7c-8b6a-4500-a657-2d21eb8a8152"},{"predicate":{"custom_model_data":8},"model":"modelengine:2748833e-ba29-4d0a-846c-99363833939d"},{"predicate":{"custom_model_data":9},"model":"modelengine:db9e6091-d83e-44ff-ad11-dac5ed1ab004"},{"predicate":{"custom_model_data":10},"model":"modelengine:cc8c4450-f514-4f6d-93b0-a89eaf6a6c3e"},{"predicate":{"custom_model_data":11},"model":"modelengine:7492a8b3-9d00-44f3-9409-42e6e4c61bf7"},{"predicate":{"custom_model_data":12},"model":"modelengine:b4812a96-63ac-4636-bd35-6d0e98f4ba02"},{"predicate":{"custom_model_data":13},"model":"modelengine:993f722a-5d6d-4f12-8595-2a5b6f2692e3"},{"predicate":{"custom_model_data":14},"model":"modelengine:23d8ba54-5aaf-48e3-a371-68f612cd9bba"},{"predicate":{"custom_model_data":15},"model":"modelengine:a4183cde-a569-473c-8fc7-79263b04171f"},{"predicate":{"custom_model_data":16},"model":"modelengine:2e3af8aa-e868-4c5c-acb8-97c794ea39b1"},{"predicate":{"custom_model_data":17},"model":"modelengine:dc3a959b-5529-476d-bc08-b7e7dfebcb61"},{"predicate":{"custom_model_data":18},"model":"modelengine:c757576a-8b3b-43a4-90c6-d76a6f1130fa"},{"predicate":{"custom_model_data":19},"model":"modelengine:5c25f8fc-9344-44f1-8a5b-9d66fd365208"},{"predicate":{"custom_model_data":20},"model":"modelengine:f62f3ea5-4687-4d45-9169-1d920d1ceed7"},{"predicate":{"custom_model_data":21},"model":"modelengine:89b564f1-b4c3-4740-ac6d-ed9b93672042"},{"predicate":{"custom_model_data":22},"model":"modelengine:75aa8ed1-099d-4447-82db-b96619adebda"},{"predicate":{"custom_model_data":23},"model":"modelengine:8298d573-e368-4610-89f0-809d288f1e95"},{"predicate":{"custom_model_data":24},"model":"modelengine:b6f9346c-4305-4b88-8baf-05da7bcc02cd"},{"predicate":{"custom_model_data":25},"model":"modelengine:41de9811-ce08-402d-8c84-87075db77843"},{"predicate":{"custom_model_data":26},"model":"modelengine:dcb5e937-63ac-4b17-960c-970c39fae076"},{"predicate":{"custom_model_data":27},"model":"modelengine:53bd3f10-8002-4aa7-a0ee-61274edfd8df"},{"predicate":{"custom_model_data":28},"model":"modelengine:d61edd10-c700-4b65-8645-cddd82f59564"},{"predicate":{"custom_model_data":29},"model":"modelengine:84fa8d42-83fb-4aa6-a589-e15a0628b1ad"},{"predicate":{"custom_model_data":30},"model":"modelengine:b38f6cf4-a959-4e20-97e5-516c8bac3618"},{"predicate":{"custom_model_data":31},"model":"modelengine:425bc778-5575-41a2-9d2e-8e0e602858a3"},{"predicate":{"custom_model_data":32},"model":"modelengine:ec3e8009-0e1f-4521-ad0d-21680126498c"},{"predicate":{"custom_model_data":33},"model":"modelengine:f6a3ba7c-fa68-40b9-a0cf-fe19107a78d7"},{"predicate":{"custom_model_data":34},"model":"modelengine:0c6baceb-1497-47da-bd3d-82ee48c75493"},{"predicate":{"custom_model_data":35},"model":"modelengine:a01995ea-0fba-4249-a874-ab277ade60d9"},{"predicate":{"custom_model_data":36},"model":"modelengine:6a1d152a-e5e8-484a-8829-f601a4fb6174"},{"predicate":{"custom_model_data":37},"model":"modelengine:0d9c975c-cded-488c-bd3e-f594e524d33f"},{"predicate":{"custom_model_data":38},"model":"modelengine:c9b68b21-8b1a-41dd-b676-52b7314de20f"},{"predicate":{"custom_model_data":39},"model":"modelengine:0edc3ff8-28b6-4242-8967-d5fb0ab8f189"},{"predicate":{"custom_model_data":40},"model":"modelengine:caa56e3c-ee4a-4524-9a71-60b3fa59dcc7"},{"predicate":{"custom_model_data":41},"model":"modelengine:1996b4fa-9ab0-4768-9253-4a60ad78db73"},{"predicate":{"custom_model_data":42},"model":"modelengine:8d90379d-512e-46b6-a42f-c0ea7b2b0b27"},{"predicate":{"custom_model_data":43},"model":"modelengine:20b5f518-fd72-4bb3-bf41-8d025d230b28"},{"predicate":{"custom_model_data":44},"model":"modelengine:e8090604-b490-47aa-9831-332cba106425"},{"predicate":{"custom_model_data":45},"model":"modelengine:79f4f8a1-344f-4ea1-ab59-35c2fedcc87d"},{"predicate":{"custom_model_data":46},"model":"modelengine:77f19a2c-0c34-4bd8-bdc5-cdfb19943285"},{"predicate":{"custom_model_data":47},"model":"modelengine:0c538b3d-005a-45af-85f2-006d34070afd"},{"predicate":{"custom_model_data":48},"model":"modelengine:36cf458e-6a52-4997-8109-19c7826d124f"},{"predicate":{"custom_model_data":49},"model":"modelengine:6ba13e4b-3e71-4046-b0fb-31380d934d1e"},{"predicate":{"custom_model_data":50},"model":"modelengine:69952ef1-05e4-4f6b-925e-3b142041d69a"},{"predicate":{"custom_model_data":51},"model":"modelengine:ce986c4e-0419-4609-92a9-09f4f5b8755e"},{"predicate":{"custom_model_data":52},"model":"modelengine:01029892-9c68-4600-8761-1e73315a2258"},{"predicate":{"custom_model_data":53},"model":"modelengine:f9084374-8ad4-4d16-9b19-dcc23c449921"},{"predicate":{"custom_model_data":54},"model":"modelengine:f8e4df8a-abb3-4daa-bc89-c3940256db23"},{"predicate":{"custom_model_data":55},"model":"modelengine:0ee1e1c3-3bf6-4955-9990-cdb8935f84b3"},{"predicate":{"custom_model_data":56},"model":"modelengine:26c579d0-b4a9-4e0a-acf9-b670db8694b0"},{"predicate":{"custom_model_data":57},"model":"modelengine:25c3a35a-cd85-439d-85d5-22ed5a69eb2a"},{"predicate":{"custom_model_data":58},"model":"modelengine:a361d277-0f7b-43e3-b475-79684cad0e4e"},{"predicate":{"custom_model_data":59},"model":"modelengine:5773e9b3-56f7-4025-8981-cbb3602f9442"},{"predicate":{"custom_model_data":60},"model":"modelengine:27b5350c-5762-4030-a65e-0e7a8cc2c478"},{"predicate":{"custom_model_data":61},"model":"modelengine:ca99f487-a874-4ad5-b0ef-993c59114a00"},{"predicate":{"custom_model_data":62},"model":"modelengine:f33e56d1-cbdc-422d-ac0a-838944a50718"},{"predicate":{"custom_model_data":63},"model":"modelengine:0f000e55-93ad-49ca-9200-6e0d83cfbfdc"},{"predicate":{"custom_model_data":64},"model":"modelengine:0c0c1901-0403-42c5-bdf3-79d5ba51fe78"},{"predicate":{"custom_model_data":65},"model":"modelengine:a0a8eac3-7c3e-406b-b501-cb732449b6a4"},{"predicate":{"custom_model_data":66},"model":"modelengine:9cc50b60-c41d-431c-a68e-6c17ef40bf9a"},{"predicate":{"custom_model_data":67},"model":"modelengine:61a915ef-6bb6-45cc-aed1-bdcefb36dda1"},{"predicate":{"custom_model_data":68},"model":"modelengine:cbf5aeeb-9977-4f10-8bec-92aa22775e8b"},{"predicate":{"custom_model_data":69},"model":"modelengine:4966f3c0-b05c-4dc6-9ff6-e6959c579c1a"},{"predicate":{"custom_model_data":70},"model":"modelengine:54f2914d-9b11-4ae7-86ff-30b357eccc57"},{"predicate":{"custom_model_data":71},"model":"modelengine:24fc92c4-3274-4868-aaaf-9ce2caed38d9"},{"predicate":{"custom_model_data":72},"model":"modelengine:cf2e5490-b699-4bad-8204-8a0ad3013508"},{"predicate":{"custom_model_data":73},"model":"modelengine:77f92344-9ae0-4981-b387-c10a437f1aa2"},{"predicate":{"custom_model_data":74},"model":"modelengine:5b757708-bb97-4175-a2be-ab17d41ec3e9"},{"predicate":{"custom_model_data":75},"model":"modelengine:a3fb8aca-cb9a-4150-80cd-cac3455369b1"},{"predicate":{"custom_model_data":76},"model":"modelengine:770c3493-8f5d-4d04-b2e4-99d9deafb7eb"},{"predicate":{"custom_model_data":77},"model":"modelengine:a0b1b7dc-6dc3-4f2e-a9df-3dc374caa1e5"},{"predicate":{"custom_model_data":78},"model":"modelengine:53f6352a-5731-479a-8a0e-1621150764ab"},{"predicate":{"custom_model_data":79},"model":"modelengine:005bcba2-6cf6-42e5-9093-3d262f7dfca4"},{"predicate":{"custom_model_data":80},"model":"modelengine:4f0db669-8eb7-4b9e-b3c1-4312ea53710b"},{"predicate":{"custom_model_data":81},"model":"modelengine:a35dd477-dd3a-4480-9fb2-f24a3a176a74"},{"predicate":{"custom_model_data":82},"model":"modelengine:826fc577-fdd8-4e17-a921-d63b036194e4"},{"predicate":{"custom_model_data":83},"model":"modelengine:e96f0ec4-0725-4b8a-b9c0-43d8bc296d5d"},{"predicate":{"custom_model_data":84},"model":"modelengine:6935dfaa-6365-424c-b210-a16983ac165b"},{"predicate":{"custom_model_data":85},"model":"modelengine:cdb8214b-1f87-46ef-9f2c-8701e3d9c8f8"},{"predicate":{"custom_model_data":86},"model":"modelengine:7a0ac169-b577-4617-95ce-56367f037c5d"},{"predicate":{"custom_model_data":87},"model":"modelengine:9ba57e14-0122-49c5-a48e-eb6b84a75176"},{"predicate":{"custom_model_data":88},"model":"modelengine:cd25c4df-9b34-44a6-87a8-f9153bac453d"},{"predicate":{"custom_model_data":89},"model":"modelengine:e12cc7c2-20a9-4610-b688-7825d29d53cc"},{"predicate":{"custom_model_data":90},"model":"modelengine:8b5a8cd2-d57f-45b9-afa3-24029f8231ad"},{"predicate":{"custom_model_data":91},"model":"modelengine:470e3310-d3ea-4394-8ccc-08f42500351b"},{"predicate":{"custom_model_data":92},"model":"modelengine:22c5a9e7-fc3b-48dd-9e7b-5763d88068c7"},{"predicate":{"custom_model_data":93},"model":"modelengine:0be7aaac-b005-43a7-ad0a-f0f186548ba5"},{"predicate":{"custom_model_data":94},"model":"modelengine:5760029d-5f1e-425d-b8fe-8da0ed08d8c9"},{"predicate":{"custom_model_data":95},"model":"modelengine:26508e9a-7881-4c8d-a3cd-43e908e08e04"},{"predicate":{"custom_model_data":96},"model":"modelengine:257652e9-9b82-404b-86a9-3350b7200233"},{"predicate":{"custom_model_data":97},"model":"modelengine:7561a1e2-bc1f-4c08-b5b8-f22f037b03e9"},{"predicate":{"custom_model_data":98},"model":"modelengine:04003981-4ac3-433b-b02e-06f2d110578d"},{"predicate":{"custom_model_data":99},"model":"modelengine:95da4480-52fe-4e5c-beb9-a123ad936fe2"},{"predicate":{"custom_model_data":100},"model":"modelengine:44eecba7-be72-443b-9294-14cc9c1ed23c"},{"predicate":{"custom_model_data":101},"model":"modelengine:11f21537-6126-44bd-9ae9-be947e5f9c4d"},{"predicate":{"custom_model_data":102},"model":"modelengine:5ec8c098-3e36-412a-a99b-1647b366b561"},{"predicate":{"custom_model_data":103},"model":"modelengine:024d31e2-0448-4caf-9493-dca4ba544076"},{"predicate":{"custom_model_data":104},"model":"modelengine:3ae7a77a-3a2b-455f-afcf-91fc69eabeb1"},{"predicate":{"custom_model_data":105},"model":"modelengine:548649df-5f6a-4dd2-a3ae-546fc1cbc4ac"},{"predicate":{"custom_model_data":106},"model":"modelengine:6bbfc751-2fa9-4167-a8c8-6924537c18e3"},{"predicate":{"custom_model_data":107},"model":"modelengine:91e88aac-a969-4efc-9833-b567c02989c5"},{"predicate":{"custom_model_data":108},"model":"modelengine:3a8bc86c-d566-4506-b3c8-ff61fe43b040"},{"predicate":{"custom_model_data":109},"model":"modelengine:094924fa-f759-4fea-b93a-8aecc0b53a86"},{"predicate":{"custom_model_data":110},"model":"modelengine:59da904c-934b-4510-9427-a2d95a166330"},{"predicate":{"custom_model_data":111},"model":"modelengine:9bbfdc49-db7f-496b-a175-87484876f1d4"},{"predicate":{"custom_model_data":112},"model":"modelengine:63730ffa-0412-4675-adec-462953d5e63c"},{"predicate":{"custom_model_data":113},"model":"modelengine:9f505e8d-20a9-4f2c-850a-1a1eb274a810"},{"predicate":{"custom_model_data":114},"model":"modelengine:c7fb0fac-93c1-4f16-aa86-6ebf8a81866c"},{"predicate":{"custom_model_data":115},"model":"modelengine:cbd8efe3-73c6-4dd1-9f14-accf132a364d"},{"predicate":{"custom_model_data":116},"model":"modelengine:2d8c8c4c-3098-450e-bab5-6c1bb2acc842"},{"predicate":{"custom_model_data":117},"model":"modelengine:5bd58af2-0da3-4f0e-a542-1ffc3cc52163"},{"predicate":{"custom_model_data":118},"model":"modelengine:3efb4fff-51c0-4381-860e-62648a3ce9a2"},{"predicate":{"custom_model_data":119},"model":"modelengine:4b61c960-616c-47aa-85b7-6a5743e7f7c5"},{"predicate":{"custom_model_data":120},"model":"modelengine:551096c0-adc5-4106-98a7-054e50424bf4"},{"predicate":{"custom_model_data":121},"model":"modelengine:299f08b4-1a26-47ab-9f00-b112351b51d5"},{"predicate":{"custom_model_data":122},"model":"modelengine:db8d6589-7589-44b2-b807-8f5540126aeb"},{"predicate":{"custom_model_data":123},"model":"modelengine:8d555952-38e2-44a5-a4bf-21ba532a5ce7"},{"predicate":{"custom_model_data":124},"model":"modelengine:fb6797eb-fe36-4530-ae3f-47b0644f5041"},{"predicate":{"custom_model_data":125},"model":"modelengine:7e9a9bdb-c9dd-44b2-a782-44c19ac7f164"},{"predicate":{"custom_model_data":126},"model":"modelengine:66a6b813-7321-455c-af44-812219039f70"},{"predicate":{"custom_model_data":127},"model":"modelengine:8ce38f4a-b9c9-441a-9618-8dfeb5c6f18e"},{"predicate":{"custom_model_data":128},"model":"modelengine:1eedd646-0f91-4896-bd74-963d36b5e29d"},{"predicate":{"custom_model_data":129},"model":"modelengine:d5165248-cb31-4e4c-985e-e543787649fd"},{"predicate":{"custom_model_data":130},"model":"modelengine:6dbea03a-8dd2-4678-b40b-dfe04e63d8b1"},{"predicate":{"custom_model_data":131},"model":"modelengine:97c6623b-c1cb-44c7-b595-899113cfad09"},{"predicate":{"custom_model_data":132},"model":"modelengine:dfccc9e7-6cdb-46d5-8e61-5044ec86e97c"},{"predicate":{"custom_model_data":133},"model":"modelengine:c8c9fbab-75f5-4846-90c3-fa68c5668cc5"},{"predicate":{"custom_model_data":134},"model":"modelengine:b2593a6a-25d3-4178-a259-cd26f38b89eb"},{"predicate":{"custom_model_data":135},"model":"modelengine:ae2d1797-1251-4369-8bf5-07909e9427af"},{"predicate":{"custom_model_data":136},"model":"modelengine:773f7b52-16c7-458d-9f50-492eeec8dfbc"},{"predicate":{"custom_model_data":137},"model":"modelengine:b1c0a886-20c5-490a-a8a8-dff82998ada2"},{"predicate":{"custom_model_data":138},"model":"modelengine:c3e61116-5c4f-49c8-a81e-f718aa8d5c5c"},{"predicate":{"custom_model_data":139},"model":"modelengine:91e479fd-520f-49a6-8449-8777fc0d9b97"},{"predicate":{"custom_model_data":140},"model":"modelengine:91aafdfe-6a6e-4cc9-90b0-a5c9e28097f9"},{"predicate":{"custom_model_data":141},"model":"modelengine:6aa6f6d4-7b2d-4c19-a920-5c404783e885"},{"predicate":{"custom_model_data":142},"model":"modelengine:de070102-b803-4814-aa5f-e13440f715d3"},{"predicate":{"custom_model_data":143},"model":"modelengine:2b029bae-12c6-4de1-983a-254a90e4b813"},{"predicate":{"custom_model_data":144},"model":"modelengine:f3e5a489-9327-4210-9dd7-f40fbfe803d1"},{"predicate":{"custom_model_data":145},"model":"modelengine:34d2204d-e8ab-42df-a75a-88ab4b0c1544"},{"predicate":{"custom_model_data":146},"model":"modelengine:bd208066-5272-4124-98fb-dd830d8aa46a"},{"predicate":{"custom_model_data":147},"model":"modelengine:1f2df32c-743b-4aef-8d72-97f7f25d34df"},{"predicate":{"custom_model_data":148},"model":"modelengine:be707572-c231-4f04-9520-b56a5294d18a"},{"predicate":{"custom_model_data":149},"model":"modelengine:e57d3bec-2d15-41d0-affd-cf457c4edb90"},{"predicate":{"custom_model_data":150},"model":"modelengine:f8516437-7a49-4122-8f08-64db320ea37c"},{"predicate":{"custom_model_data":151},"model":"modelengine:0a54d89d-2420-492b-a4ab-3a18f0c49041"},{"predicate":{"custom_model_data":152},"model":"modelengine:49c1fe0a-b32d-4358-bf0a-ed7711d73c30"},{"predicate":{"custom_model_data":153},"model":"modelengine:c84e7e7f-8425-41ae-a638-bfcf4476ea5c"},{"predicate":{"custom_model_data":154},"model":"modelengine:a28d30f7-4dc0-43ff-a062-63ad904c81cd"},{"predicate":{"custom_model_data":155},"model":"modelengine:31f04f7a-f1e6-40c4-832c-f87884f66a24"},{"predicate":{"custom_model_data":156},"model":"modelengine:dd8c840f-fdab-451d-bf23-ad0f90fe6b79"},{"predicate":{"custom_model_data":157},"model":"modelengine:ddff9882-1c05-4e0c-84fd-9e7e4d91e45b"},{"predicate":{"custom_model_data":158},"model":"modelengine:d87df9ed-bca2-4d06-8f0a-5ad1d516180c"},{"predicate":{"custom_model_data":159},"model":"modelengine:d2dc26ba-43d6-43bd-a653-fe13a440fd01"},{"predicate":{"custom_model_data":160},"model":"modelengine:90e3ef06-a03a-45c8-a9a8-74ebde28b4c1"},{"predicate":{"custom_model_data":161},"model":"modelengine:910ce99f-88b1-4d57-8910-5e0b6bb6fd4d"},{"predicate":{"custom_model_data":1000},"model":"nexo:cf880424-6d03-4db5-b6a6-f81692be21f3"},{"predicate":{"custom_model_data":1001},"model":"nexo:d3b89e0c-00dd-423e-ad97-1df4a6411124"},{"predicate":{"custom_model_data":1002},"model":"nexo:91855f94-3ffb-48a3-b0a5-43ec9535d012"},{"predicate":{"custom_model_data":1003},"model":"nexo:61b5fabe-e69a-4ad0-9362-3c9a0b429b60"}]}