{"parent":"item/generated","textures":{"layer0":"item/leather_chestplate","layer1":"item/leather_chestplate_overlay"},"overrides":[{"predicate":{"trim_type":0.1},"model":"item/leather_chestplate_quartz_trim"},{"predicate":{"trim_type":0.2},"model":"item/leather_chestplate_iron_trim"},{"predicate":{"trim_type":0.3},"model":"item/leather_chestplate_netherite_trim"},{"predicate":{"trim_type":0.4},"model":"item/leather_chestplate_redstone_trim"},{"predicate":{"trim_type":0.5},"model":"item/leather_chestplate_copper_trim"},{"predicate":{"trim_type":0.6},"model":"item/leather_chestplate_gold_trim"},{"predicate":{"trim_type":0.7},"model":"item/leather_chestplate_emerald_trim"},{"predicate":{"trim_type":0.8},"model":"item/leather_chestplate_diamond_trim"},{"predicate":{"trim_type":0.9},"model":"item/leather_chestplate_lapis_trim"},{"predicate":{"trim_type":1.0},"model":"item/leather_chestplate_amethyst_trim"},{"predicate":{"custom_model_data":1000},"model":"4cbd1dc5-8997-4b54-ab86-388919a5bf83"},{"predicate":{"custom_model_data":1001},"model":"8cd7e7a7-b60e-477e-adb3-48c7dfb75169"},{"predicate":{"custom_model_data":1002},"model":"e7f9b03c-3fc3-4185-8c85-b51a26fbdb9f"},{"predicate":{"custom_model_data":1026},"model":"071c079d-7027-4a9a-81c6-2d177b2bf258"},{"predicate":{"custom_model_data":12001},"model":"3bd3f57a-9557-4044-a165-afe93ece8dfb"},{"predicate":{"custom_model_data":13001},"model":"19cbfcc4-3d55-4b3e-82fc-af0b23dfb6a2"}]}