{"parent":"item/handheld","textures":{"layer0":"item/netherite_axe"},"overrides":[{"predicate":{"custom_model_data":1000},"model":"nexo:d9653888-ad8d-4f10-a94a-8229dc196c71"},{"predicate":{"custom_model_data":1011},"model":"191f0f73-d164-4ed3-b8a8-5a9eab87329b"},{"predicate":{"custom_model_data":1032},"model":"18b6e1ee-f9c0-4c71-afc9-81e73e523b8b"},{"predicate":{"custom_model_data":9000},"model":"334fda3d-b026-4c88-ac9b-bce79e8e1730"},{"predicate":{"custom_model_data":9004},"model":"f121924d-f1eb-47e9-ab44-f2df7185960c"},{"predicate":{"custom_model_data":12004},"model":"e57d43ce-95db-46c9-8631-b81f7f44da0a"},{"predicate":{"custom_model_data":12016},"model":"11a2d08d-e06a-41bc-8a5b-d3fe472e4174"},{"predicate":{"custom_model_data":13004},"model":"34a4c4a8-b13d-49ad-9e27-502cc794d521"},{"predicate":{"custom_model_data":13008},"model":"03368941-8a6b-4bc3-aa92-311994860418"},{"predicate":{"custom_model_data":13015},"model":"a6c77e12-9d19-435e-ab6b-fb8c60e5b0c8"}]}