{"parent":"item/handheld","textures":{"layer0":"item/netherite_pickaxe"},"overrides":[{"predicate":{"custom_model_data":1000},"model":"nexo:df847f42-cb36-4b1e-8455-bf0478be8e8f"},{"predicate":{"custom_model_data":1050},"model":"c6e74683-ec86-40dd-bd1f-e16baa12b476"},{"predicate":{"custom_model_data":2000},"model":"3a33b59b-84a5-4062-b150-a08b51a11a0a"},{"predicate":{"custom_model_data":2001},"model":"d87b9b1e-dcf6-47ec-96ae-6e6fc99b9117"},{"predicate":{"custom_model_data":2002},"model":"44fd1c4e-3ba2-47ec-8f8e-9b731f32eb59"},{"predicate":{"custom_model_data":2003},"model":"fca3079c-945d-4d1f-99c1-95e1c783d043"},{"predicate":{"custom_model_data":2004},"model":"bbc6243d-7c38-47a9-918b-54c363e57a97"},{"predicate":{"custom_model_data":12005},"model":"275d70e6-c4dc-476c-b7c2-e15eb1f252b7"},{"predicate":{"custom_model_data":13005},"model":"a59e1a85-d3ff-4f05-b6c1-f40651464e4c"},{"predicate":{"custom_model_data":935001},"model":"26b3913d-0e75-4b98-ad51-be5b01e20c41"}]}