{"parent":"item/generated","textures":{"layer0":"item/paper"},"overrides":[{"predicate":{"custom_model_data":1000},"model":"009745d2-fb4f-4399-bd56-33ed14ca5ff0"},{"predicate":{"custom_model_data":1001},"model":"nexo:764a2df3-6e05-456c-a541-c783073f0520"},{"predicate":{"custom_model_data":1002},"model":"2bcb81a6-fc04-4e83-8fad-1d8857f58b67"},{"predicate":{"custom_model_data":1003},"model":"cce50d8e-05f0-4b14-8703-a54f48bf1d99"},{"predicate":{"custom_model_data":1004},"model":"231d0d7b-af83-477b-aca5-98046b58d2d1"},{"predicate":{"custom_model_data":1005},"model":"67a716fa-3600-4ba1-9ed5-40472dbe00ae"},{"predicate":{"custom_model_data":1006},"model":"8ab7f97a-5fa5-4462-9028-bf03d748d370"},{"predicate":{"custom_model_data":1007},"model":"4d4efe2c-33e4-4221-ae2e-60c79dc10d47"},{"predicate":{"custom_model_data":1008},"model":"91d4c486-1e19-44d3-8fa9-006dc41fa9df"},{"predicate":{"custom_model_data":1009},"model":"nexo:cba2eb3e-3880-4ab5-b355-97943b35c9a8"},{"predicate":{"custom_model_data":1010},"model":"nexo:855bb371-a3c3-42eb-b69d-347a82ea86e5"},{"predicate":{"custom_model_data":1011},"model":"nexo:a62109b7-3481-4161-a369-9ace3406f28c"},{"predicate":{"custom_model_data":1012},"model":"nexo:d0b06384-1ccc-4d2c-b028-e874ef6acc52"},{"predicate":{"custom_model_data":1013},"model":"nexo:e8fac06e-efb3-483e-85d2-f5d164a29dc1"},{"predicate":{"custom_model_data":1014},"model":"0f24a130-a4c2-4c25-b92c-55109bea2019"},{"predicate":{"custom_model_data":1015},"model":"5c9ae837-69cf-47d6-a085-db212789c93d"},{"predicate":{"custom_model_data":1016},"model":"d922b91d-a3b0-42fc-a2a3-91dd00bcea35"},{"predicate":{"custom_model_data":1030},"model":"b7c2c5c9-7f66-485b-9f4d-eaf3be77f086"},{"predicate":{"custom_model_data":1070},"model":"823bb93e-0fb7-4f35-b022-e163dbb69ad9"},{"predicate":{"custom_model_data":11000},"model":"99e2d4e2-2b27-4c50-9267-cf264b361d51"},{"predicate":{"custom_model_data":11001},"model":"d9dcc629-2adc-4730-a207-d441dcd84168"},{"predicate":{"custom_model_data":11002},"model":"34329ce6-b590-4842-8d3d-fcff66df1808"},{"predicate":{"custom_model_data":11003},"model":"8404648c-8557-4b0f-8e7d-21e4a9b30396"},{"predicate":{"custom_model_data":11004},"model":"58b5ff26-c575-4909-82ee-5a5b42da5d0b"},{"predicate":{"custom_model_data":11005},"model":"ed987d9f-8327-47a9-8026-ceb4ade439ad"},{"predicate":{"custom_model_data":11006},"model":"4c30a018-8738-4aa4-8b70-7ead507696ce"},{"predicate":{"custom_model_data":11007},"model":"65b5b0ad-22c0-4536-822a-09b67d41b103"},{"predicate":{"custom_model_data":11008},"model":"bcb86324-d4a9-42d6-a20a-16f6354d001f"},{"predicate":{"custom_model_data":11009},"model":"df29325c-1bd8-474b-9b8a-732c5b800690"},{"predicate":{"custom_model_data":11010},"model":"e694e8a3-9578-4afc-937a-46a2d140cca9"},{"predicate":{"custom_model_data":11011},"model":"595de4ed-2310-4d61-b82d-c1f35df937c7"},{"predicate":{"custom_model_data":11012},"model":"9f78ef4c-43c6-44b4-b31d-d117963f9301"},{"predicate":{"custom_model_data":11013},"model":"e3f49551-f5a5-4233-a70b-bc83bca95863"},{"predicate":{"custom_model_data":12014},"model":"49f8f040-9222-4c8c-9f7f-60b813e0be87"},{"predicate":{"custom_model_data":12015},"model":"c4e98f7d-208f-4c59-a56f-fdaaae20cca2"},{"predicate":{"custom_model_data":12018},"model":"9f432ca8-54aa-4165-be3e-40525fad2f8f"},{"predicate":{"custom_model_data":13014},"model":"6a86fa33-53b0-420f-9472-c030a90b5f60"},{"predicate":{"custom_model_data":13019},"model":"bb0cde1c-9e69-4d7f-91d9-82d340d27254"}]}