{"parent":"item/template_skull","overrides":[{"predicate":{"custom_model_data":1},"model":"5487b291-7504-4d16-a7f6-fa0bda1f4d84"},{"predicate":{"custom_model_data":2},"model":"d1973f42-acac-4b92-826d-f430cf1c9002"},{"predicate":{"custom_model_data":3},"model":"8789d854-0b52-43a1-b3b2-08737129ed5e"},{"predicate":{"custom_model_data":4},"model":"efb21257-0fe8-4a5a-ba0b-1554bbc3cca2"},{"predicate":{"custom_model_data":5},"model":"55e85fab-3828-4e78-a96a-53514177c882"},{"predicate":{"custom_model_data":6},"model":"91f3b8d1-508f-46cc-91aa-0c7a6c8a0005"},{"predicate":{"custom_model_data":7},"model":"e001d00c-4bba-4ea9-976b-5e6a3a8e9f09"},{"predicate":{"custom_model_data":8},"model":"01544a51-8f22-43ad-a2a9-874458692297"}]}