{"parent":"item/generated","textures":{"layer0":"item/potion_overlay","layer1":"item/potion"},"overrides":[{"predicate":{"custom_model_data":12018},"model":"c351748b-4a38-447d-a852-0094fa558227"},{"predicate":{"custom_model_data":8390008},"model":"0bd33151-6f0d-4e26-a6ec-e91b153160d7"},{"predicate":{"custom_model_data":8390009},"model":"bc89353d-e9da-4f02-a986-f3e84d7301b2"},{"predicate":{"custom_model_data":8390010},"model":"4241e2af-e8bf-4adb-80d0-d3c55d778dfd"},{"predicate":{"custom_model_data":8390011},"model":"95856273-88b8-4c29-bb1f-a6a1e23e10fc"},{"predicate":{"custom_model_data":9923354},"model":"7187b12e-8e79-45cf-9aa1-e0889b45c77f"},{"predicate":{"custom_model_data":9923355},"model":"b6733a73-093e-45c2-8bc2-1bcdbe4f2b52"},{"predicate":{"custom_model_data":9923356},"model":"3d0c8925-5800-438a-acc5-8c822f764714"}]}