{"parent":"item/generated","textures":{"layer0":"item/potion_overlay","layer1":"item/potion"},"overrides":[{"predicate":{"custom_model_data":12018},"model":"shadow_bat_pack/wings_cosmetic"},{"predicate":{"custom_model_data":8390008},"model":"starlight/wings_cosmetic"},{"predicate":{"custom_model_data":8390009},"model":"starlight/wings_cosmetic_self"},{"predicate":{"custom_model_data":8390010},"model":"starlight/wings_cosmetic_self_2"},{"predicate":{"custom_model_data":8390011},"model":"starlight/wings_cosmetic_normal_2"},{"predicate":{"custom_model_data":9923354},"model":"shadow_bat_pack/wings_cosmetic_self"},{"predicate":{"custom_model_data":9923355},"model":"shadow_bat_pack/wings_cosmetic_self_2"},{"predicate":{"custom_model_data":9923356},"model":"shadow_bat_pack/wings_cosmetic_normal_2"}]}