{"parent":"item/generated","textures":{"layer0":"item/potion_overlay","layer1":"item/potion"},"overrides":[{"predicate":{"custom_model_data":12018},"model":"8e03198c-28a7-4601-b179-abb0344b8ac9"},{"predicate":{"custom_model_data":8390008},"model":"0dd7097b-6c19-4e92-a14b-e6e036063538"},{"predicate":{"custom_model_data":8390009},"model":"58b9d14b-d496-4f69-a44e-59eddc8cc9e1"},{"predicate":{"custom_model_data":8390010},"model":"ae0f46e4-e168-4263-9e7d-3cf1d0160fde"},{"predicate":{"custom_model_data":8390011},"model":"101f6961-2043-4df4-91b5-eb1ad4c0c442"},{"predicate":{"custom_model_data":9923354},"model":"3fb45b6b-e2ec-4536-93e7-98bba6dab173"},{"predicate":{"custom_model_data":9923355},"model":"d6a13479-bad3-4a44-bc9b-c06ea70a1cfc"},{"predicate":{"custom_model_data":9923356},"model":"a3a169c9-0c22-4148-b29e-073c9b9435d9"}]}