{"parent":"builtin/entity","display":{"thirdperson_righthand":{"rotation":[0.0,90.0,0.0],"translation":[10.0,6.0,-4.0]},"thirdperson_lefthand":{"rotation":[0.0,90.0,0.0],"translation":[10.0,6.0,12.0]},"firstperson_righthand":{"rotation":[0.0,180.0,5.0],"translation":[-10.0,2.0,-10.0],"scale":[1.25,1.25,1.25]},"firstperson_lefthand":{"rotation":[0.0,180.0,5.0],"translation":[10.0,0.0,-10.0],"scale":[1.25,1.25,1.25]},"gui":{"rotation":[15.0,-25.0,-5.0],"translation":[2.0,3.0,0.0],"scale":[0.65,0.65,0.65]},"fixed":{"rotation":[0.0,180.0,0.0],"translation":[-4.5,4.5,-5.0],"scale":[0.55,0.55,0.55]},"ground":{"translation":[2.0,4.0,2.0],"scale":[0.25,0.25,0.25]}},"textures":{"particle":"block/dark_oak_planks"},"gui_light":"front","overrides":[{"predicate":{"blocking":1},"model":"item/shield_blocking"},{"predicate":{"custom_model_data":1022},"model":"c2ac047a-8acc-40c3-925b-083202a74560"},{"predicate":{"custom_model_data":12009},"model":"29685710-31f7-4084-8a96-66f4ea715d66"},{"predicate":{"blocking":1.0,"custom_model_data":12009},"model":"83bfec89-2af1-40e8-acb6-02d540517ac5"},{"predicate":{"custom_model_data":13009},"model":"9bd3f162-0432-4e10-bc49-eff789c0494a"},{"predicate":{"blocking":1.0,"custom_model_data":13009},"model":"72b7e34f-c113-40b1-b1b4-f4c1e2ee6a07"},{"predicate":{"custom_model_data":15000},"model":"nexo:dd4e9f8e-f569-41b2-b9d2-c3476f086904"},{"predicate":{"blocking":1.0,"custom_model_data":15000},"model":"nexo:b46703ed-c185-4b68-b4bc-a9974cafaf02"},{"predicate":{"custom_model_data":17009},"model":"9cc8be90-7c69-4d8d-bd76-07b7632b5a11"},{"predicate":{"blocking":1.0,"custom_model_data":17009},"model":"9cc8be90-7c69-4d8d-bd76-07b7632b5a11"}]}