{"display":{"head":{},"firstperson_righthand":{},"thirdperson_lefthand":{},"firstperson_lefthand":{},"fixed":{},"ground":{},"thirdperson_righthand":{},"gui":{"rotation":[-150.0,-45.0,180.0]}},"elements":[{"from":[0.5014,-12.46294,0.09307003],"to":[14.6436405,7.8665295,14.23531],"faces":{"east":{"uv":[4.25,3.25,4.6875,3.875],"texture":"#0","tintindex":0},"south":{"uv":[0.625,4.5,1.0625,5.125],"texture":"#0","tintindex":0},"north":{"uv":[4.25,2.625,4.6875,3.25],"texture":"#0","tintindex":0},"west":{"uv":[4.5,0.75,4.9375,1.375],"texture":"#0","tintindex":0},"up":{"uv":[1.8125,6.5625,1.375,6.125],"texture":"#0","tintindex":0},"down":{"uv":[2.3125,6.125,1.875,6.5625],"texture":"#0","tintindex":0}}},{"from":[-0.38249016,-13.34683,-0.7908201],"to":[15.527531,7.8665295,15.1192],"faces":{"east":{"uv":[3.0,0.625,3.5,1.28125],"texture":"#0","tintindex":0},"south":{"uv":[1.0,3.0,1.5,3.65625],"texture":"#0","tintindex":0},"north":{"uv":[2.5,2.875,3.0,3.53125],"texture":"#0","tintindex":0},"west":{"uv":[1.5,3.0,2.0,3.65625],"texture":"#0","tintindex":0},"up":{"uv":[5.625,2.0,5.125,1.5],"texture":"#0","tintindex":0},"down":{"uv":[5.625,2.0,5.125,2.5],"texture":"#0","tintindex":0}}}],"textures":{"particle":"#0","0":"modelengine:25b30ede-dc11-449b-be63-5c1ed5dbf3bd"}}