{"display":{"head":{},"firstperson_righthand":{},"thirdperson_lefthand":{},"firstperson_lefthand":{},"fixed":{},"ground":{},"thirdperson_righthand":{},"gui":{"rotation":[-150.0,-45.0,180.0]}},"elements":[{"from":[5.4975,6.922,7.9615],"to":[7.6535,9.077999,8.0385],"faces":{"east":{"uv":[2.015,8.515,2.125,8.985],"texture":"#0","tintindex":0},"south":{"uv":[7.515,4.015,7.985,4.485],"texture":"#0","tintindex":0},"north":{"uv":[4.015,7.015,4.485,7.485],"texture":"#0","tintindex":0},"west":{"uv":[2.265,8.515,2.375,8.985],"texture":"#0","tintindex":0},"up":{"uv":[2.985,8.625,2.515,8.515],"texture":"#0","tintindex":0},"down":{"uv":[3.485,8.515,3.015,8.625],"texture":"#0","tintindex":0}}},{"from":[8.3465,6.922,7.9615],"to":[10.502501,9.077999,8.0385],"faces":{"east":{"uv":[3.515,8.515,3.625,8.985],"texture":"#0","tintindex":0},"south":{"uv":[7.515,7.015,7.985,7.485],"texture":"#0","tintindex":0},"north":{"uv":[7.515,6.515,7.985,6.985],"texture":"#0","tintindex":0},"west":{"uv":[3.765,8.515,3.875,8.985],"texture":"#0","tintindex":0},"up":{"uv":[4.485,8.625,4.015,8.515],"texture":"#0","tintindex":0},"down":{"uv":[8.985,4.015,8.515,4.125],"texture":"#0","tintindex":0}}}],"textures":{"particle":"#0","0":"modelengine:47074f14-7a57-4fd3-afad-da99c19a0c46"}}