{"display":{"head":{},"firstperson_righthand":{},"thirdperson_lefthand":{},"firstperson_lefthand":{},"fixed":{},"ground":{},"thirdperson_righthand":{},"gui":{"rotation":[-150.0,-45.0,180.0]}},"elements":[{"from":[5.1895,8.2645,4.9395],"to":[7.8105,9.2855,5.1895],"faces":{"east":{"uv":[0.515,7.765,0.625,7.985],"texture":"#0","tintindex":0},"south":{"uv":[7.265,1.765,7.875,1.985],"texture":"#0","tintindex":0},"north":{"uv":[7.265,1.515,7.875,1.735],"texture":"#0","tintindex":0},"west":{"uv":[7.765,0.515,7.875,0.735],"texture":"#0","tintindex":0},"up":{"uv":[7.875,7.125,7.265,7.015],"texture":"#0","tintindex":0},"down":{"uv":[0.625,7.515,0.015,7.625],"texture":"#0","tintindex":0}}},{"from":[2.1894999,8.664501,7.7395],"to":[5.1895,10.7855,9.1105],"faces":{"east":{"uv":[7.015,1.015,7.375,1.485],"texture":"#0","tintindex":0},"south":{"uv":[6.015,4.515,6.735,4.985],"texture":"#0","tintindex":0},"north":{"uv":[4.515,6.015,5.235,6.485],"texture":"#0","tintindex":0},"west":{"uv":[7.015,2.265,7.375,2.735],"texture":"#0","tintindex":0},"up":{"uv":[6.735,5.875,6.015,5.515],"texture":"#0","tintindex":0},"down":{"uv":[6.735,6.015,6.015,6.375],"texture":"#0","tintindex":0}}},{"from":[8.1895,8.2645,4.9395],"to":[10.8105,9.2855,5.1895],"faces":{"east":{"uv":[7.765,0.015,7.875,0.235],"texture":"#0","tintindex":0},"south":{"uv":[1.515,7.265,2.125,7.485],"texture":"#0","tintindex":0},"north":{"uv":[6.515,7.015,7.125,7.235],"texture":"#0","tintindex":0},"west":{"uv":[7.765,0.265,7.875,0.485],"texture":"#0","tintindex":0},"up":{"uv":[7.875,2.125,7.265,2.015],"texture":"#0","tintindex":0},"down":{"uv":[7.625,7.265,7.015,7.375],"texture":"#0","tintindex":0}}},{"from":[10.9855,10.9855,11.0105],"to":[5.0144997,5.0145006,4.9895],"faces":{"east":{"uv":[2.015,1.515,3.485,2.985],"texture":"#0","tintindex":0},"south":{"uv":[2.015,3.015,3.485,4.485],"texture":"#0","tintindex":0},"north":{"uv":[2.015,0.015,3.485,1.485],"texture":"#0","tintindex":0},"west":{"uv":[0.015,3.515,1.485,4.985],"texture":"#0","tintindex":0},"up":{"uv":[4.985,1.485,3.515,0.015],"texture":"#0","tintindex":0},"down":{"uv":[4.985,1.515,3.515,2.985],"texture":"#0","tintindex":0}}},{"from":[6.1895,9.850189,5.396307],"to":[9.8105,12.55019,10.517307],"rotation":{"origin":[8.0,10.850189,7.706807],"axis":"x","angle":22.5},"faces":{"east":{"uv":[1.515,6.015,2.735,6.625],"texture":"#0","tintindex":0},"south":{"uv":[2.765,6.015,3.625,6.625],"texture":"#0","tintindex":0},"north":{"uv":[6.015,2.265,6.875,2.875],"texture":"#0","tintindex":0},"west":{"uv":[6.015,1.515,7.235,2.125],"texture":"#0","tintindex":0},"up":{"uv":[5.875,2.735,5.015,1.515],"texture":"#0","tintindex":0},"down":{"uv":[5.875,2.765,5.015,3.985],"texture":"#0","tintindex":0}}},{"from":[8.7645,4.689501,4.2895],"to":[9.3855,6.6105003,4.7895],"rotation":{"origin":[8.0,5.5,4.5395],"axis":"x","angle":22.5},"faces":{"east":{"uv":[7.515,3.015,7.625,3.485],"texture":"#0","tintindex":0},"south":{"uv":[3.265,7.515,3.375,7.985],"texture":"#0","tintindex":0},"north":{"uv":[2.015,7.515,2.125,7.985],"texture":"#0","tintindex":0},"west":{"uv":[3.515,7.515,3.625,7.985],"texture":"#0","tintindex":0},"up":{"uv":[7.875,0.875,7.765,0.765],"texture":"#0","tintindex":0},"down":{"uv":[1.125,7.765,1.015,7.875],"texture":"#0","tintindex":0}}},{"from":[5.1895,5.189501,4.6895],"to":[10.8105,6.8105,5.1895],"faces":{"east":{"uv":[4.515,7.515,4.625,7.875],"texture":"#0","tintindex":0},"south":{"uv":[6.015,3.015,7.375,3.375],"texture":"#0","tintindex":0},"north":{"uv":[5.015,4.015,6.375,4.375],"texture":"#0","tintindex":0},"west":{"uv":[4.765,7.515,4.875,7.875],"texture":"#0","tintindex":0},"up":{"uv":[8.375,2.875,7.015,2.765],"texture":"#0","tintindex":0},"down":{"uv":[6.375,7.015,5.015,7.125],"texture":"#0","tintindex":0}}},{"from":[10.8105,8.664501,7.7395],"to":[13.8105,10.7855,9.1105],"faces":{"east":{"uv":[6.765,6.515,7.125,6.985],"texture":"#0","tintindex":0},"south":{"uv":[3.765,6.015,4.485,6.485],"texture":"#0","tintindex":0},"north":{"uv":[6.015,3.515,6.735,3.985],"texture":"#0","tintindex":0},"west":{"uv":[0.015,7.015,0.375,7.485],"texture":"#0","tintindex":0},"up":{"uv":[6.735,5.375,6.015,5.015],"texture":"#0","tintindex":0},"down":{"uv":[5.985,6.015,5.265,6.375],"texture":"#0","tintindex":0}}},{"from":[12.3105,10.7855,7.7395],"to":[13.8105,12.7855,9.1105],"faces":{"east":{"uv":[0.515,7.015,0.875,7.485],"texture":"#0","tintindex":0},"south":{"uv":[7.015,0.515,7.375,0.985],"texture":"#0","tintindex":0},"north":{"uv":[7.015,0.015,7.375,0.485],"texture":"#0","tintindex":0},"west":{"uv":[1.015,7.015,1.375,7.485],"texture":"#0","tintindex":0},"up":{"uv":[6.375,7.625,6.015,7.265],"texture":"#0","tintindex":0},"down":{"uv":[7.625,6.015,7.265,6.375],"texture":"#0","tintindex":0}}},{"from":[2.1894999,10.7855,7.7395],"to":[3.6894999,12.7855,9.1105],"faces":{"east":{"uv":[4.015,7.015,4.375,7.485],"texture":"#0","tintindex":0},"south":{"uv":[7.015,4.015,7.375,4.485],"texture":"#0","tintindex":0},"north":{"uv":[3.515,7.015,3.875,7.485],"texture":"#0","tintindex":0},"west":{"uv":[4.515,7.015,4.875,7.485],"texture":"#0","tintindex":0},"up":{"uv":[6.875,7.625,6.515,7.265],"texture":"#0","tintindex":0},"down":{"uv":[7.625,6.515,7.265,6.875],"texture":"#0","tintindex":0}}},{"from":[5.1895,5.189501,5.1895],"to":[10.8105,10.810501,10.8105],"faces":{"east":{"uv":[1.515,4.515,2.875,5.875],"texture":"#0","tintindex":0},"south":{"uv":[3.015,4.515,4.375,5.875],"texture":"#0","tintindex":0},"north":{"uv":[3.515,3.015,4.875,4.375],"texture":"#0","tintindex":0},"west":{"uv":[4.515,4.515,5.875,5.875],"texture":"#0","tintindex":0},"up":{"uv":[1.375,6.375,0.015,5.015],"texture":"#0","tintindex":0},"down":{"uv":[6.375,0.015,5.015,1.375],"texture":"#0","tintindex":0}}},{"from":[6.6145,4.689501,4.2895],"to":[7.2355,6.6105003,4.7895],"rotation":{"origin":[8.0,5.5,4.5395],"axis":"x","angle":22.5},"faces":{"east":{"uv":[4.015,7.515,4.125,7.985],"texture":"#0","tintindex":0},"south":{"uv":[7.515,4.015,7.625,4.485],"texture":"#0","tintindex":0},"north":{"uv":[3.765,7.515,3.875,7.985],"texture":"#0","tintindex":0},"west":{"uv":[4.265,7.515,4.375,7.985],"texture":"#0","tintindex":0},"up":{"uv":[1.375,7.875,1.265,7.765],"texture":"#0","tintindex":0},"down":{"uv":[2.375,7.765,2.265,7.875],"texture":"#0","tintindex":0}}},{"from":[7.2355,4.689501,4.2895],"to":[8.7645,5.2355003,4.7895],"rotation":{"origin":[8.0,5.5,4.5395],"axis":"x","angle":22.5},"faces":{"east":{"uv":[2.515,7.765,2.625,7.875],"texture":"#0","tintindex":0},"south":{"uv":[7.015,7.515,7.375,7.625],"texture":"#0","tintindex":0},"north":{"uv":[7.515,2.515,7.875,2.625],"texture":"#0","tintindex":0},"west":{"uv":[2.765,7.765,2.875,7.875],"texture":"#0","tintindex":0},"up":{"uv":[7.875,7.625,7.515,7.515],"texture":"#0","tintindex":0},"down":{"uv":[0.375,7.765,0.015,7.875],"texture":"#0","tintindex":0}}}],"textures":{"particle":"#0","0":"modelengine:74a745ae-4f20-4ab0-9f6d-4f7dd79ee254"}}