{"display":{"head":{},"firstperson_righthand":{},"thirdperson_lefthand":{},"firstperson_lefthand":{},"fixed":{},"ground":{},"thirdperson_righthand":{},"gui":{"rotation":[-150.0,-45.0,180.0]}},"elements":[{"from":[6.571062,7.2973747,7.297375],"to":[8.678938,8.702624,8.702625],"faces":{"east":{"uv":[13.03,8.03,13.75,8.75],"texture":"#0","tintindex":0},"south":{"uv":[13.03,1.03,13.97,1.75],"texture":"#0","tintindex":0},"north":{"uv":[1.03,13.03,1.97,13.75],"texture":"#0","tintindex":0},"west":{"uv":[9.03,13.03,9.75,13.75],"texture":"#0","tintindex":0},"up":{"uv":[2.97,13.75,2.03,13.03],"texture":"#0","tintindex":0},"down":{"uv":[13.97,2.03,13.03,2.75],"texture":"#0","tintindex":0}}}],"textures":{"particle":"#0","0":"modelengine:b811db2e-61a3-4137-8df8-9c6415121fba"}}