{"display":{"head":{},"firstperson_righthand":{},"thirdperson_lefthand":{},"firstperson_lefthand":{},"fixed":{},"ground":{},"thirdperson_righthand":{},"gui":{"rotation":[-150.0,-45.0,180.0]}},"elements":[{"from":[7.2973747,5.896062,7.297375],"to":[8.702625,8.003938,8.702625],"faces":{"east":{"uv":[6.765,5.015,7.125,5.485],"texture":"#0","tintindex":0},"south":{"uv":[6.765,5.515,7.125,5.985],"texture":"#0","tintindex":0},"north":{"uv":[6.765,4.515,7.125,4.985],"texture":"#0","tintindex":0},"west":{"uv":[6.765,6.015,7.125,6.485],"texture":"#0","tintindex":0},"up":{"uv":[5.875,7.625,5.515,7.265],"texture":"#0","tintindex":0},"down":{"uv":[7.625,5.515,7.265,5.875],"texture":"#0","tintindex":0}}}],"textures":{"particle":"#0","0":"modelengine:18042a14-4b0e-4a0d-86cf-771072ab7666"}}