{"display":{"head":{},"firstperson_righthand":{},"thirdperson_lefthand":{},"firstperson_lefthand":{},"fixed":{},"ground":{},"thirdperson_righthand":{},"gui":{"rotation":[-150.0,-45.0,180.0]}},"elements":[{"from":[7.4552717,10.7805,8.723224],"to":[11.698282,15.640501,8.723224],"rotation":{"origin":[9.5767765,13.210501,8.723224],"axis":"y","angle":22.5},"faces":{"south":{"uv":[15.97,10.25,13.753495,12.7425],"texture":"#0","tintindex":0},"north":{"uv":[13.753495,10.25,15.97,12.7425],"texture":"#0","tintindex":0}}},{"from":[9.65,10.7805,7.028495],"to":[9.65,15.640501,10.771505],"rotation":{"origin":[9.4,13.210501,8.9],"axis":"y","angle":45.0},"faces":{"east":{"uv":[13.753495,10.2575,15.97,12.75],"texture":"#0","tintindex":0},"west":{"uv":[15.97,10.25625,13.753495,12.74875],"texture":"#0","tintindex":0}}},{"from":[5.1895,1.5685015,5.1895],"to":[10.8105,5.189501,10.8105],"faces":{"east":{"uv":[4.25,14.25,6.97,15.97],"texture":"#0","tintindex":0},"south":{"uv":[7.25,14.25,9.97,15.97],"texture":"#0","tintindex":0},"north":{"uv":[4.75,4.53,7.47,6.25],"texture":"#0","tintindex":0},"west":{"uv":[10.25,14.25,12.97,15.97],"texture":"#0","tintindex":0},"up":{"uv":[2.75,6.75,0.03,4.03],"texture":"#0","tintindex":0},"down":{"uv":[2.75,4.03,0.03,6.75],"texture":"#0","tintindex":0}}},{"from":[5.028495,10.7805,6.8],"to":[8.771505,15.640501,6.8],"rotation":{"origin":[6.9,13.210501,6.8],"axis":"y","angle":45.0},"faces":{"south":{"uv":[15.621505,13.03,13.75,15.43],"texture":"#0","tintindex":0},"north":{"uv":[13.75,13.03,15.621505,15.43],"texture":"#0","tintindex":0}}},{"from":[10.9855,10.9855,11.0105],"to":[5.0144997,5.0145006,4.9895],"faces":{"east":{"uv":[3.03,7.03,5.97,9.97],"texture":"#0","tintindex":0},"south":{"uv":[6.03,7.03,8.97,9.97],"texture":"#0","tintindex":0},"north":{"uv":[0.03,7.03,2.97,9.97],"texture":"#0","tintindex":0},"west":{"uv":[8.03,0.03,10.97,2.97],"texture":"#0","tintindex":0},"up":{"uv":[10.97,5.97,8.03,3.03],"texture":"#0","tintindex":0},"down":{"uv":[11.97,6.03,9.03,8.97],"texture":"#0","tintindex":0}}},{"from":[5.1895,5.189501,5.1895],"to":[10.8105,10.810501,10.8105],"faces":{"east":{"uv":[0.03,10.03,2.75,12.75],"texture":"#0","tintindex":0},"south":{"uv":[3.03,10.03,5.75,12.75],"texture":"#0","tintindex":0},"north":{"uv":[9.03,9.03,11.75,11.75],"texture":"#0","tintindex":0},"west":{"uv":[6.03,10.03,8.75,12.75],"texture":"#0","tintindex":0},"up":{"uv":[13.75,2.75,11.03,0.03],"texture":"#0","tintindex":0},"down":{"uv":[13.75,3.03,11.03,5.75],"texture":"#0","tintindex":0}}},{"from":[6.9,10.7805,4.928495],"to":[6.9,15.640501,8.671505],"rotation":{"origin":[6.9,13.210501,6.8],"axis":"y","angle":45.0},"faces":{"east":{"uv":[13.75,13.03,15.621505,15.43],"texture":"#0","tintindex":0},"west":{"uv":[15.621505,13.03,13.75,15.43],"texture":"#0","tintindex":0}}}],"textures":{"particle":"#0","0":"modelengine:01e72249-5d9a-4d87-b12f-1010ea7bb876"}}