{"display":{"head":{},"firstperson_righthand":{},"thirdperson_lefthand":{},"firstperson_lefthand":{},"fixed":{},"ground":{},"thirdperson_righthand":{},"gui":{"rotation":[-150.0,-45.0,180.0]}},"elements":[{"from":[4.9395,3.4395008,4.9395],"to":[11.0605,11.060501,11.0605],"faces":{"east":{"uv":[0.015,3.515,1.485,5.375],"texture":"#0","tintindex":0},"south":{"uv":[3.515,1.765,4.985,3.625],"texture":"#0","tintindex":0},"north":{"uv":[2.015,1.765,3.485,3.625],"texture":"#0","tintindex":0},"west":{"uv":[1.515,3.765,2.985,5.625],"texture":"#0","tintindex":0},"up":{"uv":[1.485,6.985,0.015,5.515],"texture":"#0","tintindex":0},"down":{"uv":[4.485,5.515,3.015,6.985],"texture":"#0","tintindex":0}}},{"from":[5.1895,11.021683,7.687617],"to":[10.8105,11.021683,12.958616],"rotation":{"origin":[8.0,11.776842,8.0],"axis":"x","angle":-22.5},"faces":{"up":{"uv":[1.375,8.375,0.015,7.015],"texture":"#0","tintindex":0},"down":{"uv":[4.375,7.015,3.015,8.375],"texture":"#0","tintindex":0}}},{"from":[4.6895,11.435501,4.6895],"to":[11.3105,11.435501,11.3105],"rotation":{"origin":[8.0,11.435501,8.0],"axis":"y","angle":45.0},"faces":{"up":{"uv":[6.375,5.375,4.765,3.765],"texture":"#0","tintindex":0},"down":{"uv":[6.625,1.765,5.015,3.375],"texture":"#0","tintindex":0}}},{"from":[5.1895,5.189501,5.1895],"to":[10.8105,10.810501,10.8105],"faces":{"east":{"uv":[5.765,0.015,7.125,1.375],"texture":"#0","tintindex":0},"south":{"uv":[1.515,5.765,2.875,7.125],"texture":"#0","tintindex":0},"north":{"uv":[4.515,5.515,5.875,6.875],"texture":"#0","tintindex":0},"west":{"uv":[6.015,5.515,7.375,6.875],"texture":"#0","tintindex":0},"up":{"uv":[7.875,4.875,6.515,3.515],"texture":"#0","tintindex":0},"down":{"uv":[8.125,1.515,6.765,2.875],"texture":"#0","tintindex":0}}},{"from":[7.614393,11.036247,5.1895],"to":[12.885393,11.036247,10.8105],"rotation":{"origin":[8.0,11.9681835,8.0],"axis":"z","angle":22.5},"faces":{"up":{"uv":[8.875,6.375,7.515,5.015],"texture":"#0","tintindex":0},"down":{"uv":[8.875,6.515,7.515,7.875],"texture":"#0","tintindex":0}}},{"from":[4.6895,8.939501,4.6895],"to":[11.3105,11.310501,11.3105],"faces":{"east":{"uv":[8.015,3.765,9.625,4.375],"texture":"#0","tintindex":0},"south":{"uv":[7.515,8.015,9.125,8.625],"texture":"#0","tintindex":0},"north":{"uv":[8.015,3.015,9.625,3.625],"texture":"#0","tintindex":0},"west":{"uv":[8.265,1.515,9.875,2.125],"texture":"#0","tintindex":0},"up":{"uv":[4.625,5.375,3.015,3.765],"texture":"#0","tintindex":0},"down":{"uv":[5.625,0.015,4.015,1.625],"texture":"#0","tintindex":0}}},{"from":[3.1146064,11.036247,5.1895],"to":[8.385607,11.036247,10.8105],"rotation":{"origin":[8.0,11.9681835,8.0],"axis":"z","angle":-22.5},"faces":{"up":{"uv":[8.625,1.375,7.265,0.015],"texture":"#0","tintindex":0},"down":{"uv":[2.875,7.265,1.515,8.625],"texture":"#0","tintindex":0}}},{"from":[5.1895,11.021683,3.0413833],"to":[10.8105,11.021683,8.312384],"rotation":{"origin":[8.0,11.776842,8.0],"axis":"x","angle":22.5},"faces":{"up":{"uv":[5.875,8.375,4.515,7.015],"texture":"#0","tintindex":0},"down":{"uv":[7.375,7.015,6.015,8.375],"texture":"#0","tintindex":0}}}],"textures":{"particle":"#0","0":"modelengine:99cdcfa9-a1e1-46ba-8e73-6dbc56d74506"}}