{"display":{"head":{},"firstperson_righthand":{},"thirdperson_lefthand":{},"firstperson_lefthand":{},"fixed":{},"ground":{},"thirdperson_righthand":{},"gui":{"rotation":[-150.0,-45.0,180.0]}},"elements":[{"from":[7.4032497,7.4032497,8.0],"to":[8.59675,8.59675,8.0],"faces":{"south":{"uv":[12.53,13.03,12.97,13.47],"texture":"#0","tintindex":0},"north":{"uv":[13.03,12.03,13.47,12.47],"texture":"#0","tintindex":0}}}],"textures":{"particle":"#0","0":"modelengine:7cfdffaf-9618-4cb0-b2b6-b5a815aa1029"}}