{"display":{"head":{},"firstperson_righthand":{},"thirdperson_lefthand":{},"firstperson_lefthand":{},"fixed":{},"ground":{},"thirdperson_righthand":{},"gui":{"rotation":[-150.0,-45.0,180.0]}},"elements":[{"from":[7.297375,5.896062,7.297375],"to":[8.702625,8.003938,8.702625],"faces":{"east":{"uv":[7.515,5.765,7.875,6.235],"texture":"#0","tintindex":0},"south":{"uv":[7.515,6.265,7.875,6.735],"texture":"#0","tintindex":0},"north":{"uv":[7.515,5.265,7.875,5.735],"texture":"#0","tintindex":0},"west":{"uv":[6.765,7.515,7.125,7.985],"texture":"#0","tintindex":0},"up":{"uv":[8.125,7.625,7.765,7.265],"texture":"#0","tintindex":0},"down":{"uv":[8.125,7.765,7.765,8.125],"texture":"#0","tintindex":0}}}],"textures":{"particle":"#0","0":"modelengine:d5f2bf66-f61b-4a83-9894-cfe2bd46a894"}}