{"display":{"head":{},"firstperson_righthand":{},"thirdperson_lefthand":{},"firstperson_lefthand":{},"fixed":{},"ground":{},"thirdperson_righthand":{},"gui":{"rotation":[-150.0,-45.0,180.0]}},"elements":[{"from":[7.4032497,7.4032497,8.0],"to":[8.59675,8.59675,8.0],"faces":{"south":{"uv":[3.265,7.265,3.485,7.485],"texture":"#0","tintindex":0},"north":{"uv":[3.515,6.765,3.735,6.985],"texture":"#0","tintindex":0}}}],"textures":{"particle":"#0","0":"modelengine:219a0def-54b8-4d67-8e77-a332b9d320df"}}