{"display":{"head":{},"firstperson_righthand":{},"thirdperson_lefthand":{},"firstperson_lefthand":{},"fixed":{},"ground":{},"thirdperson_righthand":{},"gui":{"rotation":[-150.0,-45.0,180.0]}},"elements":[{"from":[7.2973747,5.896062,7.297375],"to":[8.702625,8.003938,8.702625],"faces":{"east":{"uv":[2.03,13.03,2.75,13.97],"texture":"#0","tintindex":0},"south":{"uv":[3.03,13.03,3.75,13.97],"texture":"#0","tintindex":0},"north":{"uv":[1.03,13.03,1.75,13.97],"texture":"#0","tintindex":0},"west":{"uv":[4.03,13.03,4.75,13.97],"texture":"#0","tintindex":0},"up":{"uv":[13.75,10.75,13.03,10.03],"texture":"#0","tintindex":0},"down":{"uv":[11.75,13.03,11.03,13.75],"texture":"#0","tintindex":0}}}],"textures":{"particle":"#0","0":"modelengine:93b4e590-19bc-42c5-8bbd-992a7218ce16"}}