{"display":{"head":{},"firstperson_righthand":{},"thirdperson_lefthand":{},"firstperson_lefthand":{},"fixed":{},"ground":{},"thirdperson_righthand":{},"gui":{"rotation":[-150.0,-45.0,180.0]}},"elements":[{"from":[7.3210626,7.2973747,7.297375],"to":[9.428938,8.702624,8.702625],"faces":{"east":{"uv":[8.015,2.015,8.375,2.375],"texture":"#0","tintindex":0},"south":{"uv":[4.015,7.765,4.485,8.125],"texture":"#0","tintindex":0},"north":{"uv":[3.515,7.765,3.985,8.125],"texture":"#0","tintindex":0},"west":{"uv":[8.015,2.515,8.375,2.875],"texture":"#0","tintindex":0},"up":{"uv":[4.985,8.125,4.515,7.765],"texture":"#0","tintindex":0},"down":{"uv":[5.485,7.765,5.015,8.125],"texture":"#0","tintindex":0}}}],"textures":{"particle":"#0","0":"modelengine:04ffaf43-d78e-497f-8495-8a0fae83a944"}}