{"display":{"head":{},"firstperson_righthand":{},"thirdperson_lefthand":{},"firstperson_lefthand":{},"fixed":{},"ground":{},"thirdperson_righthand":{},"gui":{"rotation":[-150.0,-45.0,180.0]}},"elements":[{"from":[7.2973747,5.896062,7.297375],"to":[8.702625,8.003938,8.702625],"faces":{"east":{"uv":[8.265,1.015,8.625,1.485],"texture":"#0","tintindex":0},"south":{"uv":[8.265,1.515,8.625,1.985],"texture":"#0","tintindex":0},"north":{"uv":[8.265,0.515,8.625,0.985],"texture":"#0","tintindex":0},"west":{"uv":[8.265,2.015,8.625,2.485],"texture":"#0","tintindex":0},"up":{"uv":[0.875,8.875,0.515,8.515],"texture":"#0","tintindex":0},"down":{"uv":[1.375,8.515,1.015,8.875],"texture":"#0","tintindex":0}}}],"textures":{"particle":"#0","0":"modelengine:7de0d0d2-9893-4f54-86d5-d0ff22d21d96"}}