{"display":{"head":{},"firstperson_righthand":{},"thirdperson_lefthand":{},"firstperson_lefthand":{},"fixed":{},"ground":{},"thirdperson_righthand":{},"gui":{"rotation":[-150.0,-45.0,180.0]}},"elements":[{"from":[3.95575,8.0525,2.21905],"to":[11.20425,17.2995,7.32625],"faces":{"east":{"uv":[0.0,0.0,2.5,3.25],"texture":"#0","tintindex":0},"south":{"uv":[0.0,0.0,2.5,3.25],"texture":"#0","tintindex":0},"north":{"uv":[0.0,0.0,2.5,3.25],"texture":"#0","tintindex":0},"west":{"uv":[0.0,0.0,2.5,3.25],"texture":"#0","tintindex":0},"up":{"uv":[0.0,0.0,2.5,3.25],"texture":"#0","tintindex":0},"down":{"uv":[0.0,0.0,2.5,3.25],"texture":"#0","tintindex":0}}}],"textures":{"particle":"#0","0":"modelengine:c25dff11-5c5c-4e1c-8587-11bafa622210"}}