{"display":{"head":{},"firstperson_righthand":{},"thirdperson_lefthand":{},"firstperson_lefthand":{},"fixed":{},"ground":{},"thirdperson_righthand":{},"gui":{"rotation":[-150.0,-45.0,180.0]}},"elements":[{"from":[7.63012,-4.74317,6.29502],"to":[11.16774,8.515701,9.68879],"faces":{"east":{"uv":[5.0,3.25,3.75,8.0],"texture":"#0","tintindex":0},"south":{"uv":[0.0,3.25,1.25,8.0],"texture":"#0","tintindex":0},"north":{"uv":[1.25,3.25,0.0,8.0],"texture":"#0","tintindex":0},"west":{"uv":[3.75,3.25,5.0,8.0],"texture":"#0","tintindex":0},"up":{"uv":[12.5,6.75,13.75,5.5],"texture":"#0","tintindex":0},"down":{"uv":[12.5,6.75,13.75,8.0],"texture":"#0","tintindex":0}}}],"textures":{"particle":"#0","0":"modelengine:ef57b750-f10a-426c-8277-5c7f754226e5"}}