{"display":{"head":{},"firstperson_righthand":{},"thirdperson_lefthand":{},"firstperson_lefthand":{},"fixed":{},"ground":{},"thirdperson_righthand":{},"gui":{"rotation":[-150.0,-45.0,180.0]}},"elements":[{"from":[4.01359,-4.65539,6.2621],"to":[7.5512104,8.603481,9.65587],"faces":{"east":{"uv":[5.0,3.25,3.75,8.0],"texture":"#0","tintindex":0},"south":{"uv":[1.25,3.25,0.0,8.0],"texture":"#0","tintindex":0},"north":{"uv":[0.0,3.25,1.25,8.0],"texture":"#0","tintindex":0},"west":{"uv":[3.75,3.25,5.0,8.0],"texture":"#0","tintindex":0},"up":{"uv":[13.75,6.75,12.5,5.5],"texture":"#0","tintindex":0},"down":{"uv":[13.75,6.75,12.5,8.0],"texture":"#0","tintindex":0}}}],"textures":{"particle":"#0","0":"modelengine:f72065ed-0520-40e7-9c7a-a9364c741eb1"}}