{"display":{"head":{},"firstperson_righthand":{},"thirdperson_lefthand":{},"firstperson_lefthand":{},"fixed":{},"ground":{},"thirdperson_righthand":{},"gui":{"rotation":[-150.0,-45.0,180.0]}},"elements":[{"from":[-0.39070034,8.216705,-0.8028698],"to":[17.13978,25.747185,16.72762],"faces":{"east":{"uv":[3.375,0.0,3.9375,0.5625],"texture":"#0","tintindex":0},"south":{"uv":[3.375,1.375,3.9375,1.9375],"texture":"#0","tintindex":0},"north":{"uv":[3.0,3.125,3.5625,3.6875],"texture":"#0","tintindex":0},"west":{"uv":[3.5,0.625,4.0625,1.1875],"texture":"#0","tintindex":0},"up":{"uv":[0.5625,4.1875,0.0,3.625],"texture":"#0","tintindex":0},"down":{"uv":[2.5625,3.625,2.0,4.1875],"texture":"#0","tintindex":0}}},{"from":[0.124899864,8.7323,-0.2872696],"to":[16.62418,25.231583,16.21201],"faces":{"east":{"uv":[3.375,4.875,3.875,5.375],"texture":"#0","tintindex":0},"south":{"uv":[4.5,4.875,5.0,5.375],"texture":"#0","tintindex":0},"north":{"uv":[2.0,4.875,2.5,5.375],"texture":"#0","tintindex":0},"west":{"uv":[5.0,0.0,5.5,0.5],"texture":"#0","tintindex":0},"up":{"uv":[5.5,1.0,5.0,0.5],"texture":"#0","tintindex":0},"down":{"uv":[5.5,4.875,5.0,5.375],"texture":"#0","tintindex":0}}}],"textures":{"particle":"#0","0":"modelengine:39ee2b99-c616-4832-912d-8b9f87ed74e0"}}