{"display":{"head":{},"firstperson_righthand":{},"thirdperson_lefthand":{},"firstperson_lefthand":{},"fixed":{},"ground":{},"thirdperson_righthand":{},"gui":{"rotation":[-150.0,-45.0,180.0]}},"elements":[{"from":[-0.6576748,3.9208126,4.75],"to":[5.342325,9.920813,4.75],"rotation":{"origin":[2.2423253,6.9208126,4.75],"axis":"z","angle":22.5},"faces":{"south":{"uv":[5.0,5.25,6.5,6.75],"texture":"#0","tintindex":0},"north":{"uv":[5.0,3.5,6.5,5.0],"texture":"#0","tintindex":0}}},{"from":[4.975,7.950001,3.6750002],"to":[5.975,8.950001,3.6750002],"faces":{"south":{"uv":[5.5,10.0,5.75,10.25],"texture":"#0","tintindex":0},"north":{"uv":[9.75,2.5,10.0,2.75],"texture":"#0","tintindex":0}}},{"from":[10.657675,3.9208126,4.75],"to":[16.657675,9.920813,4.75],"rotation":{"origin":[13.757675,6.9208126,4.75],"axis":"z","angle":-22.5},"faces":{"south":{"uv":[0.0,6.5,1.5,8.0],"texture":"#0","tintindex":0},"north":{"uv":[6.25,0.0,7.75,1.5],"texture":"#0","tintindex":0}}},{"from":[10.025,7.950001,3.6750002],"to":[11.025,8.950001,3.6750002],"faces":{"south":{"uv":[2.5,10.75,2.75,11.0],"texture":"#0","tintindex":0},"north":{"uv":[2.0,10.75,2.25,11.0],"texture":"#0","tintindex":0}}},{"from":[5.0,5.7500005,3.75],"to":[11.0,11.75,9.75],"faces":{"east":{"uv":[3.25,3.0,4.75,4.5],"texture":"#0","tintindex":0},"south":{"uv":[4.5,0.0,6.0,1.5],"texture":"#0","tintindex":0},"north":{"uv":[1.5,3.0,3.0,4.5],"texture":"#0","tintindex":0},"west":{"uv":[1.5,4.75,3.0,6.25],"texture":"#0","tintindex":0},"up":{"uv":[4.75,6.25,3.25,4.75],"texture":"#0","tintindex":0},"down":{"uv":[6.5,1.75,5.0,3.25],"texture":"#0","tintindex":0}}},{"from":[11.025,7.950001,3.6750002],"to":[11.025,8.950001,4.175],"faces":{"east":{"uv":[4.0,10.75,4.25,11.0],"texture":"#0","tintindex":0},"west":{"uv":[4.5,10.75,4.75,11.0],"texture":"#0","tintindex":0}}},{"from":[5.425,8.375,3.5749998],"to":[5.825,8.775001,3.5749998],"faces":{"south":{"uv":[8.75,3.5,9.0,3.75],"texture":"#0","tintindex":0},"north":{"uv":[8.75,3.0,9.0,3.25],"texture":"#0","tintindex":0}}},{"from":[10.175,8.375,3.5749998],"to":[10.575,8.775001,3.5749998],"faces":{"south":{"uv":[1.5,10.75,1.75,11.0],"texture":"#0","tintindex":0},"north":{"uv":[5.5,10.5,5.75,10.75],"texture":"#0","tintindex":0}}},{"from":[4.975,7.950001,3.6750002],"to":[4.975,8.950001,4.175],"faces":{"east":{"uv":[1.0,10.5,1.25,10.75],"texture":"#0","tintindex":0},"west":{"uv":[10.5,1.0,10.75,1.25],"texture":"#0","tintindex":0}}},{"from":[6.0,5.7500005,2.75],"to":[10.0,8.75,3.75],"faces":{"east":{"uv":[4.5,1.75,4.75,2.5],"texture":"#0","tintindex":0},"south":{"uv":[8.25,9.75,9.25,10.5],"texture":"#0","tintindex":0},"north":{"uv":[7.0,9.75,8.0,10.5],"texture":"#0","tintindex":0},"west":{"uv":[6.25,7.0,6.5,7.75],"texture":"#0","tintindex":0},"up":{"uv":[1.0,6.25,0.0,6.0],"texture":"#0","tintindex":0},"down":{"uv":[11.25,5.5,10.25,5.75],"texture":"#0","tintindex":0}}}],"textures":{"particle":"#0","0":"modelengine:bfc66762-50a3-43b5-9b35-4c3d1247035f"}}