{"display":{"head":{},"firstperson_righthand":{},"thirdperson_lefthand":{},"firstperson_lefthand":{},"fixed":{},"ground":{},"thirdperson_righthand":{},"gui":{"rotation":[-150.0,-45.0,180.0]}},"elements":[{"from":[7.14775,1.6297898,6.17634],"to":[10.5109005,8.55629,10.59299],"faces":{"east":{"uv":[1.5,10.25,0.0,12.75],"texture":"#0","tintindex":0},"south":{"uv":[10.25,11.25,9.0,13.75],"texture":"#0","tintindex":0},"north":{"uv":[9.0,11.25,10.25,13.75],"texture":"#0","tintindex":0},"west":{"uv":[0.0,10.25,1.5,12.75],"texture":"#0","tintindex":0},"up":{"uv":[9.0,11.25,10.25,12.5],"texture":"#0","tintindex":0},"down":{"uv":[8.0,12.25,6.75,13.75],"texture":"#0","tintindex":0}}}],"textures":{"particle":"#0","0":"modelengine:152c6c3a-1372-44a0-bfe7-def69fdb63e4"}}