{"display":{"head":{},"firstperson_righthand":{},"thirdperson_lefthand":{},"firstperson_lefthand":{},"fixed":{},"ground":{},"thirdperson_righthand":{},"gui":{"rotation":[-150.0,-45.0,180.0]}},"elements":[{"from":[9.83476,9.412689,8.61011],"to":[11.401239,11.25218,10.0522995],"faces":{"east":{"uv":[1.5,10.25,2.0,11.0],"texture":"#0","tintindex":0},"south":{"uv":[4.25,10.5,4.75,11.25],"texture":"#0","tintindex":0},"north":{"uv":[4.25,9.75,4.75,10.5],"texture":"#0","tintindex":0},"west":{"uv":[9.0,10.5,9.5,11.25],"texture":"#0","tintindex":0},"up":{"uv":[4.25,11.25,3.75,10.75],"texture":"#0","tintindex":0},"down":{"uv":[2.0,11.75,1.5,12.25],"texture":"#0","tintindex":0}}},{"from":[5.14476,8.01269,5.8101],"to":[9.93124,12.65218,11.4523],"faces":{"east":{"uv":[7.0,10.5,9.0,12.25],"texture":"#0","tintindex":0},"south":{"uv":[11.5,8.75,13.25,10.5],"texture":"#0","tintindex":0},"north":{"uv":[11.5,3.75,13.25,5.5],"texture":"#0","tintindex":0},"west":{"uv":[11.0,0.0,13.0,1.75],"texture":"#0","tintindex":0},"up":{"uv":[12.75,3.75,11.0,1.75],"texture":"#0","tintindex":0},"down":{"uv":[12.75,3.75,11.0,1.75],"texture":"#0","tintindex":0}}},{"from":[5.74476,8.01269,4.41011],"to":[9.33124,10.218849,5.8523],"faces":{"east":{"uv":[7.0,9.5,7.5,10.5],"texture":"#0","tintindex":0},"south":{"uv":[12.75,11.5,14.25,12.5],"texture":"#0","tintindex":0},"north":{"uv":[12.75,10.5,14.25,11.5],"texture":"#0","tintindex":0},"west":{"uv":[3.75,9.75,4.25,10.75],"texture":"#0","tintindex":0},"up":{"uv":[14.5,1.0,13.0,0.5],"texture":"#0","tintindex":0},"down":{"uv":[14.5,1.0,13.0,1.5],"texture":"#0","tintindex":0}}},{"from":[3.6747599,9.412689,8.61011],"to":[5.24124,11.25218,10.0522995],"faces":{"east":{"uv":[1.5,11.0,2.0,11.75],"texture":"#0","tintindex":0},"south":{"uv":[11.0,3.75,11.5,4.5],"texture":"#0","tintindex":0},"north":{"uv":[9.5,10.5,10.0,11.25],"texture":"#0","tintindex":0},"west":{"uv":[11.5,5.5,12.0,6.25],"texture":"#0","tintindex":0},"up":{"uv":[12.5,6.0,12.0,5.5],"texture":"#0","tintindex":0},"down":{"uv":[13.25,13.0,12.75,13.5],"texture":"#0","tintindex":0}}}],"textures":{"particle":"#0","0":"modelengine:9efc8967-694b-4f9f-83ee-12046ecf3275"}}