{"display":{"head":{},"firstperson_righthand":{},"thirdperson_lefthand":{},"firstperson_lefthand":{},"fixed":{},"ground":{},"thirdperson_righthand":{},"gui":{"rotation":[-150.0,-45.0,180.0]}},"elements":[{"from":[6.571062,7.2973747,7.297375],"to":[8.678938,8.702624,8.702625],"faces":{"east":{"uv":[8.015,1.015,8.375,1.375],"texture":"#0","tintindex":0},"south":{"uv":[2.015,7.765,2.485,8.125],"texture":"#0","tintindex":0},"north":{"uv":[1.515,7.765,1.985,8.125],"texture":"#0","tintindex":0},"west":{"uv":[8.015,1.515,8.375,1.875],"texture":"#0","tintindex":0},"up":{"uv":[2.985,8.125,2.515,7.765],"texture":"#0","tintindex":0},"down":{"uv":[3.485,7.765,3.015,8.125],"texture":"#0","tintindex":0}}}],"textures":{"particle":"#0","0":"modelengine:f9335bc4-6986-47d9-9080-f008d24fa834"}}