{"display":{"head":{},"firstperson_righthand":{},"thirdperson_lefthand":{},"firstperson_lefthand":{},"fixed":{},"ground":{},"thirdperson_righthand":{},"gui":{"rotation":[-150.0,-45.0,180.0]}},"elements":[{"from":[7.2973747,5.896062,7.297375],"to":[8.702625,8.003938,8.702625],"faces":{"east":{"uv":[0.015,7.765,0.375,8.235],"texture":"#0","tintindex":0},"south":{"uv":[0.515,7.765,0.875,8.235],"texture":"#0","tintindex":0},"north":{"uv":[7.265,7.515,7.625,7.985],"texture":"#0","tintindex":0},"west":{"uv":[1.015,7.765,1.375,8.235],"texture":"#0","tintindex":0},"up":{"uv":[8.375,0.375,8.015,0.015],"texture":"#0","tintindex":0},"down":{"uv":[8.375,0.515,8.015,0.875],"texture":"#0","tintindex":0}}}],"textures":{"particle":"#0","0":"modelengine:b3d0774e-c1de-4f92-ab21-e36c94d06222"}}