{"display":{"head":{},"firstperson_righthand":{},"thirdperson_lefthand":{},"firstperson_lefthand":{},"fixed":{},"ground":{},"thirdperson_righthand":{},"gui":{"rotation":[-150.0,-45.0,180.0]}},"elements":[{"from":[7.3,7.3,8.0],"to":[8.7,8.700001,14.999999],"faces":{"east":{"uv":[12.75,12.5,15.25,13.0],"texture":"#0","tintindex":0},"south":{"uv":[4.25,13.25,4.75,13.75],"texture":"#0","tintindex":0},"north":{"uv":[13.25,4.0,13.75,4.5],"texture":"#0","tintindex":0},"west":{"uv":[13.0,0.0,15.5,0.5],"texture":"#0","tintindex":0},"up":{"uv":[8.5,14.75,8.0,12.25],"texture":"#0","tintindex":0},"down":{"uv":[9.0,12.25,8.5,14.75],"texture":"#0","tintindex":0}}}],"textures":{"particle":"#0","0":"modelengine:6c6bcb22-0024-49bb-a88e-11e67d518b89"}}