{"display":{"head":{},"firstperson_righthand":{},"thirdperson_lefthand":{},"firstperson_lefthand":{},"fixed":{},"ground":{},"thirdperson_righthand":{},"gui":{"rotation":[-150.0,-45.0,180.0]}},"elements":[{"from":[8.0,3.7842503,8.013187],"to":[8.0,10.46575,15.336812],"faces":{"east":{"uv":[0.015,0.015,1.875,1.625],"texture":"#0","tintindex":0},"west":{"uv":[0.015,1.765,1.875,3.375],"texture":"#0","tintindex":0}}}],"textures":{"particle":"#0","0":"modelengine:f9335bc4-6986-47d9-9080-f008d24fa834"}}