{"display":{"head":{},"firstperson_righthand":{},"thirdperson_lefthand":{},"firstperson_lefthand":{},"fixed":{},"ground":{},"thirdperson_righthand":{},"gui":{"rotation":[-150.0,-45.0,180.0]}},"elements":[{"from":[0.7252698,-11.96294,0.09307003],"to":[14.86751,8.366529,14.23531],"faces":{"east":{"uv":[1.625,4.25,2.0625,4.875],"texture":"#0","tintindex":0},"south":{"uv":[4.25,2.0,4.6875,2.625],"texture":"#0","tintindex":0},"north":{"uv":[2.0,3.0,2.4375,3.625],"texture":"#0","tintindex":0},"west":{"uv":[2.125,4.25,2.5625,4.875],"texture":"#0","tintindex":0},"up":{"uv":[5.9375,6.4375,5.5,6.0],"texture":"#0","tintindex":0},"down":{"uv":[6.4375,5.75,6.0,6.1875],"texture":"#0","tintindex":0}}},{"from":[-0.15862083,-12.84683,-0.7908201],"to":[15.7514,8.366529,15.1192],"faces":{"east":{"uv":[0.0,2.875,0.5,3.53125],"texture":"#0","tintindex":0},"south":{"uv":[0.5,2.875,1.0,3.53125],"texture":"#0","tintindex":0},"north":{"uv":[2.5,2.125,3.0,2.78125],"texture":"#0","tintindex":0},"west":{"uv":[2.875,1.375,3.375,2.03125],"texture":"#0","tintindex":0},"up":{"uv":[1.125,5.625,0.625,5.125],"texture":"#0","tintindex":0},"down":{"uv":[5.625,1.0,5.125,1.5],"texture":"#0","tintindex":0}}}],"textures":{"particle":"#0","0":"modelengine:0711409c-16df-467e-be1e-a7241b3cb99e"}}