{"display":{"head":{},"firstperson_righthand":{},"thirdperson_lefthand":{},"firstperson_lefthand":{},"fixed":{},"ground":{},"thirdperson_righthand":{},"gui":{"rotation":[-150.0,-45.0,180.0]}},"elements":[{"from":[7.3210626,7.2973747,7.297375],"to":[9.428938,8.702624,8.702625],"faces":{"east":{"uv":[7.515,8.765,7.875,9.125],"texture":"#0","tintindex":0},"south":{"uv":[8.515,4.515,8.985,4.875],"texture":"#0","tintindex":0},"north":{"uv":[4.515,8.515,4.985,8.875],"texture":"#0","tintindex":0},"west":{"uv":[8.015,8.765,8.375,9.125],"texture":"#0","tintindex":0},"up":{"uv":[5.485,8.875,5.015,8.515],"texture":"#0","tintindex":0},"down":{"uv":[5.985,8.515,5.515,8.875],"texture":"#0","tintindex":0}}}],"textures":{"particle":"#0","0":"modelengine:66544780-06f5-41d6-bdc2-4ff2583b9415"}}