{"display":{"head":{},"firstperson_righthand":{},"thirdperson_lefthand":{},"firstperson_lefthand":{},"fixed":{},"ground":{},"thirdperson_righthand":{},"gui":{"rotation":[-150.0,-45.0,180.0]}},"elements":[{"from":[3.9466662,3.25494,10.749254],"to":[5.146666,9.25494,11.949255],"rotation":{"origin":[6.4666667,6.8549423,2.6492548],"axis":"z","angle":-22.5},"faces":{"east":{"uv":[0.125,0.0,0.0,0.625],"texture":"#0","tintindex":0},"south":{"uv":[7.375,7.0,7.25,7.625],"texture":"#0","tintindex":0},"north":{"uv":[0.125,0.0,0.0,0.625],"texture":"#0","tintindex":0},"west":{"uv":[0.125,0.0,0.0,0.625],"texture":"#0","tintindex":0},"up":{"uv":[0.0,0.125,0.125,0.0],"texture":"#0","tintindex":0},"down":{"uv":[0.0,0.125,0.125,0.0],"texture":"#0","tintindex":0}}},{"from":[17.732244,11.15963,0.75481653],"to":[23.732244,20.759632,10.354816],"rotation":{"origin":[16.532246,-28.440369,-4.6451836],"axis":"z","angle":22.5},"faces":{"east":{"uv":[2.125,5.875,3.125,6.875],"texture":"#0","tintindex":0},"south":{"uv":[8.625,0.0,9.25,1.0],"texture":"#0","tintindex":0},"north":{"uv":[8.5,2.375,9.125,3.375],"texture":"#0","tintindex":0},"west":{"uv":[0.0,6.0,1.0,7.0],"texture":"#0","tintindex":0},"up":{"uv":[9.375,5.75,8.75,4.75],"texture":"#0","tintindex":0},"down":{"uv":[9.375,5.75,8.75,6.75],"texture":"#0","tintindex":0}}},{"from":[3.9466662,3.25494,-1.0862961],"to":[5.146666,9.25494,0.113704205],"rotation":{"origin":[6.4666667,6.8549423,5.213704],"axis":"z","angle":-22.5},"faces":{"east":{"uv":[0.0,0.0,0.125,0.625],"texture":"#0","tintindex":0},"south":{"uv":[0.0,0.0,0.125,0.625],"texture":"#0","tintindex":0},"north":{"uv":[7.25,7.0,7.375,7.625],"texture":"#0","tintindex":0},"west":{"uv":[0.0,0.0,0.125,0.625],"texture":"#0","tintindex":0},"up":{"uv":[0.0,0.0,0.125,0.125],"texture":"#0","tintindex":0},"down":{"uv":[0.0,0.0,0.125,0.125],"texture":"#0","tintindex":0}}},{"from":[1.2666669,-2.5802402,3.7548165],"to":[6.066666,9.419758,8.554817],"faces":{"east":{"uv":[3.125,8.375,3.625,9.625],"texture":"#0","tintindex":0},"south":{"uv":[8.375,3.5,8.875,4.75],"texture":"#0","tintindex":0},"north":{"uv":[0.0,8.375,0.5,9.625],"texture":"#0","tintindex":0},"west":{"uv":[3.625,8.375,4.125,9.625],"texture":"#0","tintindex":0},"up":{"uv":[0.5,10.125,0.0,9.625],"texture":"#0","tintindex":0},"down":{"uv":[10.125,1.125,9.625,1.625],"texture":"#0","tintindex":0}}},{"from":[-1.9333344,2.7749405,7.373704],"to":[-0.7333336,5.174942,10.973704],"rotation":{"origin":[6.4666667,6.8549423,5.213704],"axis":"z","angle":-22.5},"faces":{"east":{"uv":[0.0,0.0,0.375,0.25],"texture":"#0","tintindex":0},"south":{"uv":[0.0,0.0,0.125,0.25],"texture":"#0","tintindex":0},"north":{"uv":[0.0,0.0,0.125,0.25],"texture":"#0","tintindex":0},"west":{"uv":[4.625,4.125,5.0,4.375],"texture":"#0","tintindex":0},"up":{"uv":[0.0,0.0,0.125,0.375],"texture":"#0","tintindex":0},"down":{"uv":[0.0,0.0,0.125,0.375],"texture":"#0","tintindex":0}}},{"from":[-3.1733341,-11.755272,3.06746],"to":[-3.1733341,2.6447277,7.8674603],"faces":{"east":{"uv":[11.25,0.125,11.75,1.625],"texture":"#0","tintindex":0},"south":{"uv":[11.75,0.0,11.25,1.5],"texture":"#0","tintindex":0},"north":{"uv":[11.25,0.0,11.75,1.5],"texture":"#0","tintindex":0},"west":{"uv":[11.25,0.125,11.75,1.625],"texture":"#0","tintindex":0}}},{"from":[7.066666,19.45494,2.8137045],"to":[8.266666,20.654942,8.813704],"rotation":{"origin":[6.4666667,6.8549423,5.213704],"axis":"z","angle":22.5},"faces":{"east":{"uv":[0.0,0.0,0.625,0.125],"texture":"#0","tintindex":0},"south":{"uv":[0.0,0.0,0.125,0.125],"texture":"#0","tintindex":0},"north":{"uv":[0.0,0.0,0.125,0.125],"texture":"#0","tintindex":0},"west":{"uv":[0.0,0.0,0.625,0.125],"texture":"#0","tintindex":0},"up":{"uv":[3.125,2.125,3.25,2.75],"texture":"#0","tintindex":0},"down":{"uv":[0.0,0.0,0.125,0.625],"texture":"#0","tintindex":0}}},{"from":[-1.9333344,2.7749405,0.17370415],"to":[-0.7333336,5.174942,3.773704],"rotation":{"origin":[6.4666667,6.8549423,5.213704],"axis":"z","angle":-22.5},"faces":{"east":{"uv":[0.0,0.0,0.375,0.25],"texture":"#0","tintindex":0},"south":{"uv":[0.0,0.0,0.125,0.25],"texture":"#0","tintindex":0},"north":{"uv":[0.0,0.0,0.125,0.25],"texture":"#0","tintindex":0},"west":{"uv":[3.875,4.125,4.25,4.375],"texture":"#0","tintindex":0},"up":{"uv":[0.0,0.0,0.125,0.375],"texture":"#0","tintindex":0},"down":{"uv":[0.0,0.0,0.125,0.375],"texture":"#0","tintindex":0}}},{"from":[-1.9333344,5.174942,8.573704],"to":[-0.7333336,11.174942,10.973704],"rotation":{"origin":[6.4666667,6.8549423,5.213704],"axis":"z","angle":-22.5},"faces":{"east":{"uv":[0.0,0.0,0.375,0.25],"texture":"#0","tintindex":0},"south":{"uv":[0.0,0.0,0.125,0.25],"texture":"#0","tintindex":0},"north":{"uv":[0.0,0.0,0.125,0.25],"texture":"#0","tintindex":0},"west":{"uv":[4.75,3.625,5.0,4.25],"texture":"#0","tintindex":0},"up":{"uv":[0.0,0.0,0.125,0.375],"texture":"#0","tintindex":0},"down":{"uv":[0.0,0.0,0.125,0.375],"texture":"#0","tintindex":0}}},{"from":[-15.627293,9.764618,0.15481663],"to":[-8.427294,21.764618,10.954817],"rotation":{"origin":[-27.50729,-25.035381,-4.045183],"axis":"z","angle":-22.5},"faces":{"east":{"uv":[3.875,2.25,5.0,3.5],"texture":"#0","tintindex":0},"south":{"uv":[6.75,6.75,7.5,8.0],"texture":"#0","tintindex":0},"north":{"uv":[6.75,5.5,7.5,6.75],"texture":"#0","tintindex":0},"west":{"uv":[3.875,3.5,5.0,4.75],"texture":"#0","tintindex":0},"up":{"uv":[7.625,5.375,6.875,4.25],"texture":"#0","tintindex":0},"down":{"uv":[7.75,1.5,7.0,2.625],"texture":"#0","tintindex":0}}},{"from":[-3.1333332,6.374939,3.773704],"to":[-0.7333336,11.174942,7.373704],"rotation":{"origin":[6.4666667,6.8549423,5.213704],"axis":"z","angle":-22.5},"faces":{"east":{"uv":[0.0,0.0,0.375,0.5],"texture":"#0","tintindex":0},"south":{"uv":[4.0,3.625,4.25,4.125],"texture":"#0","tintindex":0},"north":{"uv":[4.25,3.5,4.5,4.0],"texture":"#0","tintindex":0},"west":{"uv":[4.625,0.0,5.0,0.5],"texture":"#0","tintindex":0},"up":{"uv":[0.0,0.0,0.125,0.375],"texture":"#0","tintindex":0},"down":{"uv":[0.0,0.0,0.125,0.375],"texture":"#0","tintindex":0}}},{"from":[-1.9333344,5.174942,0.17370415],"to":[-0.7333336,11.174942,2.5737042],"rotation":{"origin":[6.4666667,6.8549423,5.213704],"axis":"z","angle":-22.5},"faces":{"east":{"uv":[0.0,0.0,0.375,0.25],"texture":"#0","tintindex":0},"south":{"uv":[0.0,0.0,0.125,0.25],"texture":"#0","tintindex":0},"north":{"uv":[0.0,0.0,0.125,0.25],"texture":"#0","tintindex":0},"west":{"uv":[3.875,3.625,4.125,4.25],"texture":"#0","tintindex":0},"up":{"uv":[0.0,0.0,0.125,0.375],"texture":"#0","tintindex":0},"down":{"uv":[0.0,0.0,0.125,0.375],"texture":"#0","tintindex":0}}}],"textures":{"particle":"#0","0":"modelengine:b95ad346-4b01-45eb-b345-4503cd5efbab"}}