{"display":{"head":{},"firstperson_righthand":{},"thirdperson_lefthand":{},"firstperson_lefthand":{},"fixed":{},"ground":{},"thirdperson_righthand":{},"gui":{"rotation":[-150.0,-45.0,180.0]}},"elements":[{"from":[5.4975,6.922,7.9615],"to":[7.6535,9.077999,8.0385],"faces":{"east":{"uv":[7.515,0.515,7.625,0.985],"texture":"#0","tintindex":0},"south":{"uv":[6.515,0.515,6.985,0.985],"texture":"#0","tintindex":0},"north":{"uv":[0.515,6.515,0.985,6.985],"texture":"#0","tintindex":0},"west":{"uv":[0.765,7.515,0.875,7.985],"texture":"#0","tintindex":0},"up":{"uv":[1.485,7.625,1.015,7.515],"texture":"#0","tintindex":0},"down":{"uv":[7.985,1.015,7.515,1.125],"texture":"#0","tintindex":0}}},{"from":[8.3465,6.922,7.9615],"to":[10.502501,9.077999,8.0385],"faces":{"east":{"uv":[1.515,7.515,1.625,7.985],"texture":"#0","tintindex":0},"south":{"uv":[6.515,1.015,6.985,1.485],"texture":"#0","tintindex":0},"north":{"uv":[1.015,6.515,1.485,6.985],"texture":"#0","tintindex":0},"west":{"uv":[1.765,7.515,1.875,7.985],"texture":"#0","tintindex":0},"up":{"uv":[7.985,1.375,7.515,1.265],"texture":"#0","tintindex":0},"down":{"uv":[7.985,2.265,7.515,2.375],"texture":"#0","tintindex":0}}}],"textures":{"particle":"#0","0":"modelengine:18042a14-4b0e-4a0d-86cf-771072ab7666"}}