{"display":{"head":{},"firstperson_righthand":{},"thirdperson_lefthand":{},"firstperson_lefthand":{},"fixed":{},"ground":{},"thirdperson_righthand":{},"gui":{"rotation":[-150.0,-45.0,180.0]}},"elements":[{"from":[5.4975,6.922,7.9615],"to":[7.6535,9.077999,8.0385],"faces":{"east":{"uv":[13.03,12.53,13.25,13.47],"texture":"#0","tintindex":0},"south":{"uv":[8.03,12.03,8.97,12.97],"texture":"#0","tintindex":0},"north":{"uv":[12.03,7.03,12.97,7.97],"texture":"#0","tintindex":0},"west":{"uv":[11.03,13.53,11.25,14.47],"texture":"#0","tintindex":0},"up":{"uv":[12.47,13.75,11.53,13.53],"texture":"#0","tintindex":0},"down":{"uv":[14.47,11.53,13.53,11.75],"texture":"#0","tintindex":0}}},{"from":[8.3465,6.922,7.9615],"to":[10.502501,9.077999,8.0385],"faces":{"east":{"uv":[13.53,12.03,13.75,12.97],"texture":"#0","tintindex":0},"south":{"uv":[9.03,12.03,9.97,12.97],"texture":"#0","tintindex":0},"north":{"uv":[12.03,8.03,12.97,8.97],"texture":"#0","tintindex":0},"west":{"uv":[12.53,13.53,12.75,14.47],"texture":"#0","tintindex":0},"up":{"uv":[13.97,13.75,13.03,13.53],"texture":"#0","tintindex":0},"down":{"uv":[14.47,13.03,13.53,13.25],"texture":"#0","tintindex":0}}}],"textures":{"particle":"#0","0":"modelengine:a7239064-f350-433b-aceb-9502aec71665"}}