{"display":{"head":{},"firstperson_righthand":{},"thirdperson_lefthand":{},"firstperson_lefthand":{},"fixed":{},"ground":{},"thirdperson_righthand":{},"gui":{"rotation":[-150.0,-45.0,180.0]}},"elements":[{"from":[5.4000006,-3.9675913,4.9705563],"to":[10.2,8.03241,9.770556],"faces":{"east":{"uv":[9.0,1.125,8.5,2.375],"texture":"#0","tintindex":0},"south":{"uv":[8.25,8.375,7.75,9.625],"texture":"#0","tintindex":0},"north":{"uv":[4.625,8.375,4.125,9.625],"texture":"#0","tintindex":0},"west":{"uv":[7.75,8.375,7.25,9.625],"texture":"#0","tintindex":0},"up":{"uv":[3.0,10.125,3.5,9.625],"texture":"#0","tintindex":0},"down":{"uv":[3.5,9.625,4.0,10.125],"texture":"#0","tintindex":0}}},{"from":[10.56,-2.4675913,4.1546774],"to":[12.96,8.332409,10.154677],"rotation":{"origin":[9.24,7.13241,6.0746775],"axis":"y","angle":-45.0},"faces":{"east":{"uv":[10.5,0.0,11.125,1.125],"texture":"#0","tintindex":0},"south":{"uv":[6.375,6.0,6.125,7.125],"texture":"#0","tintindex":0},"north":{"uv":[0.5,0.0,0.25,1.125],"texture":"#0","tintindex":0},"west":{"uv":[1.25,0.0,0.625,1.125],"texture":"#0","tintindex":0},"up":{"uv":[0.0,0.25,0.625,0.0],"texture":"#0","tintindex":0},"down":{"uv":[0.25,8.0,0.0,7.375],"texture":"#0","tintindex":0}}},{"from":[10.56,-2.4675913,4.3705564],"to":[12.96,8.332409,10.370556],"rotation":{"origin":[9.24,7.13241,8.450556],"axis":"y","angle":45.0},"faces":{"east":{"uv":[11.125,0.0,10.5,1.125],"texture":"#0","tintindex":0},"south":{"uv":[0.25,0.0,0.0,1.125],"texture":"#0","tintindex":0},"north":{"uv":[4.5,6.125,4.25,7.25],"texture":"#0","tintindex":0},"west":{"uv":[0.625,0.0,0.0,1.125],"texture":"#0","tintindex":0},"up":{"uv":[0.25,0.0,0.0,0.625],"texture":"#0","tintindex":0},"down":{"uv":[0.25,7.5,0.0,8.125],"texture":"#0","tintindex":0}}}],"textures":{"particle":"#0","0":"modelengine:d95eda91-c5ac-4e44-9aa1-08bc1a922830"}}