{"display":{"head":{},"firstperson_righthand":{},"thirdperson_lefthand":{},"firstperson_lefthand":{},"fixed":{},"ground":{},"thirdperson_righthand":{},"gui":{"rotation":[-150.0,-45.0,180.0]}},"elements":[{"from":[6.571062,7.2973747,7.297375],"to":[8.678938,8.702624,8.702625],"faces":{"east":{"uv":[13.03,11.03,13.75,11.75],"texture":"#0","tintindex":0},"south":{"uv":[6.03,13.03,6.97,13.75],"texture":"#0","tintindex":0},"north":{"uv":[5.03,13.03,5.97,13.75],"texture":"#0","tintindex":0},"west":{"uv":[12.03,13.03,12.75,13.75],"texture":"#0","tintindex":0},"up":{"uv":[13.97,6.75,13.03,6.03],"texture":"#0","tintindex":0},"down":{"uv":[7.97,13.03,7.03,13.75],"texture":"#0","tintindex":0}}}],"textures":{"particle":"#0","0":"modelengine:b85d7658-2d52-4100-bc9d-04ad29654433"}}