{"display":{"head":{},"firstperson_righthand":{},"thirdperson_lefthand":{},"firstperson_lefthand":{},"fixed":{},"ground":{},"thirdperson_righthand":{},"gui":{"rotation":[-150.0,-45.0,180.0]}},"elements":[{"from":[-1.9640398,-2.7116203,0.53502035],"to":[18.15636,8.337009,13.79337],"faces":{"east":{"uv":[3.625,6.5,4.03125,6.84375],"texture":"#0","tintindex":0},"south":{"uv":[0.375,5.625,1.0,5.96875],"texture":"#0","tintindex":0},"north":{"uv":[5.5,0.625,6.125,0.96875],"texture":"#0","tintindex":0},"west":{"uv":[5.5,6.5,5.90625,6.84375],"texture":"#0","tintindex":0},"up":{"uv":[0.625,5.28125,0.0,4.875],"texture":"#0","tintindex":0},"down":{"uv":[2.0,4.875,1.375,5.28125],"texture":"#0","tintindex":0}}},{"from":[-2.7006092,-2.7116203,-0.20156002],"to":[18.89294,8.337009,14.52994],"faces":{"east":{"uv":[6.375,2.25,6.84375,2.59375],"texture":"#0","tintindex":0},"south":{"uv":[3.25,5.375,3.9375,5.71875],"texture":"#0","tintindex":0},"north":{"uv":[5.125,3.25,5.8125,3.59375],"texture":"#0","tintindex":0},"west":{"uv":[6.375,2.625,6.84375,2.96875],"texture":"#0","tintindex":0},"up":{"uv":[3.6875,2.59375,3.0,2.125],"texture":"#0","tintindex":0},"down":{"uv":[3.6875,2.625,3.0,3.09375],"texture":"#0","tintindex":0}}}],"textures":{"particle":"#0","0":"modelengine:0b857308-d067-4faa-b163-a996aa503a5c"}}