{"display":{"head":{},"firstperson_righthand":{},"thirdperson_lefthand":{},"firstperson_lefthand":{},"fixed":{},"ground":{},"thirdperson_righthand":{},"gui":{"rotation":[-150.0,-45.0,180.0]}},"elements":[{"from":[4.26375,6.95333,5.99082],"to":[10.81225,13.596331,11.098021],"faces":{"east":{"uv":[7.5,6.5,9.75,8.75],"texture":"#0","tintindex":0},"south":{"uv":[7.5,6.5,9.75,8.75],"texture":"#0","tintindex":0},"north":{"uv":[7.5,6.5,9.75,8.75],"texture":"#0","tintindex":0},"west":{"uv":[7.5,6.5,9.75,8.75],"texture":"#0","tintindex":0},"up":{"uv":[0.0,0.0,2.5,3.25],"texture":"#0","tintindex":0},"down":{"uv":[0.0,0.0,2.5,3.25],"texture":"#0","tintindex":0}}}],"textures":{"particle":"#0","0":"modelengine:f09d2f02-1f75-41bd-9a21-4b5040b0f690"}}