{"display":{"head":{},"firstperson_righthand":{},"thirdperson_lefthand":{},"firstperson_lefthand":{},"fixed":{},"ground":{},"thirdperson_righthand":{},"gui":{"rotation":[-150.0,-45.0,180.0]}},"elements":[{"from":[5.0,18.2,8.0],"to":[11.0,21.2,12.26],"faces":{"east":{"uv":[9.125,2.75,9.875,3.375],"texture":"#0","tintindex":0},"south":{"uv":[5.375,7.25,6.625,7.875],"texture":"#0","tintindex":0},"north":{"uv":[0.0,3.25,1.25,3.875],"texture":"#0","tintindex":0},"west":{"uv":[9.375,5.875,10.125,6.5],"texture":"#0","tintindex":0},"up":{"uv":[8.0,0.75,6.75,0.0],"texture":"#0","tintindex":0},"down":{"uv":[8.0,0.75,6.75,1.5],"texture":"#0","tintindex":0}}}],"textures":{"particle":"#0","0":"modelengine:c78b6777-860c-4904-8453-1f9b1e437a4a"}}