{"display":{"head":{},"firstperson_righthand":{},"thirdperson_lefthand":{},"firstperson_lefthand":{},"fixed":{},"ground":{},"thirdperson_righthand":{},"gui":{"rotation":[-150.0,-45.0,180.0]}},"elements":[{"from":[7.297375,5.896062,7.297375],"to":[8.702625,8.003938,8.702625],"faces":{"east":{"uv":[8.515,1.515,8.875,1.985],"texture":"#0","tintindex":0},"south":{"uv":[2.015,8.515,2.375,8.985],"texture":"#0","tintindex":0},"north":{"uv":[8.515,1.015,8.875,1.485],"texture":"#0","tintindex":0},"west":{"uv":[8.515,2.015,8.875,2.485],"texture":"#0","tintindex":0},"up":{"uv":[1.375,9.125,1.015,8.765],"texture":"#0","tintindex":0},"down":{"uv":[1.875,8.765,1.515,9.125],"texture":"#0","tintindex":0}}}],"textures":{"particle":"#0","0":"modelengine:1537036c-26c5-4bd9-a793-cb9b3ec716e4"}}