{"display":{"head":{},"firstperson_righthand":{},"thirdperson_lefthand":{},"firstperson_lefthand":{},"fixed":{},"ground":{},"thirdperson_righthand":{},"gui":{"rotation":[-150.0,-45.0,180.0]}},"elements":[{"from":[7.4032497,7.4032497,8.0],"to":[8.59675,8.59675,8.0],"faces":{"south":{"uv":[1.765,8.265,1.985,8.485],"texture":"#0","tintindex":0},"north":{"uv":[1.515,8.265,1.735,8.485],"texture":"#0","tintindex":0}}}],"textures":{"particle":"#0","0":"modelengine:93520357-e860-43ec-a28c-bfc8600f5295"}}