{"display":{"head":{},"firstperson_righthand":{},"thirdperson_lefthand":{},"firstperson_lefthand":{},"fixed":{},"ground":{},"thirdperson_righthand":{},"gui":{"rotation":[-150.0,-45.0,180.0]}},"elements":[{"from":[5.4975,6.922,8.0],"to":[7.6535,9.077999,8.0],"faces":{"south":{"uv":[6.03,12.03,6.97,12.97],"texture":"#0","tintindex":0},"north":{"uv":[12.03,5.03,12.97,5.97],"texture":"#0","tintindex":0}}},{"from":[8.3465,6.922,8.0],"to":[10.502501,9.077999,8.0],"faces":{"south":{"uv":[7.03,12.03,7.97,12.97],"texture":"#0","tintindex":0},"north":{"uv":[12.03,6.03,12.97,6.97],"texture":"#0","tintindex":0}}}],"textures":{"particle":"#0","0":"modelengine:9d0ff002-cf23-44cc-abfb-e53ce1046458"}}