{"display":{"head":{},"firstperson_righthand":{},"thirdperson_lefthand":{},"firstperson_lefthand":{},"fixed":{},"ground":{},"thirdperson_righthand":{},"gui":{"rotation":[-150.0,-45.0,180.0]}},"elements":[{"from":[7.2973747,5.896062,7.297375],"to":[8.702625,8.003938,8.702625],"faces":{"east":{"uv":[8.765,1.015,9.125,1.485],"texture":"#0","tintindex":0},"south":{"uv":[1.515,8.765,1.875,9.235],"texture":"#0","tintindex":0},"north":{"uv":[8.765,0.515,9.125,0.985],"texture":"#0","tintindex":0},"west":{"uv":[2.015,8.765,2.375,9.235],"texture":"#0","tintindex":0},"up":{"uv":[0.875,9.375,0.515,9.015],"texture":"#0","tintindex":0},"down":{"uv":[1.375,9.015,1.015,9.375],"texture":"#0","tintindex":0}}}],"textures":{"particle":"#0","0":"modelengine:f16ff2c8-8791-47c9-a00c-c1592a9f8a97"}}