{"display":{"head":{},"firstperson_righthand":{},"thirdperson_lefthand":{},"firstperson_lefthand":{},"fixed":{},"ground":{},"thirdperson_righthand":{},"gui":{"rotation":[-150.0,-45.0,180.0]}},"elements":[{"from":[7.297375,5.896062,7.297375],"to":[8.702625,8.003938,8.702625],"faces":{"east":{"uv":[8.015,7.515,8.375,7.985],"texture":"#0","tintindex":0},"south":{"uv":[8.015,8.015,8.375,8.485],"texture":"#0","tintindex":0},"north":{"uv":[7.515,8.015,7.875,8.485],"texture":"#0","tintindex":0},"west":{"uv":[8.265,0.015,8.625,0.485],"texture":"#0","tintindex":0},"up":{"uv":[8.625,6.375,8.265,6.015],"texture":"#0","tintindex":0},"down":{"uv":[0.375,8.515,0.015,8.875],"texture":"#0","tintindex":0}}}],"textures":{"particle":"#0","0":"modelengine:c0fc97df-ac46-4b9b-8deb-11918b87603e"}}