{"display":{"head":{},"firstperson_righthand":{},"thirdperson_lefthand":{},"firstperson_lefthand":{},"fixed":{},"ground":{},"thirdperson_righthand":{},"gui":{"rotation":[-150.0,-45.0,180.0]}},"elements":[{"from":[5.4975,6.922,7.9615],"to":[7.6535,9.077999,8.0385],"faces":{"east":{"uv":[2.015,8.265,2.125,8.735],"texture":"#0","tintindex":0},"south":{"uv":[1.765,7.265,2.235,7.735],"texture":"#0","tintindex":0},"north":{"uv":[1.265,7.265,1.735,7.735],"texture":"#0","tintindex":0},"west":{"uv":[2.265,8.265,2.375,8.735],"texture":"#0","tintindex":0},"up":{"uv":[2.985,8.375,2.515,8.265],"texture":"#0","tintindex":0},"down":{"uv":[3.485,8.265,3.015,8.375],"texture":"#0","tintindex":0}}},{"from":[8.3465,6.922,7.9615],"to":[10.502501,9.077999,8.0385],"faces":{"east":{"uv":[8.265,3.015,8.375,3.485],"texture":"#0","tintindex":0},"south":{"uv":[2.765,7.265,3.235,7.735],"texture":"#0","tintindex":0},"north":{"uv":[2.265,7.265,2.735,7.735],"texture":"#0","tintindex":0},"west":{"uv":[3.515,8.265,3.625,8.735],"texture":"#0","tintindex":0},"up":{"uv":[4.235,8.375,3.765,8.265],"texture":"#0","tintindex":0},"down":{"uv":[4.735,8.265,4.265,8.375],"texture":"#0","tintindex":0}}}],"textures":{"particle":"#0","0":"modelengine:7540eaf9-8415-457f-9131-9751440f2f2d"}}