{"display":{"head":{},"firstperson_righthand":{},"thirdperson_lefthand":{},"firstperson_lefthand":{},"fixed":{},"ground":{},"thirdperson_righthand":{},"gui":{"rotation":[-150.0,-45.0,180.0]}},"elements":[{"from":[2.8573303,-14.666582,0.53502035],"to":[13.90596,8.31456,13.79337],"faces":{"east":{"uv":[3.75,2.0,4.15625,2.71875],"texture":"#0","tintindex":0},"south":{"uv":[2.875,5.25,3.21875,5.96875],"texture":"#0","tintindex":0},"north":{"uv":[2.5,5.25,2.84375,5.96875],"texture":"#0","tintindex":0},"west":{"uv":[2.625,3.75,3.03125,4.46875],"texture":"#0","tintindex":0},"up":{"uv":[6.96875,0.90625,6.625,0.5],"texture":"#0","tintindex":0},"down":{"uv":[1.46875,6.625,1.125,7.03125],"texture":"#0","tintindex":0}}},{"from":[3.5939102,-13.709032,1.2715902],"to":[13.169392,8.31456,13.05679],"faces":{"east":{"uv":[4.625,0.0,5.0,0.6875],"texture":"#0","tintindex":0},"south":{"uv":[3.625,5.75,3.9375,6.4375],"texture":"#0","tintindex":0},"north":{"uv":[3.25,5.75,3.5625,6.4375],"texture":"#0","tintindex":0},"west":{"uv":[4.75,1.375,5.125,2.0625],"texture":"#0","tintindex":0},"up":{"uv":[5.1875,7.125,4.875,6.75],"texture":"#0","tintindex":0},"down":{"uv":[7.0625,5.0,6.75,5.375],"texture":"#0","tintindex":0}}}],"textures":{"particle":"#0","0":"modelengine:42be0754-2a50-4cf2-a9f2-59c72a2fcfb2"}}