{"display":{"head":{},"firstperson_righthand":{},"thirdperson_lefthand":{},"firstperson_lefthand":{},"fixed":{},"ground":{},"thirdperson_righthand":{},"gui":{"rotation":[-150.0,-45.0,180.0]}},"elements":[{"from":[7.297375,5.896062,7.297375],"to":[8.702625,8.003938,8.702625],"faces":{"east":{"uv":[12.03,11.03,12.75,11.97],"texture":"#0","tintindex":0},"south":{"uv":[12.03,12.03,12.75,12.97],"texture":"#0","tintindex":0},"north":{"uv":[11.03,12.03,11.75,12.97],"texture":"#0","tintindex":0},"west":{"uv":[0.03,13.03,0.75,13.97],"texture":"#0","tintindex":0},"up":{"uv":[13.75,9.75,13.03,9.03],"texture":"#0","tintindex":0},"down":{"uv":[10.75,13.03,10.03,13.75],"texture":"#0","tintindex":0}}}],"textures":{"particle":"#0","0":"modelengine:0a49b1e2-6c7f-43b9-a0d9-aea97b61462f"}}