{"display":{"head":{},"firstperson_righthand":{},"thirdperson_lefthand":{},"firstperson_lefthand":{},"fixed":{},"ground":{},"thirdperson_righthand":{},"gui":{"rotation":[-150.0,-45.0,180.0]}},"elements":[{"from":[7.3,7.3,8.0],"to":[8.7,8.700001,15.0],"faces":{"east":{"uv":[12.5,8.0,15.0,8.5],"texture":"#0","tintindex":0},"south":{"uv":[3.75,13.25,4.25,13.75],"texture":"#0","tintindex":0},"north":{"uv":[13.25,3.5,13.75,4.0],"texture":"#0","tintindex":0},"west":{"uv":[12.75,3.0,15.25,3.5],"texture":"#0","tintindex":0},"up":{"uv":[3.25,14.75,2.75,12.25],"texture":"#0","tintindex":0},"down":{"uv":[3.75,12.25,3.25,14.75],"texture":"#0","tintindex":0}}}],"textures":{"particle":"#0","0":"modelengine:a5a0eeaa-d86d-4908-8e28-d744ede4812a"}}