{"display":{"head":{},"firstperson_righthand":{},"thirdperson_lefthand":{},"firstperson_lefthand":{},"fixed":{},"ground":{},"thirdperson_righthand":{},"gui":{"rotation":[-150.0,-45.0,180.0]}},"elements":[{"from":[7.3210626,7.2973747,7.297375],"to":[9.428938,8.702624,8.702625],"faces":{"east":{"uv":[8.265,5.015,8.625,5.375],"texture":"#0","tintindex":0},"south":{"uv":[8.015,4.015,8.485,4.375],"texture":"#0","tintindex":0},"north":{"uv":[7.765,6.015,8.235,6.375],"texture":"#0","tintindex":0},"west":{"uv":[8.265,5.515,8.625,5.875],"texture":"#0","tintindex":0},"up":{"uv":[8.485,6.875,8.015,6.515],"texture":"#0","tintindex":0},"down":{"uv":[8.485,7.015,8.015,7.375],"texture":"#0","tintindex":0}}}],"textures":{"particle":"#0","0":"modelengine:d7d90a11-6dcb-4275-9255-68f69b85dc88"}}