{"display":{"head":{},"firstperson_righthand":{},"thirdperson_lefthand":{},"firstperson_lefthand":{},"fixed":{},"ground":{},"thirdperson_righthand":{},"gui":{"rotation":[-150.0,-45.0,180.0]}},"elements":[{"from":[5.4975,6.922,8.0],"to":[7.6535,9.077999,8.0],"faces":{"south":{"uv":[10.05,4.05,10.95,4.95],"texture":"#0","tintindex":0},"north":{"uv":[10.05,3.05,10.95,3.95],"texture":"#0","tintindex":0}}},{"from":[8.3465,6.922,8.0],"to":[10.502501,9.077999,8.0],"faces":{"south":{"uv":[3.05,8.05,3.95,8.95],"texture":"#0","tintindex":0},"north":{"uv":[3.05,7.05,3.95,7.95],"texture":"#0","tintindex":0}}}],"textures":{"particle":"#0","0":"modelengine:b1514d06-65bd-4a7f-b3ea-3028e5d90888"}}