{"display":{"head":{},"firstperson_righthand":{},"thirdperson_lefthand":{},"firstperson_lefthand":{},"fixed":{},"ground":{},"thirdperson_righthand":{},"gui":{"rotation":[-150.0,-45.0,180.0]}},"elements":[{"from":[7.3210626,7.2973747,7.297375],"to":[9.428938,8.702624,8.702625],"faces":{"east":{"uv":[7.265,3.515,7.625,3.875],"texture":"#0","tintindex":0},"south":{"uv":[5.765,6.515,6.235,6.875],"texture":"#0","tintindex":0},"north":{"uv":[5.265,6.515,5.735,6.875],"texture":"#0","tintindex":0},"west":{"uv":[7.265,4.515,7.625,4.875],"texture":"#0","tintindex":0},"up":{"uv":[6.735,6.875,6.265,6.515],"texture":"#0","tintindex":0},"down":{"uv":[1.985,6.765,1.515,7.125],"texture":"#0","tintindex":0}}}],"textures":{"particle":"#0","0":"modelengine:7ab67b08-a17b-470b-9e74-9077c2b56d60"}}