{"display":{"head":{},"firstperson_righthand":{},"thirdperson_lefthand":{},"firstperson_lefthand":{},"fixed":{},"ground":{},"thirdperson_righthand":{},"gui":{"rotation":[-150.0,-45.0,180.0]}},"elements":[{"from":[4.8,-3.1000004,4.5],"to":[9.6,7.7,10.5],"faces":{"east":{"uv":[5.375,7.875,6.0,9.0],"texture":"#0","tintindex":0},"south":{"uv":[0.5,9.5,1.0,10.625],"texture":"#0","tintindex":0},"north":{"uv":[6.625,9.125,7.125,10.25],"texture":"#0","tintindex":0},"west":{"uv":[6.0,7.875,6.625,9.0],"texture":"#0","tintindex":0},"up":{"uv":[1.75,3.875,1.25,3.25],"texture":"#0","tintindex":0},"down":{"uv":[5.125,6.125,4.625,6.75],"texture":"#0","tintindex":0}}}],"textures":{"particle":"#0","0":"modelengine:694a4c6d-8b7b-4b72-9912-afc90853386e"}}