{"display":{"head":{},"firstperson_righthand":{},"thirdperson_lefthand":{},"firstperson_lefthand":{},"fixed":{},"ground":{},"thirdperson_righthand":{},"gui":{"rotation":[-150.0,-45.0,180.0]}},"elements":[{"from":[5.4891,1.6297898,6.17634],"to":[8.85225,8.55629,10.59299],"faces":{"east":{"uv":[2.25,9.75,3.75,12.25],"texture":"#0","tintindex":0},"south":{"uv":[6.75,11.25,5.5,13.75],"texture":"#0","tintindex":0},"north":{"uv":[5.5,11.25,6.75,13.75],"texture":"#0","tintindex":0},"west":{"uv":[3.75,9.75,2.25,12.25],"texture":"#0","tintindex":0},"up":{"uv":[10.25,11.25,9.0,12.5],"texture":"#0","tintindex":0},"down":{"uv":[12.75,12.0,11.5,13.5],"texture":"#0","tintindex":0}}}],"textures":{"particle":"#0","0":"modelengine:cbddc4ef-09e8-489c-b9ab-7594b27a028c"}}