{"display":{"head":{},"firstperson_righthand":{},"thirdperson_lefthand":{},"firstperson_lefthand":{},"fixed":{},"ground":{},"thirdperson_righthand":{},"gui":{"rotation":[-150.0,-45.0,180.0]}},"elements":[{"from":[5.4975,6.922,8.0],"to":[7.6535,9.077999,8.0],"faces":{"south":{"uv":[3.515,7.015,3.985,7.485],"texture":"#0","tintindex":0},"north":{"uv":[4.015,6.515,4.485,6.985],"texture":"#0","tintindex":0}}},{"from":[8.3465,6.922,8.0],"to":[10.502501,9.077999,8.0],"faces":{"south":{"uv":[3.515,6.515,3.985,6.985],"texture":"#0","tintindex":0},"north":{"uv":[3.765,3.015,4.235,3.485],"texture":"#0","tintindex":0}}}],"textures":{"particle":"#0","0":"modelengine:18e2722b-4c9f-4e93-a657-c7f5b251576e"}}