{"display":{"head":{},"firstperson_righthand":{},"thirdperson_lefthand":{},"firstperson_lefthand":{},"fixed":{},"ground":{},"thirdperson_righthand":{},"gui":{"rotation":[-150.0,-45.0,180.0]}},"elements":[{"from":[1.4951801,-8.941511,0.33319998],"to":[14.7535305,7.9997177,13.59155],"faces":{"east":{"uv":[5.5,4.125,5.90625,4.65625],"texture":"#0","tintindex":0},"south":{"uv":[5.5,4.75,5.90625,5.28125],"texture":"#0","tintindex":0},"north":{"uv":[4.0,5.5,4.40625,6.03125],"texture":"#0","tintindex":0},"west":{"uv":[5.5,5.375,5.90625,5.90625],"texture":"#0","tintindex":0},"up":{"uv":[6.78125,0.40625,6.375,0.0],"texture":"#0","tintindex":0},"down":{"uv":[6.78125,1.0,6.375,1.40625],"texture":"#0","tintindex":0}}},{"from":[2.23176,-8.941511,1.0697699],"to":[14.01696,7.9997177,12.85497],"faces":{"east":{"uv":[6.0,4.125,6.375,4.65625],"texture":"#0","tintindex":0},"south":{"uv":[4.5,6.0,4.875,6.53125],"texture":"#0","tintindex":0},"north":{"uv":[2.875,6.0,3.25,6.53125],"texture":"#0","tintindex":0},"west":{"uv":[6.0,4.75,6.375,5.28125],"texture":"#0","tintindex":0},"up":{"uv":[0.375,6.875,0.0,6.5],"texture":"#0","tintindex":0},"down":{"uv":[3.625,6.5,3.25,6.875],"texture":"#0","tintindex":0}}}],"textures":{"particle":"#0","0":"modelengine:cab89adc-9e04-4256-ba32-624d85022f91"}}