{"display":{"head":{},"firstperson_righthand":{},"thirdperson_lefthand":{},"firstperson_lefthand":{},"fixed":{},"ground":{},"thirdperson_righthand":{},"gui":{"rotation":[-150.0,-45.0,180.0]}},"elements":[{"from":[7.4032497,7.4032497,8.0],"to":[8.59675,8.59675,8.0],"faces":{"south":{"uv":[5.765,7.265,5.985,7.485],"texture":"#0","tintindex":0},"north":{"uv":[5.515,7.265,5.735,7.485],"texture":"#0","tintindex":0}}}],"textures":{"particle":"#0","0":"modelengine:1537036c-26c5-4bd9-a793-cb9b3ec716e4"}}