{"display":{"head":{},"firstperson_righthand":{},"thirdperson_lefthand":{},"firstperson_lefthand":{},"fixed":{},"ground":{},"thirdperson_righthand":{},"gui":{"rotation":[-150.0,-45.0,180.0]}},"elements":[{"from":[-1.0,2.495329,22.748545],"to":[17.0,9.695328,29.948545],"rotation":{"origin":[8.6,-19.464672,1.8685441],"axis":"x","angle":-45.0},"faces":{"east":{"uv":[9.375,4.375,10.125,5.125],"texture":"#0","tintindex":0},"south":{"uv":[3.875,0.75,5.75,1.5],"texture":"#0","tintindex":0},"north":{"uv":[3.875,0.0,5.75,0.75],"texture":"#0","tintindex":0},"west":{"uv":[9.375,5.125,10.125,5.875],"texture":"#0","tintindex":0},"up":{"uv":[5.75,2.25,3.875,1.5],"texture":"#0","tintindex":0},"down":{"uv":[3.875,3.875,2.0,4.625],"texture":"#0","tintindex":0}}},{"from":[0.19999981,16.673239,4.9559965],"to":[7.4,21.473238,6.155997],"rotation":{"origin":[8.0,7.313238,9.155996],"axis":"x","angle":-45.0},"faces":{"east":{"uv":[0.0,0.0,0.125,0.5],"texture":"#0","tintindex":0},"south":{"uv":[0.0,0.0,0.75,0.5],"texture":"#0","tintindex":0},"north":{"uv":[4.875,0.125,5.625,0.625],"texture":"#0","tintindex":0},"west":{"uv":[0.0,0.0,0.125,0.5],"texture":"#0","tintindex":0},"up":{"uv":[4.0,0.5,4.75,0.625],"texture":"#0","tintindex":0},"down":{"uv":[0.0,0.0,0.75,0.125],"texture":"#0","tintindex":0}}},{"from":[0.19999981,22.073236,13.115997],"to":[15.8,24.473238,15.515997],"rotation":{"origin":[8.0,7.313238,9.155996],"axis":"x","angle":-22.5},"faces":{"east":{"uv":[0.0,0.0,0.25,0.25],"texture":"#0","tintindex":0},"south":{"uv":[2.125,2.125,3.75,2.375],"texture":"#0","tintindex":0},"north":{"uv":[2.125,2.125,3.75,2.375],"texture":"#0","tintindex":0},"west":{"uv":[0.0,0.0,0.25,0.25],"texture":"#0","tintindex":0},"up":{"uv":[2.125,2.125,3.75,2.375],"texture":"#0","tintindex":0},"down":{"uv":[0.0,0.0,1.625,0.25],"texture":"#0","tintindex":0}}},{"from":[-1.6000004,10.233812,1.0200157],"to":[17.6,21.033812,9.420015],"faces":{"east":{"uv":[1.125,4.75,2.0,5.875],"texture":"#0","tintindex":0},"south":{"uv":[0.0,1.125,2.0,2.25],"texture":"#0","tintindex":0},"north":{"uv":[0.0,0.0,2.0,1.125],"texture":"#0","tintindex":0},"west":{"uv":[5.125,6.0,6.0,7.125],"texture":"#0","tintindex":0},"up":{"uv":[3.875,3.875,1.875,3.0],"texture":"#0","tintindex":0},"down":{"uv":[2.0,3.875,0.0,4.75],"texture":"#0","tintindex":0}}},{"from":[3.1999998,6.8338127,2.820016],"to":[12.8,13.833815,8.820016],"faces":{"east":{"uv":[2.5,6.875,3.125,7.75],"texture":"#0","tintindex":0},"south":{"uv":[4.125,4.75,5.125,5.625],"texture":"#0","tintindex":0},"north":{"uv":[3.125,4.75,4.125,5.625],"texture":"#0","tintindex":0},"west":{"uv":[0.0,7.0,0.625,7.875],"texture":"#0","tintindex":0},"up":{"uv":[9.25,8.125,8.25,7.5],"texture":"#0","tintindex":0},"down":{"uv":[9.25,8.125,8.25,8.75],"texture":"#0","tintindex":0}}},{"from":[-1.0,4.7282696,15.243353],"to":[17.0,14.328268,24.843353],"rotation":{"origin":[8.0,-16.87173,-6.3566475],"axis":"x","angle":-22.5},"faces":{"east":{"uv":[5.75,1.25,6.75,2.25],"texture":"#0","tintindex":0},"south":{"uv":[2.0,1.0,3.875,2.0],"texture":"#0","tintindex":0},"north":{"uv":[2.0,0.0,3.875,1.0],"texture":"#0","tintindex":0},"west":{"uv":[1.125,5.875,2.125,6.875],"texture":"#0","tintindex":0},"up":{"uv":[3.875,3.0,2.0,2.0],"texture":"#0","tintindex":0},"down":{"uv":[1.875,2.25,0.0,3.25],"texture":"#0","tintindex":0}}},{"from":[1.0,-4.9762106,14.201433],"to":[15.0,15.02379,14.201433],"faces":{"south":{"uv":[10.625,5.875,12.375,8.375],"texture":"#0","tintindex":0},"north":{"uv":[12.375,5.875,10.625,8.375],"texture":"#0","tintindex":0}}},{"from":[8.6,16.673239,4.9559965],"to":[15.8,21.473238,6.155997],"rotation":{"origin":[8.0,7.313238,9.155996],"axis":"x","angle":-45.0},"faces":{"east":{"uv":[0.0,0.0,0.125,0.5],"texture":"#0","tintindex":0},"south":{"uv":[0.0,0.0,0.75,0.5],"texture":"#0","tintindex":0},"north":{"uv":[4.0,0.125,4.75,0.625],"texture":"#0","tintindex":0},"west":{"uv":[0.0,0.0,0.125,0.5],"texture":"#0","tintindex":0},"up":{"uv":[4.875,0.5,5.625,0.625],"texture":"#0","tintindex":0},"down":{"uv":[0.0,0.0,0.75,0.125],"texture":"#0","tintindex":0}}}],"textures":{"particle":"#0","0":"modelengine:21938da3-591b-4441-9db8-bc4edf5405c0"}}