{"display":{"thirdperson_righthand":{"rotation":[18.0,0.0,0.0],"translation":[0.0,2.5,3.5]},"thirdperson_lefthand":{"rotation":[18.0,0.0,0.0],"translation":[0.0,2.5,3.5]},"gui":{"rotation":[-90.0,133.0,90.0],"translation":[-0.782,-2.391,0.0],"scale":[0.5,0.5,0.5]},"head":{"scale":[1.0E-4,1.0E-4,1.0E-4]},"ground":{"rotation":[-52.0,-64.0,20.0],"scale":[0.25,0.25,0.25]},"fixed":{"rotation":[90.0,45.0,-90.0],"translation":[-1.5,-2.5,0.0],"scale":[0.75,0.75,0.75]}},"elements":[{"from":[7.5,-5.0,5.0],"to":[9.0,-4.0,5.5],"faces":{"down":{"texture":"#0"},"north":{"uv":[7.0,4.0,8.5,5.0],"texture":"#0"},"south":{"uv":[7.5,4.0,9.0,5.0],"texture":"#0"},"west":{"uv":[5.0,4.0,5.5,5.0],"texture":"#0"},"east":{"uv":[10.5,4.0,11.0,5.0],"texture":"#0"}}},{"from":[8.0,-6.0,5.0],"to":[8.5,-5.0,5.5],"faces":{"down":{"texture":"#0"},"north":{"uv":[7.5,5.0,8.0,6.0],"texture":"#0"},"south":{"uv":[8.0,5.0,8.5,6.0],"texture":"#0"},"west":{"uv":[5.0,5.0,5.5,6.0],"texture":"#0"},"east":{"uv":[10.5,5.0,11.0,6.0],"texture":"#0"}}},{"from":[7.0,-3.5,5.0],"to":[7.5,-2.5,5.5],"faces":{"down":{"texture":"#0"},"up":{"texture":"#0"},"north":{"uv":[8.5,2.5,9.0,3.5],"texture":"#0"},"south":{"uv":[7.0,2.5,7.5,3.5],"texture":"#0"},"west":{"uv":[5.0,2.5,5.5,3.5],"texture":"#0"}}},{"from":[8.0,-5.0,4.5],"to":[8.5,-4.0,6.0],"faces":{"down":{"texture":"#0"},"north":{"uv":[7.5,4.0,8.0,5.0],"texture":"#0"},"south":{"uv":[8.0,4.0,8.5,5.0],"texture":"#0"},"west":{"uv":[4.5,4.0,6.0,5.0],"texture":"#0"},"east":{"uv":[10.0,4.0,11.5,5.0],"texture":"#0"}}},{"from":[8.0,-3.5,4.0],"to":[8.5,-2.5,4.5],"faces":{"down":{"texture":"#0"},"north":{"uv":[7.5,2.5,8.0,3.5],"texture":"#0"},"west":{"uv":[4.0,2.5,4.5,3.5],"texture":"#0"},"east":{"uv":[11.5,2.5,12.0,3.5],"texture":"#0"}}},{"from":[9.0,-3.5,5.0],"to":[9.5,-2.5,5.5],"faces":{"down":{"texture":"#0"},"up":{"texture":"#0"},"north":{"uv":[6.5,2.5,7.0,3.5],"texture":"#0"},"south":{"uv":[9.0,2.5,9.5,3.5],"texture":"#0"},"east":{"uv":[10.5,2.5,11.0,3.5],"texture":"#0"}}},{"from":[7.5,-4.0,4.5],"to":[9.0,-2.5,6.0],"faces":{"down":{"texture":"#0"},"north":{"uv":[7.0,2.5,8.5,4.0],"texture":"#0"},"south":{"uv":[7.5,2.5,9.0,4.0],"texture":"#0"},"west":{"uv":[4.5,2.5,6.0,4.0],"texture":"#0"},"east":{"uv":[10.0,2.5,11.5,4.0],"texture":"#0"}}},{"from":[8.0,-2.0,4.5],"to":[8.5,10.0,6.0],"faces":{"north":{"uv":[7.5,6.0,8.0,16.0],"texture":"#2"},"south":{"uv":[8.0,6.0,8.5,16.0],"texture":"#2"},"west":{"uv":[4.5,6.0,6.0,16.0],"texture":"#2"},"east":{"uv":[10.0,6.0,11.5,16.0],"texture":"#2"}}},{"from":[8.0,-3.5,6.0],"to":[8.5,-2.5,6.5],"faces":{"down":{"texture":"#0"},"south":{"uv":[8.0,2.5,8.5,3.5],"texture":"#0"},"west":{"uv":[6.0,2.5,6.5,3.5],"texture":"#0"},"east":{"uv":[9.5,2.5,10.0,3.5],"texture":"#0"}}},{"from":[8.0,-2.0,4.0],"to":[8.5,-1.5,6.5],"faces":{"up":{"texture":"#0"},"north":{"uv":[7.5,1.5,8.0,2.0],"texture":"#0"},"south":{"uv":[8.0,1.5,8.5,2.0],"texture":"#0"},"west":{"uv":[4.0,1.5,6.5,2.0],"texture":"#0"},"east":{"uv":[9.5,1.5,12.0,2.0],"texture":"#0"}}},{"from":[7.5,10.0,4.5],"to":[9.0,19.0,6.0],"faces":{"down":{"uv":[7.5,8.5,9.0,10.0],"texture":"#2"},"north":{"uv":[7.0,0.0,8.5,9.0],"texture":"#2"},"south":{"uv":[7.0,0.0,8.5,9.0],"texture":"#2"},"west":{"uv":[8.0,0.0,9.5,9.0],"texture":"#2"},"east":{"uv":[8.0,0.0,9.5,9.0],"texture":"#2"}}},{"from":[7.5,-2.0,5.0],"to":[9.0,10.0,5.5],"faces":{"north":{"uv":[7.0,6.0,8.5,16.0],"texture":"#2"},"south":{"uv":[7.5,6.0,9.0,16.0],"texture":"#2"},"west":{"uv":[5.0,6.0,5.5,16.0],"texture":"#2"},"east":{"uv":[10.5,6.0,11.0,16.0],"texture":"#2"}}},{"from":[7.0,19.5,4.5],"to":[9.5,21.0,6.0],"faces":{"up":{"texture":"#1"},"north":{"uv":[6.5,11.0,9.0,12.5],"texture":"#1"},"south":{"uv":[7.0,11.0,9.5,12.5],"texture":"#1"},"west":{"uv":[4.5,11.0,6.0,12.5],"texture":"#1"},"east":{"uv":[10.0,11.0,11.5,12.5],"texture":"#1"}}},{"from":[7.5,21.0,4.0],"to":[9.0,21.5,6.5],"faces":{"down":{"texture":"#1"},"west":{"uv":[4.0,10.5,6.5,11.0],"texture":"#1"},"east":{"uv":[9.5,10.5,12.0,11.0],"texture":"#1"}}},{"from":[7.5,15.0,18.5],"to":[9.0,16.0,19.0],"faces":{"down":{"uv":[7.500001,11.5,9.000002,12.0],"texture":"#1"},"up":{"uv":[7.500001,4.000004,9.000002,4.500004],"texture":"#1"},"north":{"uv":[6.999999,0.0,8.499998,1.0],"texture":"#1"},"south":{"uv":[7.500001,0.0,9.000002,1.0],"texture":"#1"},"west":{"uv":[4.000004,0.0,4.500004,1.0],"texture":"#1"},"east":{"uv":[11.5,0.0,12.0,1.0],"texture":"#1"}}},{"from":[8.0,15.0,19.0],"to":[8.5,16.0,19.5],"faces":{"down":{"uv":[8.000001,11.0,8.500001,11.5],"texture":"#1"},"up":{"uv":[8.000001,4.500002,8.500001,5.000002],"texture":"#1"},"south":{"uv":[8.000001,0.0,8.500001,1.0],"texture":"#1"},"west":{"uv":[4.500002,0.0,5.000002,1.0],"texture":"#1"},"east":{"uv":[11.0,0.0,11.5,1.0],"texture":"#1"}}},{"from":[8.0,14.5,18.5],"to":[8.5,15.0,19.0],"faces":{"down":{"uv":[8.000002,11.5,8.500002,12.0],"texture":"#0"},"north":{"uv":[7.499998,1.0,7.999998,1.5],"texture":"#0"},"south":{"uv":[8.000002,1.0,8.500002,1.5],"texture":"#0"},"west":{"uv":[4.000002,1.0,4.500002,1.5],"texture":"#0"},"east":{"uv":[11.5,1.0,12.0,1.5],"texture":"#0"}}},{"from":[7.5,15.5,18.0],"to":[9.0,16.5,18.5],"faces":{"down":{"uv":[7.499998,12.0,8.999998,12.5],"texture":"#1"},"up":{"uv":[7.499998,3.499998,8.999998,3.999998],"texture":"#1"},"north":{"uv":[7.000002,0.0,8.500002,0.5],"texture":"#1"},"south":{"uv":[7.499998,0.0,8.999998,0.5],"texture":"#1"},"west":{"uv":[3.499998,0.0,3.999998,0.5],"texture":"#1"},"east":{"uv":[12.0,0.0,12.5,0.5],"texture":"#1"}}},{"from":[8.0,16.0,18.5],"to":[8.5,16.5,19.0],"faces":{"up":{"uv":[8.000002,4.000002,8.500002,4.500002],"texture":"#1"},"south":{"uv":[8.000002,15.5,8.500002,16.0],"texture":"#1"},"west":{"uv":[4.000002,15.5,4.500002,16.0],"texture":"#1"},"east":{"uv":[11.5,15.5,12.0,16.0],"texture":"#1"}}},{"from":[8.0,15.0,17.5],"to":[8.5,15.5,18.5],"faces":{"down":{"uv":[8.0,12.0,8.5,13.0],"texture":"#0"},"north":{"texture":"#0"},"west":{"uv":[3.0,0.5,4.0,1.0],"texture":"#0"},"east":{"uv":[12.0,0.5,13.0,1.0],"texture":"#0"}}},{"from":[7.5,16.0,16.5],"to":[9.0,16.5,17.5],"faces":{"down":{"uv":[7.500002,13.0,9.000002,14.0],"texture":"#0"},"up":{"uv":[7.500002,2.0,9.000002,3.0],"texture":"#0"},"north":{"uv":[6.999998,15.5,8.499998,16.0],"texture":"#0"},"west":{"uv":[2.0,15.5,3.0,16.0],"texture":"#0"},"east":{"uv":[13.0,15.5,14.0,16.0],"texture":"#0"}}},{"from":[8.0,16.5,18.0],"to":[8.5,17.0,18.5],"faces":{"up":{"uv":[8.0,3.5,8.5,4.0],"texture":"#1"},"south":{"uv":[8.0,15.0,8.5,15.5],"texture":"#1"},"west":{"uv":[3.5,15.0,4.0,15.5],"texture":"#1"},"east":{"uv":[12.0,15.0,12.5,15.5],"texture":"#1"}}},{"from":[8.0,17.0,17.5],"to":[8.5,17.5,18.0],"faces":{"up":{"uv":[8.000002,3.0,8.500002,3.5],"texture":"#1"},"south":{"uv":[8.000002,14.5,8.500002,15.0],"texture":"#1"},"west":{"uv":[3.0,14.5,3.5,15.0],"texture":"#1"},"east":{"uv":[12.5,14.5,13.0,15.0],"texture":"#1"}}},{"from":[7.5,16.5,17.0],"to":[9.0,17.5,17.5],"faces":{"up":{"uv":[7.500002,2.5,9.000002,3.0],"texture":"#1"},"south":{"uv":[7.500002,14.5,9.000002,15.5],"texture":"#1"},"west":{"uv":[2.5,14.5,3.0,15.5],"texture":"#1"},"east":{"uv":[13.0,14.5,13.5,15.5],"texture":"#1"}}},{"from":[8.0,15.5,16.5],"to":[8.5,16.0,17.5],"faces":{"down":{"uv":[8.000002,13.0,8.500002,14.0],"texture":"#0"},"north":{"uv":[7.499998,0.0,7.999998,0.5],"texture":"#0"},"west":{"uv":[1.999998,0.0,2.999998,0.5],"texture":"#0"},"east":{"uv":[13.0,0.0,14.0,0.5],"texture":"#0"}}},{"from":[7.5,16.5,16.5],"to":[9.0,18.0,17.0],"faces":{"up":{"uv":[7.499998,1.999998,8.999998,2.499998],"texture":"#1"},"north":{"uv":[7.000002,14.0,8.500002,15.5],"texture":"#1"},"south":{"uv":[7.499998,14.0,8.999998,15.5],"texture":"#1"},"west":{"uv":[1.999998,14.0,2.499998,15.5],"texture":"#1"},"east":{"uv":[13.5,14.0,14.0,15.5],"texture":"#1"}}},{"from":[8.0,17.5,17.0],"to":[8.5,18.0,17.5],"faces":{"up":{"uv":[8.000002,2.499998,8.500002,2.999998],"texture":"#1"},"south":{"uv":[8.000002,14.0,8.500002,14.5],"texture":"#1"},"west":{"uv":[2.499998,14.0,2.999998,14.5],"texture":"#1"},"east":{"uv":[13.0,14.0,13.5,14.5],"texture":"#1"}}},{"from":[7.5,19.0,5.9998],"to":[9.0,19.5,8.9998],"faces":{"down":{"uv":[7.499992,5.500166,8.999992,8.500166],"texture":"#0"},"west":{"uv":[7.499834,12.5,10.49983,13.0],"texture":"#0"},"east":{"uv":[5.500166,12.5,8.500166,13.0],"texture":"#0"}}},{"from":[8.0,18.0,16.5],"to":[8.5,18.5,17.0],"faces":{"up":{"uv":[8.0,2.0,8.5,2.5],"texture":"#1"},"south":{"uv":[8.0,13.5,8.5,14.0],"texture":"#1"},"west":{"uv":[2.0,13.5,2.5,14.0],"texture":"#1"},"east":{"uv":[13.5,13.5,14.0,14.0],"texture":"#1"}}},{"from":[8.0,16.0,15.5],"to":[8.5,16.5,16.5],"faces":{"down":{"uv":[8.0,14.0,8.5,15.0],"texture":"#0"},"north":{"uv":[7.5,15.5,8.0,16.0],"texture":"#0"},"west":{"uv":[0.9999962,15.5,1.999996,16.0],"texture":"#0"},"east":{"uv":[14.0,15.5,15.0,16.0],"texture":"#0"}}},{"from":[7.0,17.0,16.0],"to":[9.5,17.5,16.5],"faces":{"down":{"uv":[7.0,14.00001,9.5,14.50001],"texture":"#1"},"up":{"uv":[7.0,1.499994,9.5,1.999994],"texture":"#1"},"north":{"uv":[6.5,14.5,9.0,15.0],"texture":"#1"},"south":{"uv":[7.0,14.5,9.5,15.0],"texture":"#1"},"west":{"uv":[1.499994,14.5,1.999994,15.0],"texture":"#1"},"east":{"uv":[14.00001,14.5,14.50001,15.0],"texture":"#1"}}},{"from":[8.0,18.5,16.0],"to":[8.5,19.0,16.5],"faces":{"up":{"uv":[8.0,1.499996,8.5,1.999996],"texture":"#1"},"south":{"uv":[8.0,13.0,8.5,13.5],"texture":"#1"},"west":{"uv":[1.499996,13.0,1.999996,13.5],"texture":"#1"},"east":{"uv":[14.0,13.0,14.5,13.5],"texture":"#1"}}},{"from":[7.5,18.0,15.5],"to":[9.0,19.0,16.0],"faces":{"up":{"uv":[7.499998,0.9999924,8.999998,1.499992],"texture":"#1"},"north":{"uv":[7.000002,13.0,8.500002,14.0],"texture":"#1"},"south":{"uv":[7.499998,13.0,8.999998,14.0],"texture":"#1"},"west":{"uv":[0.9999924,13.0,1.499992,14.0],"texture":"#1"},"east":{"uv":[14.50001,13.0,15.00001,14.0],"texture":"#1"}}},{"from":[8.0,19.5,14.0],"to":[8.5,20.0,15.0],"faces":{"up":{"uv":[8.0,15.49999,8.5,16.0],"texture":"#1"},"south":{"uv":[8.0,12.0,8.5,12.5],"texture":"#1"},"west":{"uv":[15.49999,12.0,16.0,12.5],"texture":"#1"},"east":{"uv":[0.0,12.0,0.5000057,12.5],"texture":"#1"}}},{"from":[7.0,17.5,15.5],"to":[9.5,18.0,16.0],"faces":{"down":{"uv":[6.999998,14.5,9.499998,15.0],"texture":"#1"},"up":{"uv":[6.999998,0.9999981,9.499998,1.499998],"texture":"#1"},"south":{"uv":[6.999998,14.0,9.499998,14.5],"texture":"#1"},"west":{"uv":[0.9999981,14.0,1.499998,14.5],"texture":"#1"},"east":{"uv":[14.5,14.0,15.0,14.5],"texture":"#1"}}},{"from":[7.5,18.5,15.0],"to":[9.0,19.0,15.5],"faces":{"up":{"uv":[7.500003,0.4999886,9.000004,0.9999886],"texture":"#1"},"west":{"uv":[0.4999886,13.0,0.9999886,13.5],"texture":"#1"},"east":{"uv":[15.00001,13.0,15.50001,13.5],"texture":"#1"}}},{"from":[7.5,18.5,14.0],"to":[9.0,19.5,15.0],"faces":{"down":{"uv":[7.500004,0.0,9.000004,0.5000458],"texture":"#1"},"up":{"uv":[7.500004,15.49995,9.000004,16.0],"texture":"#1"},"north":{"uv":[6.999996,12.5,8.499996,13.5],"texture":"#1"},"south":{"uv":[7.500004,12.5,9.000004,13.5],"texture":"#1"},"west":{"uv":[15.49995,12.5,16.0,13.5],"texture":"#1"},"east":{"uv":[0.0,12.5,0.5000458,13.5],"texture":"#1"}}},{"from":[8.0,16.5,14.0],"to":[8.5,17.0,15.5],"faces":{"down":{"uv":[8.000002,0.0,8.500002,0.5000076],"texture":"#0"},"north":{"uv":[7.499998,15.0,7.999998,15.5],"texture":"#0"},"west":{"uv":[15.49999,15.0,16.0,15.5],"texture":"#0"},"east":{"uv":[0.0,15.0,0.5000076,15.5],"texture":"#0"}}},{"from":[7.0,17.5,14.5],"to":[9.5,18.5,15.5],"faces":{"down":{"uv":[7.000005,0.5000362,9.500006,1.500036],"texture":"#1"},"up":{"uv":[7.000005,14.49996,9.500006,15.49996],"texture":"#1"},"north":{"uv":[6.499995,13.5,8.999994,14.5],"texture":"#1"},"south":{"uv":[7.000005,13.5,9.500006,14.5],"texture":"#1"},"west":{"uv":[14.49996,13.5,15.49996,14.5],"texture":"#1"},"east":{"uv":[0.5000362,13.5,1.500036,14.5],"texture":"#1"}}},{"from":[7.0,18.0,13.5],"to":[9.5,19.0,14.5],"faces":{"down":{"uv":[6.999999,2.2888E-5,9.499998,1.000023],"texture":"#1"},"up":{"uv":[6.999999,14.99998,9.499998,15.99998],"texture":"#1"},"south":{"uv":[6.999999,13.0,9.499998,14.0],"texture":"#1"},"west":{"uv":[14.99998,13.0,15.99998,14.0],"texture":"#1"},"east":{"uv":[2.2888E-5,13.0,1.000023,14.0],"texture":"#1"}}},{"from":[7.5,19.0,13.5],"to":[9.0,20.0,14.0],"faces":{"up":{"uv":[7.500002,14.99995,9.000002,15.49995],"texture":"#1"},"north":{"uv":[6.999998,12.0,8.499998,13.0],"texture":"#1"},"south":{"uv":[7.500002,12.0,9.000002,13.0],"texture":"#1"},"west":{"uv":[14.99995,12.0,15.49995,13.0],"texture":"#1"},"east":{"uv":[0.5000477,12.0,1.000048,13.0],"texture":"#1"}}},{"from":[8.0,20.0,12.4999],"to":[8.5,20.5,13.9999],"faces":{"up":{"uv":[8.000002,13.99995,8.500002,15.49995],"texture":"#1"},"south":{"uv":[8.000002,11.5,8.500002,12.0],"texture":"#1"},"west":{"uv":[13.99995,11.5,15.49995,12.0],"texture":"#1"},"east":{"uv":[0.5000515,11.5,2.000051,12.0],"texture":"#1"}}},{"from":[8.0,17.0,12.4999],"to":[8.5,17.5,13.9999],"faces":{"down":{"uv":[8.000002,0.5000515,8.500002,2.000051],"texture":"#0"},"north":{"uv":[7.499998,14.5,7.999998,15.0],"texture":"#0"},"west":{"uv":[13.99995,14.5,15.49995,15.0],"texture":"#0"},"east":{"uv":[0.5000515,14.5,2.000051,15.0],"texture":"#0"}}},{"from":[7.5,19.5,12.5],"to":[9.0,20.0,13.5],"faces":{"down":{"uv":[7.500001,1.00005,9.000001,2.00005],"texture":"#1"},"up":{"uv":[7.500001,13.99995,9.000001,14.99995],"texture":"#1"},"west":{"uv":[13.99995,12.0,14.99995,12.5],"texture":"#1"},"east":{"uv":[1.00005,12.0,2.00005,12.5],"texture":"#1"}}},{"from":[7.0,18.0,12.9999],"to":[9.5,19.5,13.4999],"faces":{"down":{"uv":[7.000014,1.00009,9.500013,1.50009],"texture":"#1"},"up":{"uv":[7.000014,14.49991,9.500013,14.99991],"texture":"#1"},"north":{"uv":[6.499986,12.5,8.999987,14.0],"texture":"#1"},"south":{"uv":[7.000014,12.5,9.500013,14.0],"texture":"#1"},"west":{"uv":[14.49991,12.5,14.99991,14.0],"texture":"#1"},"east":{"uv":[1.00009,12.5,1.50009,14.0],"texture":"#1"}}},{"from":[7.0,18.5,11.9999],"to":[9.5,19.5,12.9999],"faces":{"down":{"uv":[7.00001,1.500071,9.50001,2.500071],"texture":"#1"},"up":{"uv":[7.00001,13.49993,9.50001,14.49993],"texture":"#1"},"west":{"uv":[13.49993,12.5,14.49993,13.5],"texture":"#1"},"east":{"uv":[1.500071,12.5,2.500071,13.5],"texture":"#1"}}},{"from":[7.5,19.5,11.4999],"to":[9.0,20.5,12.4999],"faces":{"down":{"uv":[7.500007,2.000101,9.000008,3.000101],"texture":"#1"},"up":{"uv":[7.500007,12.9999,9.000008,13.9999],"texture":"#1"},"north":{"uv":[6.999993,11.5,8.499992,12.5],"texture":"#1"},"south":{"uv":[7.500007,11.5,9.000008,12.5],"texture":"#1"},"west":{"uv":[12.9999,11.5,13.9999,12.5],"texture":"#1"},"east":{"uv":[2.000101,11.5,3.000101,12.5],"texture":"#1"}}},{"from":[8.0,20.5,10.9999],"to":[8.5,21.0,12.4999],"faces":{"up":{"uv":[7.999997,12.49989,8.499996,13.99989],"texture":"#1"},"south":{"uv":[7.999997,11.0,8.499996,11.5],"texture":"#1"},"west":{"uv":[12.49989,11.0,13.99989,11.5],"texture":"#1"},"east":{"uv":[2.000113,11.0,3.500113,11.5],"texture":"#1"}}},{"from":[8.0,17.5,10.4999],"to":[8.5,18.0,12.4999],"faces":{"down":{"uv":[7.999997,2.000113,8.499996,4.000113],"texture":"#0"},"north":{"uv":[7.500003,14.0,8.000004,14.5],"texture":"#0"},"west":{"uv":[11.99989,14.0,13.99989,14.5],"texture":"#0"},"east":{"uv":[2.000113,14.0,4.000113,14.5],"texture":"#0"}}},{"from":[7.0,18.5,10.9998],"to":[9.5,20.0,11.9998],"faces":{"down":{"uv":[7.000017,2.500151,9.500017,3.500151],"texture":"#1"},"up":{"uv":[7.000017,12.49985,9.500017,13.49985],"texture":"#1"},"north":{"uv":[6.499983,12.0,8.999983,13.5],"texture":"#1"},"south":{"uv":[7.000017,12.0,9.500017,13.5],"texture":"#1"},"west":{"uv":[12.49985,12.0,13.49985,13.5],"texture":"#1"},"east":{"uv":[2.500151,12.0,3.500151,13.5],"texture":"#1"}}},{"from":[7.5,20.0,10.9999],"to":[9.0,20.5,11.4999],"faces":{"up":{"uv":[7.500008,12.49985,9.000008,12.99985],"texture":"#1"},"west":{"uv":[12.49985,11.5,12.99985,12.0],"texture":"#1"},"east":{"uv":[3.000147,11.5,3.500147,12.0],"texture":"#1"}}},{"from":[7.5,20.5,9.4998],"to":[9.0,21.0,10.4998],"faces":{"up":{"uv":[7.500006,10.99985,9.000006,11.99985],"texture":"#1"},"west":{"uv":[10.99985,11.0,11.99985,11.5],"texture":"#1"},"east":{"uv":[4.000151,11.0,5.000151,11.5],"texture":"#1"}}},{"from":[8.0,21.0,8.4998],"to":[8.5,21.5,10.9998],"faces":{"up":{"uv":[7.999998,9.999849,8.499998,12.49985],"texture":"#1"},"south":{"uv":[7.999998,10.5,8.499998,11.0],"texture":"#1"},"west":{"uv":[9.999849,10.5,12.49985,11.0],"texture":"#1"},"east":{"uv":[3.500151,10.5,6.000151,11.0],"texture":"#1"}}},{"from":[7.5,20.0,10.4998],"to":[9.0,21.0,10.9998],"faces":{"up":{"uv":[7.500009,11.99985,9.00001,12.49985],"texture":"#1"},"north":{"uv":[6.999991,11.0,8.49999,12.0],"texture":"#1"},"south":{"uv":[7.500009,11.0,9.00001,12.0],"texture":"#1"},"west":{"uv":[11.99985,11.0,12.49985,12.0],"texture":"#1"},"east":{"uv":[3.500151,11.0,4.000151,12.0],"texture":"#1"}}},{"from":[8.0,18.0,8.4999],"to":[8.5,18.5,10.4999],"faces":{"down":{"uv":[7.999994,4.000097,8.499994,6.000097],"texture":"#0"},"north":{"uv":[7.500006,13.5,8.000006,14.0],"texture":"#0"},"west":{"uv":[9.999903,13.5,11.9999,14.0],"texture":"#0"},"east":{"uv":[4.000097,13.5,6.000097,14.0],"texture":"#0"}}},{"from":[7.0,19.0,8.9998],"to":[9.5,20.5,10.4998],"faces":{"down":{"uv":[7.000016,4.000151,9.500015,5.500151],"texture":"#1"},"up":{"uv":[7.000016,10.49985,9.500015,11.99985],"texture":"#1"},"north":{"uv":[6.499984,11.5,8.999985,13.0],"texture":"#1"},"south":{"uv":[7.000016,11.5,9.500015,13.0],"texture":"#1"},"west":{"uv":[10.49985,11.5,11.99985,13.0],"texture":"#1"},"east":{"uv":[4.000151,11.5,5.500151,13.0],"texture":"#1"}}},{"from":[7.0,19.0,10.4999],"to":[9.5,20.0,10.9999],"faces":{"down":{"uv":[7.000017,3.500149,9.500017,4.000149],"texture":"#1"},"up":{"uv":[7.000017,11.99985,9.500017,12.49985],"texture":"#1"},"west":{"uv":[11.99985,12.0,12.49985,13.0],"texture":"#1"},"east":{"uv":[3.500149,12.0,4.000149,13.0],"texture":"#1"}}},{"from":[7.5,20.5,8.4998],"to":[9.0,21.0,9.4998],"faces":{"down":{"uv":[7.499998,5.000162,8.999998,6.000162],"texture":"#1"},"up":{"uv":[7.499998,9.999838,8.999998,10.99984],"texture":"#1"},"west":{"uv":[9.999838,11.0,10.99984,11.5],"texture":"#1"},"east":{"uv":[5.000162,11.0,6.000162,11.5],"texture":"#1"}}},{"from":[7.5,20.5,6.4998],"to":[9.0,21.5,8.4998],"faces":{"up":{"uv":[7.500007,7.999754,9.000008,9.999754],"texture":"#1"},"north":{"uv":[6.999993,10.5,8.499992,11.5],"texture":"#1"},"south":{"uv":[7.500007,10.5,9.000008,11.5],"texture":"#1"},"west":{"uv":[7.999754,10.5,9.999754,11.5],"texture":"#1"},"east":{"uv":[6.000246,10.5,8.000246,11.5],"texture":"#1"}}},{"from":[8.0,18.5,5.9998],"to":[8.5,19.0,8.4998],"faces":{"down":{"uv":[7.999996,6.0002,8.499996,8.5002],"texture":"#0"},"west":{"uv":[7.4998,13.0,9.9998,13.5],"texture":"#0"},"east":{"uv":[6.0002,13.0,8.5002,13.5],"texture":"#0"}}},{"from":[7.0,19.5,5.9999],"to":[9.5,20.5,8.9999],"faces":{"down":{"uv":[7.000007,5.500147,9.500008,8.500147],"texture":"#1"},"up":{"uv":[7.000007,7.499853,9.500008,10.49985],"texture":"#1"},"west":{"uv":[7.499853,11.5,10.49985,12.5],"texture":"#1"},"east":{"uv":[5.500147,11.5,8.500147,12.5],"texture":"#1"}}},{"from":[7.0,20.5,5.9998],"to":[9.5,21.0,7.9998],"faces":{"up":{"uv":[7.000015,7.499784,9.500015,9.499784],"texture":"#1"},"south":{"uv":[7.000015,11.0,9.500015,11.5],"texture":"#1"},"west":{"uv":[7.499784,11.0,9.499784,11.5],"texture":"#1"},"east":{"uv":[6.500216,11.0,8.500216,11.5],"texture":"#1"}}},{"from":[7.5,16.0,17.5],"to":[9.0,17.0,18.0],"faces":{"up":{"uv":[7.5,3.0,9.0,3.5],"texture":"#1"},"north":{"uv":[7.0,15.0,8.5,16.0],"texture":"#1"},"south":{"uv":[7.5,15.0,9.0,16.0],"texture":"#1"},"west":{"uv":[3.0,15.0,3.5,16.0],"texture":"#1"},"east":{"uv":[12.5,15.0,13.0,16.0],"texture":"#1"}}},{"from":[7.5,15.5,17.5],"to":[9.0,16.0,18.0],"faces":{"down":{"uv":[7.5,12.5,9.0,13.0],"texture":"#0"},"north":{"texture":"#0"},"west":{"uv":[3.0,0.0,3.5,0.5],"texture":"#0"},"east":{"uv":[12.5,0.0,13.0,0.5],"texture":"#0"}}},{"from":[7.5,17.5,16.0],"to":[9.0,18.5,16.5],"faces":{"up":{"uv":[7.500001,1.499992,9.000002,1.999992],"texture":"#1"},"north":{"uv":[6.999999,13.5,8.499998,14.5],"texture":"#1"},"south":{"uv":[7.500001,13.5,9.000002,14.5],"texture":"#1"},"west":{"uv":[1.499992,13.5,1.999992,14.5],"texture":"#1"},"east":{"uv":[14.00001,13.5,14.50001,14.5],"texture":"#1"}}},{"from":[7.5,16.5,15.5],"to":[9.0,17.0,16.5],"faces":{"down":{"uv":[7.500001,14.00001,9.000002,15.00001],"texture":"#0"},"up":{"uv":[7.500001,0.9999924,9.000002,1.999992],"texture":"#0"},"north":{"uv":[6.999999,15.0,8.499998,15.5],"texture":"#0"},"west":{"uv":[0.9999924,15.0,1.999992,15.5],"texture":"#0"},"east":{"uv":[14.00001,15.0,15.00001,15.5],"texture":"#0"}}},{"from":[7.5,17.0,14.0],"to":[9.0,17.5,16.0],"faces":{"down":{"uv":[7.499998,0.0,8.999998,0.5000076],"texture":"#0"},"up":{"uv":[7.499998,15.49999,8.999998,16.0],"texture":"#0"},"north":{"uv":[7.000002,14.5,8.500002,15.0],"texture":"#0"},"west":{"uv":[15.49999,14.5,16.0,15.0],"texture":"#0"},"east":{"uv":[0.0,14.5,0.5000076,15.0],"texture":"#0"}}},{"from":[7.5,17.5,12.5],"to":[9.0,18.0,14.5],"faces":{"down":{"uv":[7.499998,5.722E-6,8.999998,2.000006],"texture":"#0"},"up":{"uv":[7.499998,13.99999,8.999998,15.99999],"texture":"#0"},"north":{"uv":[7.000002,14.0,8.500002,14.5],"texture":"#0"},"west":{"uv":[13.99999,14.0,15.99999,14.5],"texture":"#0"},"east":{"uv":[5.722E-6,14.0,2.000006,14.5],"texture":"#0"}}},{"from":[7.5,18.0,10.4999],"to":[9.0,18.5,12.9999],"faces":{"down":{"uv":[7.500008,1.500113,9.000008,4.000113],"texture":"#0"},"up":{"uv":[7.500008,11.99989,9.000008,14.49989],"texture":"#0"},"north":{"uv":[6.999992,13.5,8.499992,14.0],"texture":"#0"},"west":{"uv":[11.99989,13.5,14.49989,14.0],"texture":"#0"},"east":{"uv":[1.500113,13.5,4.000113,14.0],"texture":"#0"}}},{"from":[7.5,18.5,8.4998],"to":[9.0,19.0,10.9998],"faces":{"down":{"uv":[7.500009,3.500151,9.00001,6.000151],"texture":"#0"},"up":{"uv":[7.500009,9.999849,9.00001,12.49985],"texture":"#0"},"north":{"uv":[6.999991,13.0,8.49999,13.5],"texture":"#0"},"west":{"uv":[9.999849,13.0,12.49985,13.5],"texture":"#0"},"east":{"uv":[3.500151,13.0,6.000151,13.5],"texture":"#0"}}},{"from":[7.0,19.0,4.5],"to":[9.5,19.5,6.0],"faces":{"down":{"texture":"#0"},"north":{"uv":[6.5,12.5,9.0,13.0],"texture":"#0"},"south":{"uv":[7.0,12.5,9.5,13.0],"texture":"#0"},"west":{"uv":[4.5,12.5,6.0,13.0],"texture":"#0"},"east":{"uv":[10.0,12.5,11.5,13.0],"texture":"#0"}}},{"from":[8.0,16.5,-8.0],"to":[8.5,17.0,-7.5],"faces":{"up":{"uv":[8.0,8.0,8.5,8.5],"texture":"#1"},"north":{"uv":[7.5,15.0,8.0,15.5],"texture":"#1"},"west":{"uv":[8.0,15.0,8.5,15.5],"texture":"#1"},"east":{"uv":[7.5,15.0,8.0,15.5],"texture":"#1"}}},{"from":[8.0,17.0,-7.5],"to":[8.5,17.5,-7.0],"faces":{"up":{"uv":[8.0,8.5,8.5,9.0],"texture":"#1"},"north":{"uv":[7.5,14.5,8.0,15.0],"texture":"#1"},"west":{"uv":[8.5,14.5,9.0,15.0],"texture":"#1"},"east":{"uv":[7.0,14.5,7.5,15.0],"texture":"#1"}}},{"from":[7.5,16.5,-7.0],"to":[9.0,17.5,-6.5],"faces":{"up":{"uv":[7.5,9.0,9.0,9.5],"texture":"#1"},"north":{"uv":[7.0,14.5,8.5,15.5],"texture":"#1"},"west":{"uv":[9.0,14.5,9.5,15.5],"texture":"#1"},"east":{"uv":[6.5,14.5,7.0,15.5],"texture":"#1"}}},{"from":[7.5,16.5,-6.5],"to":[9.0,18.0,-6.0],"faces":{"up":{"uv":[7.5,9.5,9.0,10.0],"texture":"#1"},"north":{"uv":[7.0,14.0,8.5,15.5],"texture":"#1"},"south":{"uv":[7.5,14.0,9.0,15.5],"texture":"#1"},"west":{"uv":[9.5,14.0,10.0,15.5],"texture":"#1"},"east":{"uv":[6.0,14.0,6.5,15.5],"texture":"#1"}}},{"from":[8.0,17.5,-7.0],"to":[8.5,18.0,-6.5],"faces":{"up":{"uv":[8.0,9.0,8.5,9.5],"texture":"#1"},"north":{"uv":[7.5,14.0,8.0,14.5],"texture":"#1"},"west":{"uv":[9.0,14.0,9.5,14.5],"texture":"#1"},"east":{"uv":[6.5,14.0,7.0,14.5],"texture":"#1"}}},{"from":[8.0,18.0,-6.5],"to":[8.5,18.5,-6.0],"faces":{"up":{"uv":[8.0,9.5,8.5,10.0],"texture":"#1"},"north":{"uv":[7.5,13.5,8.0,14.0],"texture":"#1"},"west":{"uv":[9.5,13.5,10.0,14.0],"texture":"#1"},"east":{"uv":[6.0,13.5,6.5,14.0],"texture":"#1"}}},{"from":[7.0,17.0,-6.0],"to":[9.5,17.5,-5.5],"faces":{"down":{"uv":[7.0,5.5,9.5,6.0],"texture":"#1"},"up":{"uv":[7.0,10.0,9.5,10.5],"texture":"#1"},"north":{"uv":[6.5,14.5,9.0,15.0],"texture":"#1"},"south":{"uv":[7.0,14.5,9.5,15.0],"texture":"#1"},"west":{"uv":[10.0,14.5,10.5,15.0],"texture":"#1"},"east":{"uv":[5.5,14.5,6.0,15.0],"texture":"#1"}}},{"from":[8.0,18.5,-6.0],"to":[8.5,19.0,-5.5],"faces":{"up":{"uv":[8.0,10.0,8.5,10.5],"texture":"#1"},"north":{"uv":[7.5,13.0,8.0,13.5],"texture":"#1"},"west":{"uv":[10.0,13.0,10.5,13.5],"texture":"#1"},"east":{"uv":[5.5,13.0,6.0,13.5],"texture":"#1"}}},{"from":[7.5,18.0,-5.5],"to":[9.0,19.0,-5.0],"faces":{"up":{"uv":[7.5,10.5,9.0,11.0],"texture":"#1"},"north":{"uv":[7.0,13.0,8.5,14.0],"texture":"#1"},"south":{"uv":[7.5,13.0,9.0,14.0],"texture":"#1"},"west":{"uv":[10.5,13.0,11.0,14.0],"texture":"#1"},"east":{"uv":[5.0,13.0,5.5,14.0],"texture":"#1"}}},{"from":[8.0,19.0,-5.5],"to":[8.5,19.5,-4.5],"faces":{"up":{"uv":[8.0,10.5,8.5,11.5],"texture":"#1"},"north":{"uv":[7.5,12.5,8.0,13.0],"texture":"#1"},"west":{"uv":[10.5,12.5,11.5,13.0],"texture":"#1"},"east":{"uv":[4.5,12.5,5.5,13.0],"texture":"#1"}}},{"from":[7.0,17.5,-5.5],"to":[9.5,18.0,-5.0],"faces":{"down":{"uv":[7.0,5.0,9.5,5.5],"texture":"#1"},"up":{"uv":[7.0,10.5,9.5,11.0],"texture":"#1"},"north":{"uv":[6.5,14.0,9.0,14.5],"texture":"#1"},"west":{"uv":[10.5,14.0,11.0,14.5],"texture":"#1"},"east":{"uv":[5.0,14.0,5.5,14.5],"texture":"#1"}}},{"from":[7.5,17.5,-6.0],"to":[9.0,18.5,-5.5],"faces":{"up":{"uv":[7.5,10.0,9.0,10.5],"texture":"#1"},"north":{"uv":[7.0,13.5,8.5,14.5],"texture":"#1"},"south":{"uv":[7.5,13.5,9.0,14.5],"texture":"#1"},"west":{"uv":[10.0,13.5,10.5,14.5],"texture":"#1"},"east":{"uv":[5.5,13.5,6.0,14.5],"texture":"#1"}}},{"from":[7.5,16.5,-6.0],"to":[9.0,17.0,-5.0],"faces":{"down":{"uv":[7.5,5.0,9.0,6.0],"texture":"#0"},"up":{"uv":[7.5,10.0,9.0,11.0],"texture":"#0"},"south":{"uv":[7.5,15.0,9.0,15.5],"texture":"#0"},"west":{"uv":[10.0,15.0,11.0,15.5],"texture":"#0"},"east":{"uv":[5.0,15.0,6.0,15.5],"texture":"#0"}}},{"from":[7.5,17.0,-5.5],"to":[9.0,17.5,-3.5],"faces":{"down":{"uv":[7.5,3.5,9.0,5.5],"texture":"#0"},"up":{"uv":[7.5,10.5,9.0,12.5],"texture":"#0"},"south":{"uv":[7.5,14.5,9.0,15.0],"texture":"#0"},"west":{"uv":[10.5,14.5,12.5,15.0],"texture":"#0"},"east":{"uv":[3.5,14.5,5.5,15.0],"texture":"#0"}}},{"from":[7.5,15.5,-8.0],"to":[9.0,16.5,-7.5],"faces":{"down":{"uv":[7.5,7.5,9.0,8.0],"texture":"#1"},"up":{"uv":[7.5,8.0,9.0,8.5],"texture":"#1"},"north":{"uv":[7.0,0.0,8.5,0.5],"texture":"#1"},"south":{"uv":[7.5,0.0,9.0,0.5],"texture":"#1"},"west":{"uv":[8.0,0.0,8.5,0.5],"texture":"#1"},"east":{"uv":[7.5,0.0,8.0,0.5],"texture":"#1"}}},{"from":[8.0,16.0,-8.5],"to":[8.5,16.5,-8.0],"faces":{"up":{"uv":[8.0,7.5,8.5,8.0],"texture":"#1"},"north":{"uv":[7.5,15.5,8.0,16.0],"texture":"#1"},"west":{"uv":[7.5,15.5,8.0,16.0],"texture":"#1"},"east":{"uv":[8.0,15.5,8.5,16.0],"texture":"#1"}}},{"from":[7.5,16.0,-7.0],"to":[9.0,16.5,-6.0],"faces":{"down":{"uv":[7.5,6.0,9.0,7.0],"texture":"#0"},"up":{"uv":[7.5,9.0,9.0,10.0],"texture":"#0"},"south":{"uv":[7.5,15.5,9.0,16.0],"texture":"#0"},"west":{"uv":[9.0,15.5,10.0,16.0],"texture":"#0"},"east":{"uv":[6.0,15.5,7.0,16.0],"texture":"#0"}}},{"from":[8.0,15.5,-7.0],"to":[8.5,16.0,-6.0],"faces":{"down":{"uv":[8.0,6.0,8.5,7.0],"texture":"#0"},"south":{"texture":"#0"},"west":{"uv":[9.0,0.0,10.0,0.5],"texture":"#0"},"east":{"uv":[6.0,0.0,7.0,0.5],"texture":"#0"}}},{"from":[8.0,16.0,-6.0],"to":[8.5,16.5,-5.0],"faces":{"down":{"uv":[8.0,5.0,8.5,6.0],"texture":"#0"},"south":{"uv":[8.0,15.5,8.5,16.0],"texture":"#0"},"west":{"uv":[10.0,15.5,11.0,16.0],"texture":"#0"},"east":{"uv":[5.0,15.5,6.0,16.0],"texture":"#0"}}},{"from":[7.5,18.5,-5.0],"to":[9.0,19.0,-4.5],"faces":{"up":{"uv":[7.5,11.0,9.0,11.5],"texture":"#1"},"west":{"uv":[11.0,13.0,11.5,13.5],"texture":"#1"},"east":{"uv":[4.5,13.0,5.0,13.5],"texture":"#1"}}},{"from":[7.5,18.5,-4.5],"to":[9.0,19.5,-3.5],"faces":{"down":{"uv":[7.5,3.5,9.0,4.5],"texture":"#1"},"up":{"uv":[7.5,11.5,9.0,12.5],"texture":"#1"},"north":{"uv":[7.0,12.5,8.5,13.5],"texture":"#1"},"south":{"uv":[7.5,12.5,9.0,13.5],"texture":"#1"},"west":{"uv":[11.5,12.5,12.5,13.5],"texture":"#1"},"east":{"uv":[3.5,12.5,4.5,13.5],"texture":"#1"}}},{"from":[8.0,19.5,-4.5],"to":[8.5,20.0,-3.5],"faces":{"up":{"uv":[8.0,11.5,8.5,12.5],"texture":"#1"},"north":{"uv":[7.5,12.0,8.0,12.5],"texture":"#1"},"west":{"uv":[11.5,12.0,12.5,12.5],"texture":"#1"},"east":{"uv":[3.5,12.0,4.5,12.5],"texture":"#1"}}},{"from":[8.0,16.5,-5.0],"to":[8.5,17.0,-3.5],"faces":{"down":{"uv":[8.0,3.5,8.5,5.0],"texture":"#0"},"south":{"uv":[8.0,15.0,8.5,15.5],"texture":"#0"},"west":{"uv":[11.0,15.0,12.5,15.5],"texture":"#0"},"east":{"uv":[3.5,15.0,5.0,15.5],"texture":"#0"}}},{"from":[7.0,17.5,-5.0],"to":[9.5,18.5,-4.0],"faces":{"down":{"uv":[7.0,4.0,9.5,5.0],"texture":"#1"},"up":{"uv":[7.0,11.0,9.5,12.0],"texture":"#1"},"north":{"uv":[6.5,13.5,9.0,14.5],"texture":"#1"},"south":{"uv":[7.0,13.5,9.5,14.5],"texture":"#1"},"west":{"uv":[11.0,13.5,12.0,14.5],"texture":"#1"},"east":{"uv":[4.0,13.5,5.0,14.5],"texture":"#1"}}},{"from":[7.0,18.0,-4.0],"to":[9.5,19.0,-3.0],"faces":{"down":{"uv":[7.0,3.0,9.5,4.0],"texture":"#1"},"up":{"uv":[7.0,12.0,9.5,13.0],"texture":"#1"},"north":{"uv":[6.5,13.0,9.0,14.0],"texture":"#1"},"west":{"uv":[12.0,13.0,13.0,14.0],"texture":"#1"},"east":{"uv":[3.0,13.0,4.0,14.0],"texture":"#1"}}},{"from":[7.5,19.0,-3.5],"to":[9.0,20.0,-3.0],"faces":{"up":{"uv":[7.5,12.5,9.0,13.0],"texture":"#1"},"north":{"uv":[7.0,12.0,8.5,13.0],"texture":"#1"},"south":{"uv":[7.5,12.0,9.0,13.0],"texture":"#1"},"west":{"uv":[12.5,12.0,13.0,13.0],"texture":"#1"},"east":{"uv":[3.0,12.0,3.5,13.0],"texture":"#1"}}},{"from":[8.0,20.0,-3.5],"to":[8.5,20.5,-2.0],"faces":{"up":{"uv":[8.0,12.5,8.5,14.0],"texture":"#1"},"north":{"uv":[7.5,11.5,8.0,12.0],"texture":"#1"},"west":{"uv":[12.5,11.5,14.0,12.0],"texture":"#1"},"east":{"uv":[2.0,11.5,3.5,12.0],"texture":"#1"}}},{"from":[8.0,17.0,-3.5],"to":[8.5,17.5,-2.0],"faces":{"down":{"uv":[8.0,2.0,8.5,3.5],"texture":"#0"},"south":{"uv":[8.0,14.5,8.5,15.0],"texture":"#0"},"west":{"uv":[12.5,14.5,14.0,15.0],"texture":"#0"},"east":{"uv":[2.0,14.5,3.5,15.0],"texture":"#0"}}},{"from":[7.5,16.0,-7.5],"to":[9.0,17.0,-7.0],"faces":{"up":{"uv":[7.5,8.5,9.0,9.0],"texture":"#1"},"north":{"uv":[7.0,15.0,8.5,16.0],"texture":"#1"},"south":{"uv":[7.5,15.0,9.0,16.0],"texture":"#1"},"west":{"uv":[8.5,15.0,9.0,16.0],"texture":"#1"},"east":{"uv":[7.0,15.0,7.5,16.0],"texture":"#1"}}},{"from":[7.5,15.5,-7.5],"to":[9.0,16.0,-7.0],"faces":{"down":{"uv":[7.5,7.0,9.0,7.5],"texture":"#0"},"south":{"texture":"#0"},"west":{"uv":[8.5,0.0,9.0,0.5],"texture":"#0"},"east":{"uv":[7.0,0.0,7.5,0.5],"texture":"#0"}}},{"from":[7.5,17.5,-4.0],"to":[9.0,18.0,-2.0],"faces":{"down":{"uv":[7.5,2.0,9.0,4.0],"texture":"#0"},"up":{"uv":[7.5,12.0,9.0,14.0],"texture":"#0"},"south":{"uv":[7.5,14.0,9.0,14.5],"texture":"#0"},"west":{"uv":[12.0,14.0,14.0,14.5],"texture":"#0"},"east":{"uv":[2.0,14.0,4.0,14.5],"texture":"#0"}}},{"from":[7.5,15.0,-8.5],"to":[9.0,16.0,-8.0],"faces":{"down":{"uv":[7.5,8.0,9.0,8.5],"texture":"#1"},"up":{"uv":[7.5,7.5,9.0,8.0],"texture":"#1"},"north":{"texture":"#1"},"south":{"texture":"#1"},"west":{"uv":[7.5,0.0,8.0,1.0],"texture":"#1"},"east":{"uv":[8.0,0.0,8.5,1.0],"texture":"#1"}}},{"from":[8.0,15.0,-9.0],"to":[8.5,16.0,-8.5],"faces":{"down":{"uv":[8.0,8.5,8.5,9.0],"texture":"#1"},"up":{"uv":[8.0,7.0,8.5,7.5],"texture":"#1"},"north":{"texture":"#1"},"west":{"uv":[7.0,0.0,7.5,1.0],"texture":"#1"},"east":{"uv":[8.5,0.0,9.0,1.0],"texture":"#1"}}},{"from":[8.0,15.0,-8.0],"to":[8.5,15.5,-7.0],"faces":{"down":{"uv":[8.0,7.0,8.5,8.0],"texture":"#0"},"south":{"texture":"#0"},"west":{"uv":[8.0,0.5,9.0,1.0],"texture":"#0"},"east":{"uv":[7.0,0.5,8.0,1.0],"texture":"#0"}}},{"from":[7.5,19.5,-3.0],"to":[9.0,20.0,-2.0],"faces":{"down":{"uv":[7.5,2.0,9.0,3.0],"texture":"#1"},"up":{"uv":[7.5,13.0,9.0,14.0],"texture":"#1"},"west":{"uv":[13.0,12.0,14.0,12.5],"texture":"#1"},"east":{"uv":[2.0,12.0,3.0,12.5],"texture":"#1"}}},{"from":[7.0,18.0,-3.0],"to":[9.5,19.5,-2.5],"faces":{"down":{"uv":[7.0,2.5,9.5,3.0],"texture":"#1"},"up":{"uv":[7.0,13.0,9.5,13.5],"texture":"#1"},"north":{"uv":[6.5,12.5,9.0,14.0],"texture":"#1"},"south":{"uv":[7.0,12.5,9.5,14.0],"texture":"#1"},"west":{"uv":[13.0,12.5,13.5,14.0],"texture":"#1"},"east":{"uv":[2.5,12.5,3.0,14.0],"texture":"#1"}}},{"from":[7.0,18.5,-2.5],"to":[9.5,19.5,-1.5],"faces":{"down":{"uv":[7.0,1.5,9.5,2.5],"texture":"#1"},"up":{"uv":[7.0,13.5,9.5,14.5],"texture":"#1"},"west":{"uv":[13.5,12.5,14.5,13.5],"texture":"#1"},"east":{"uv":[1.5,12.5,2.5,13.5],"texture":"#1"}}},{"from":[7.5,19.5,-2.0],"to":[9.0,20.5,-1.0],"faces":{"down":{"uv":[7.5,1.0,9.0,2.0],"texture":"#1"},"up":{"uv":[7.5,14.0,9.0,15.0],"texture":"#1"},"north":{"uv":[7.0,11.5,8.5,12.5],"texture":"#1"},"south":{"uv":[7.5,11.5,9.0,12.5],"texture":"#1"},"west":{"uv":[14.0,11.5,15.0,12.5],"texture":"#1"},"east":{"uv":[1.0,11.5,2.0,12.5],"texture":"#1"}}},{"from":[8.0,20.5,-2.0],"to":[8.5,21.0,-0.5],"faces":{"up":{"uv":[8.0,14.0,8.5,15.5],"texture":"#1"},"north":{"uv":[7.5,11.0,8.0,11.5],"texture":"#1"},"west":{"uv":[14.0,11.0,15.5,11.5],"texture":"#1"},"east":{"uv":[0.5,11.0,2.0,11.5],"texture":"#1"}}},{"from":[8.0,17.5,-2.0],"to":[8.5,18.0,0.0],"faces":{"down":{"uv":[8.0,0.0,8.5,2.0],"texture":"#0"},"south":{"uv":[8.0,14.0,8.5,14.5],"texture":"#0"},"west":{"uv":[14.0,14.0,16.0,14.5],"texture":"#0"},"east":{"uv":[0.0,14.0,2.0,14.5],"texture":"#0"}}},{"from":[7.5,18.0,-2.5],"to":[9.0,18.5,0.0],"faces":{"down":{"uv":[7.5,0.0,9.0,2.5],"texture":"#0"},"up":{"uv":[7.5,13.5,9.0,16.0],"texture":"#0"},"south":{"uv":[7.5,13.5,9.0,14.0],"texture":"#0"},"west":{"uv":[13.5,13.5,16.0,14.0],"texture":"#0"},"east":{"uv":[0.0,13.5,2.5,14.0],"texture":"#0"}}},{"from":[8.0,14.5,-8.5],"to":[8.5,15.0,-8.0],"faces":{"down":{"uv":[8.0,8.0,8.5,8.5],"texture":"#0"},"north":{"texture":"#0"},"south":{"texture":"#0"},"west":{"uv":[7.5,1.0,8.0,1.5],"texture":"#0"},"east":{"uv":[8.0,1.0,8.5,1.5],"texture":"#0"}}},{"from":[7.0,18.5,-1.5],"to":[9.5,20.0,-0.5],"faces":{"down":{"uv":[7.0,0.5,9.5,1.5],"texture":"#1"},"up":{"uv":[7.0,14.5,9.5,15.5],"texture":"#1"},"north":{"uv":[6.5,12.0,9.0,13.5],"texture":"#1"},"south":{"uv":[7.0,12.0,9.5,13.5],"texture":"#1"},"west":{"uv":[14.5,12.0,15.5,13.5],"texture":"#1"},"east":{"uv":[0.5,12.0,1.5,13.5],"texture":"#1"}}},{"from":[7.5,20.0,-1.0],"to":[9.0,20.5,-0.5],"faces":{"up":{"uv":[7.5,15.0,9.0,15.5],"texture":"#1"},"west":{"uv":[15.0,11.5,15.5,12.0],"texture":"#1"},"east":{"uv":[0.5,11.5,1.0,12.0],"texture":"#1"}}},{"from":[8.0,21.0,-0.5],"to":[8.5,21.5,2.0],"faces":{"up":{"uv":[8.0,0.0,8.5,2.0],"texture":"#1"},"north":{"uv":[7.5,10.5,8.0,11.0],"texture":"#1"},"west":{"uv":[0.0,10.5,2.0,11.0],"texture":"#1"},"east":{"uv":[14.0,10.5,16.0,11.0],"texture":"#1"}}},{"from":[7.5,20.0,-0.5],"to":[9.0,21.0,0.0],"faces":{"up":{"uv":[7.5,15.5,9.0,16.0],"texture":"#1"},"north":{"uv":[7.0,11.0,8.5,12.0],"texture":"#1"},"south":{"uv":[7.5,11.0,9.0,12.0],"texture":"#1"},"west":{"uv":[15.5,11.0,16.0,12.0],"texture":"#1"},"east":{"uv":[0.0,11.0,0.5,12.0],"texture":"#1"}}},{"from":[7.0,19.0,-0.5],"to":[9.5,20.0,0.0],"faces":{"down":{"uv":[7.0,0.0,9.5,0.5],"texture":"#1"},"up":{"uv":[7.0,15.5,9.5,16.0],"texture":"#1"},"west":{"uv":[15.5,12.0,16.0,13.0],"texture":"#1"},"east":{"uv":[0.0,12.0,0.5,13.0],"texture":"#1"}}},{"from":[7.5,18.5,-0.5],"to":[9.0,19.0,2.0],"faces":{"down":{"uv":[7.5,14.0,9.0,16.0],"texture":"#0"},"up":{"uv":[7.5,0.0,9.0,2.0],"texture":"#0"},"south":{"uv":[7.5,13.0,9.0,13.5],"texture":"#0"},"west":{"uv":[0.0,13.0,2.0,13.5],"texture":"#0"},"east":{"uv":[14.0,13.0,16.0,13.5],"texture":"#0"}}},{"from":[7.5,19.0,1.5],"to":[9.0,19.5,4.5],"faces":{"down":{"texture":"#0"},"west":{"uv":[1.5,12.5,4.5,13.0],"texture":"#0"},"east":{"uv":[11.5,12.5,14.5,13.0],"texture":"#0"}}},{"from":[7.5,20.5,0.0],"to":[9.0,21.0,1.0],"faces":{"up":{"texture":"#1"},"west":{"uv":[0.0,11.0,1.0,11.5],"texture":"#1"},"east":{"uv":[15.0,11.0,16.0,11.5],"texture":"#1"}}},{"from":[8.0,18.0,0.0],"to":[8.5,18.5,2.0],"faces":{"down":{"texture":"#0"},"south":{"uv":[8.0,13.5,8.5,14.0],"texture":"#0"},"west":{"uv":[0.0,13.5,2.0,14.0],"texture":"#0"},"east":{"uv":[14.0,13.5,16.0,14.0],"texture":"#0"}}},{"from":[7.0,19.0,0.0],"to":[9.5,20.5,1.5],"faces":{"down":{"texture":"#1"},"up":{"texture":"#1"},"north":{"uv":[6.5,11.5,9.0,13.0],"texture":"#1"},"south":{"uv":[7.0,11.5,9.5,13.0],"texture":"#1"},"west":{"uv":[0.0,11.5,1.5,13.0],"texture":"#1"},"east":{"uv":[14.5,11.5,16.0,13.0],"texture":"#1"}}},{"from":[7.5,20.5,1.0],"to":[9.0,21.0,2.0],"faces":{"down":{"texture":"#1"},"up":{"texture":"#1"},"west":{"uv":[1.0,11.0,2.0,11.5],"texture":"#1"},"east":{"uv":[14.0,11.0,15.0,11.5],"texture":"#1"}}},{"from":[7.0,19.5,1.5],"to":[9.5,20.5,4.5],"faces":{"down":{"texture":"#1"},"up":{"texture":"#1"},"west":{"uv":[1.5,11.5,4.5,12.5],"texture":"#1"},"east":{"uv":[11.5,11.5,14.5,12.5],"texture":"#1"}}},{"from":[7.5,20.5,2.0],"to":[9.0,21.5,4.0],"faces":{"up":{"texture":"#1"},"north":{"uv":[7.0,10.5,8.5,11.5],"texture":"#1"},"south":{"uv":[7.5,10.5,9.0,11.5],"texture":"#1"},"west":{"uv":[2.0,10.5,4.0,11.5],"texture":"#1"},"east":{"uv":[12.0,10.5,14.0,11.5],"texture":"#1"}}},{"from":[8.0,22.0,6.0],"to":[8.5,22.5,6.5],"faces":{"up":{"texture":"#0"},"south":{"uv":[8.0,9.5,8.5,10.0],"texture":"#0"},"west":{"uv":[6.0,9.5,6.5,10.0],"texture":"#0"},"east":{"uv":[9.5,9.5,10.0,10.0],"texture":"#0"}}},{"from":[8.0,18.5,2.0],"to":[8.5,19.0,4.5],"faces":{"down":{"texture":"#0"},"west":{"uv":[2.0,13.0,4.5,13.5],"texture":"#0"},"east":{"uv":[11.5,13.0,14.0,13.5],"texture":"#0"}}},{"from":[7.0,20.5,2.5],"to":[9.5,21.0,4.5],"faces":{"up":{"texture":"#1"},"north":{"uv":[6.5,11.0,9.0,11.5],"texture":"#1"},"west":{"uv":[2.5,11.0,4.5,11.5],"texture":"#1"},"east":{"uv":[11.5,11.0,13.5,11.5],"texture":"#1"}}},{"from":[7.5,-2.5,4.0],"to":[9.0,-2.0,6.5],"faces":{"down":{"texture":"#0"},"up":{"texture":"#0"},"north":{"uv":[7.0,2.0,8.5,2.5],"texture":"#0"},"south":{"uv":[7.5,2.0,9.0,2.5],"texture":"#0"},"west":{"uv":[4.0,2.0,6.5,2.5],"texture":"#0"},"east":{"uv":[9.5,2.0,12.0,2.5],"texture":"#0"}}},{"from":[8.5,-2.0,5.5],"to":[9.0,-1.0,6.0],"faces":{"up":{"texture":"#0"},"south":{"uv":[8.5,1.0,9.0,2.0],"texture":"#0"},"east":{"uv":[10.0,1.0,10.5,2.0],"texture":"#0"}}},{"from":[8.5,-2.0,4.5],"to":[9.0,-1.0,5.0],"faces":{"up":{"texture":"#0"},"north":{"uv":[7.0,1.0,7.5,2.0],"texture":"#0"},"east":{"uv":[11.0,1.0,11.5,2.0],"texture":"#0"}}},{"from":[7.5,-2.0,4.5],"to":[8.0,-1.0,5.0],"faces":{"up":{"texture":"#0"},"north":{"uv":[8.0,1.0,8.5,2.0],"texture":"#0"},"west":{"uv":[4.5,1.0,5.0,2.0],"texture":"#0"}}},{"from":[7.5,-2.0,5.5],"to":[8.0,-1.0,6.0],"faces":{"up":{"texture":"#0"},"south":{"uv":[7.5,1.0,8.0,2.0],"texture":"#0"},"west":{"uv":[5.5,1.0,6.0,2.0],"texture":"#0"}}},{"from":[8.0,22.0,4.0],"to":[8.5,22.5,4.5],"faces":{"up":{"texture":"#0"},"north":{"uv":[7.5,9.5,8.0,10.0],"texture":"#0"},"west":{"uv":[4.0,9.5,4.5,10.0],"texture":"#0"},"east":{"uv":[11.5,9.5,12.0,10.0],"texture":"#0"}}},{"from":[7.5,21.5,3.0],"to":[9.0,22.0,7.5],"faces":{"up":{"texture":"#1"},"north":{"uv":[7.0,10.0,8.5,10.5],"texture":"#1"},"south":{"uv":[7.5,10.0,9.0,10.5],"texture":"#1"},"west":{"uv":[3.0,10.0,7.5,10.5],"texture":"#1"},"east":{"uv":[8.5,10.0,13.0,10.5],"texture":"#1"}}},{"from":[7.5,22.0,4.5],"to":[9.0,22.5,6.0],"faces":{"up":{"texture":"#0"},"north":{"uv":[7.0,9.5,8.5,10.0],"texture":"#0"},"south":{"uv":[7.5,9.5,9.0,10.0],"texture":"#0"},"west":{"uv":[4.5,9.5,6.0,10.0],"texture":"#0"},"east":{"uv":[10.0,9.5,11.5,10.0],"texture":"#0"}}},{"from":[8.0,19.0,15.0],"to":[8.5,19.5,16.0],"faces":{"up":{"uv":[8.0,0.4999943,8.5,1.499994],"texture":"#1"},"south":{"uv":[8.0,12.5,8.5,13.0],"texture":"#1"},"west":{"uv":[0.4999943,12.5,1.499994,13.0],"texture":"#1"},"east":{"uv":[14.50001,12.5,15.50001,13.0],"texture":"#1"}}}],"textures":{"0":"default/bedrock_pickaxe0","1":"default/bedrock_pickaxe1","2":"default/bedrock_pickaxe2"}}